campaign_id,title,description,approved,team_size,multichain,wallet_id,amount,timestamp,current_funding,previous_funding,transactions_per_minute,total_transactions,new_users,total_users,campaign_duration_hours
CAMP_0001,ZenSwap,ZenSwap is a decentralized platform built on Arbitrum that enables users to participate in governance through a staking mechanism. Our smart contracts have been designed to maximum transparency.,False,1,No,0x8bdf62e6d423ad9cabe45ad19f1c1cbc37b24c2b,116.6,2026-07-02 07:15:52.028155,116.6,0.0,0.0015,44,1,1,504
CAMP_0001,ZenSwap,ZenSwap is a decentralized platform built on Arbitrum that enables users to participate in governance through a staking mechanism. Our smart contracts have been designed to maximum transparency.,False,1,No,0xaddb7b9ac6f6b4fbd7f60fdcc8ddaf609a59e462,15.32,2026-07-02 08:15:52.028155,131.92,116.6,0.0015,44,1,2,504
CAMP_0001,ZenSwap,ZenSwap is a decentralized platform built on Arbitrum that enables users to participate in governance through a staking mechanism. Our smart contracts have been designed to maximum transparency.,False,1,No,0xfbbdddb0c63de18fdd553fe7b43bbc6fb2ff3ee6,21.78,2026-07-03 11:15:52.028155,153.7,131.92,0.0015,44,0,3,504
CAMP_0001,ZenSwap,ZenSwap is a decentralized platform built on Arbitrum that enables users to participate in governance through a staking mechanism. Our smart contracts have been designed to maximum transparency.,False,1,No,0xe3efdccc01ecea9ead6fabf6119a4d6facf28c7a,3.63,2026-07-03 21:15:52.028155,157.33,153.7,0.0015,44,1,4,504
CAMP_0001,ZenSwap,ZenSwap is a decentralized platform built on Arbitrum that enables users to participate in governance through a staking mechanism. Our smart contracts have been designed to maximum transparency.,False,1,No,0xa7d5efea4ad445d32eeedab0adafddafe64c1bab,10.45,2026-07-04 10:15:52.028155,167.78,157.33,0.0015,44,1,5,504
CAMP_0001,ZenSwap,ZenSwap is a decentralized platform built on Arbitrum that enables users to participate in governance through a staking mechanism. Our smart contracts have been designed to maximum transparency.,False,1,No,0x2b04dda11edc0e6fcaf8135c8d7a3ffbf19c7af8,22.95,2026-07-05 02:15:52.028155,190.73,167.78,0.0015,44,0,6,504
CAMP_0001,ZenSwap,ZenSwap is a decentralized platform built on Arbitrum that enables users to participate in governance through a staking mechanism. Our smart contracts have been designed to maximum transparency.,False,1,No,0xee590ba0eed05b6fe9875aec82bec8ed621fec5f,5.05,2026-07-05 14:15:52.028155,195.78,190.73,0.0015,44,1,7,504
CAMP_0001,ZenSwap,ZenSwap is a decentralized platform built on Arbitrum that enables users to participate in governance through a staking mechanism. Our smart contracts have been designed to maximum transparency.,False,1,No,0xc9378caef5cfea3b3faebe10ceea9c5f0b8dedaa,31.53,2026-07-05 17:15:52.028155,227.31,195.78,0.0015,44,0,8,504
CAMP_0001,ZenSwap,ZenSwap is a decentralized platform built on Arbitrum that enables users to participate in governance through a staking mechanism. Our smart contracts have been designed to maximum transparency.,False,1,No,0x7feccc86fad01defa92dd9fd1b683bcb31dd5e3a,9.77,2026-07-05 21:15:52.028155,237.08,227.31,0.0015,44,0,9,504
CAMP_0001,ZenSwap,ZenSwap is a decentralized platform built on Arbitrum that enables users to participate in governance through a staking mechanism. Our smart contracts have been designed to maximum transparency.,False,1,No,0x66cfa3b7cba74fc5b0afb8ecfa0bcdd9baf9e3af,14.15,2026-07-06 12:15:52.028155,251.23,237.08,0.0015,44,0,10,504
CAMP_0001,ZenSwap,ZenSwap is a decentralized platform built on Arbitrum that enables users to participate in governance through a staking mechanism. Our smart contracts have been designed to maximum transparency.,False,1,No,0xba6fe2f8b7ea4bb037aadb7d3fa67cbf6b8efcbf,9.76,2026-07-06 21:15:52.028155,260.99,251.23,0.0015,44,0,11,504
CAMP_0001,ZenSwap,ZenSwap is a decentralized platform built on Arbitrum that enables users to participate in governance through a staking mechanism. Our smart contracts have been designed to maximum transparency.,False,1,No,0xed0b860b3b41a89db46821c181bb22cae4da51b7,185.44,2026-07-07 16:15:52.028155,446.43,260.99,0.0015,44,0,12,504
CAMP_0001,ZenSwap,ZenSwap is a decentralized platform built on Arbitrum that enables users to participate in governance through a staking mechanism. Our smart contracts have been designed to maximum transparency.,False,1,No,0x6b3aaac22bc8c0fcf2ca6f97b9fb5bc7fd334417,19.76,2026-07-07 18:15:52.028155,466.19,446.43,0.0015,44,1,13,504
CAMP_0001,ZenSwap,ZenSwap is a decentralized platform built on Arbitrum that enables users to participate in governance through a staking mechanism. Our smart contracts have been designed to maximum transparency.,False,1,No,0x84fdd71da34fda1b6bc9f01b02beaed3ce03eae1,5.64,2026-07-08 03:15:52.028155,471.83,466.19,0.0015,44,0,14,504
CAMP_0001,ZenSwap,ZenSwap is a decentralized platform built on Arbitrum that enables users to participate in governance through a staking mechanism. Our smart contracts have been designed to maximum transparency.,False,1,No,0xecce250dce41ce683e6a2d29eae9a392a8e089ec,53.9,2026-07-08 12:15:52.028155,525.73,471.83,0.0015,44,0,15,504
CAMP_0001,ZenSwap,ZenSwap is a decentralized platform built on Arbitrum that enables users to participate in governance through a staking mechanism. Our smart contracts have been designed to maximum transparency.,False,1,No,0x12e6fedd7c37ff8de68bbecafbe97734ea431c2a,4.64,2026-07-09 06:15:52.028155,530.37,525.73,0.0015,44,0,16,504
CAMP_0001,ZenSwap,ZenSwap is a decentralized platform built on Arbitrum that enables users to participate in governance through a staking mechanism. Our smart contracts have been designed to maximum transparency.,False,1,No,0xdef31c67e138acd2dda0e3d3244ffa5651cc3796,25.81,2026-07-09 07:15:52.028155,556.18,530.37,0.0015,44,0,17,504
CAMP_0001,ZenSwap,ZenSwap is a decentralized platform built on Arbitrum that enables users to participate in governance through a staking mechanism. Our smart contracts have been designed to maximum transparency.,False,1,No,0x93edfdb3ace268819c62f6bbfd2adfafef6d6bf7,1.91,2026-07-09 10:15:52.028155,558.09,556.18,0.0015,44,0,18,504
CAMP_0001,ZenSwap,ZenSwap is a decentralized platform built on Arbitrum that enables users to participate in governance through a staking mechanism. Our smart contracts have been designed to maximum transparency.,False,1,No,0xfbbdddb0c63de18fdd553fe7b43bbc6fb2ff3ee6,4.08,2026-07-10 09:15:52.028155,562.17,558.09,0.0015,44,0,18,504
CAMP_0001,ZenSwap,ZenSwap is a decentralized platform built on Arbitrum that enables users to participate in governance through a staking mechanism. Our smart contracts have been designed to maximum transparency.,False,1,No,0x1dd8f804807c4ed5f728c3c66ad7df7d74ee85f2,25.44,2026-07-11 06:15:52.028155,587.61,562.17,0.0015,44,0,19,504
CAMP_0001,ZenSwap,ZenSwap is a decentralized platform built on Arbitrum that enables users to participate in governance through a staking mechanism. Our smart contracts have been designed to maximum transparency.,False,1,No,0xec58216ebfdbcffcaafaac021dfe56fb0c52ec1e,48.72,2026-07-11 23:15:52.028155,636.33,587.61,0.0015,44,0,20,504
CAMP_0001,ZenSwap,ZenSwap is a decentralized platform built on Arbitrum that enables users to participate in governance through a staking mechanism. Our smart contracts have been designed to maximum transparency.,False,1,No,0xdf42f13ca37ddbed3fc1cafdc6aa57cdd3c0f0aa,24.67,2026-07-12 04:15:52.028155,661.0,636.33,0.0015,44,0,21,504
CAMP_0001,ZenSwap,ZenSwap is a decentralized platform built on Arbitrum that enables users to participate in governance through a staking mechanism. Our smart contracts have been designed to maximum transparency.,False,1,No,0xaddb7b9ac6f6b4fbd7f60fdcc8ddaf609a59e462,17.48,2026-07-12 17:15:52.028155,678.48,661.0,0.0015,44,0,21,504
CAMP_0001,ZenSwap,ZenSwap is a decentralized platform built on Arbitrum that enables users to participate in governance through a staking mechanism. Our smart contracts have been designed to maximum transparency.,False,1,No,0xfcbfb6cc8f1bad977ce502df4ce3b7eaad86d33b,13.99,2026-07-12 17:15:52.028155,692.47,678.48,0.0015,44,1,22,504
CAMP_0001,ZenSwap,ZenSwap is a decentralized platform built on Arbitrum that enables users to participate in governance through a staking mechanism. Our smart contracts have been designed to maximum transparency.,False,1,No,0xb8f3ffaf04c7d5c5ad8a4f8c632c5255983f3b3a,3.41,2026-07-12 23:15:52.028155,695.88,692.47,0.0015,44,0,23,504
CAMP_0001,ZenSwap,ZenSwap is a decentralized platform built on Arbitrum that enables users to participate in governance through a staking mechanism. Our smart contracts have been designed to maximum transparency.,False,1,No,0xce26dfad999ede6b24ad5c55f7fabdf8ca340a05,8.47,2026-07-13 16:15:52.028155,704.35,695.88,0.0015,44,0,24,504
CAMP_0001,ZenSwap,ZenSwap is a decentralized platform built on Arbitrum that enables users to participate in governance through a staking mechanism. Our smart contracts have been designed to maximum transparency.,False,1,No,0x6b7f65cfe2fbefd2d5fcaeac599dd2b6e8e70baa,11.56,2026-07-14 07:15:52.028155,715.91,704.35,0.0015,44,0,25,504
CAMP_0001,ZenSwap,ZenSwap is a decentralized platform built on Arbitrum that enables users to participate in governance through a staking mechanism. Our smart contracts have been designed to maximum transparency.,False,1,No,0xc59d3eee5fdcbea9cbbb0ebace7f8df1bf1aae30,71.42,2026-07-14 12:15:52.028155,787.33,715.91,0.0015,44,0,26,504
CAMP_0001,ZenSwap,ZenSwap is a decentralized platform built on Arbitrum that enables users to participate in governance through a staking mechanism. Our smart contracts have been designed to maximum transparency.,False,1,No,0xe33109d65ff9febdee9bedc136ac62ffeba10975,30.34,2026-07-15 05:15:52.028155,817.67,787.33,0.0015,44,0,27,504
CAMP_0001,ZenSwap,ZenSwap is a decentralized platform built on Arbitrum that enables users to participate in governance through a staking mechanism. Our smart contracts have been designed to maximum transparency.,False,1,No,0xada4ce9f2fd53cc2fea2cafb6cf5c8ebdd6b9ebc,2.42,2026-07-15 18:15:52.028155,820.09,817.67,0.0015,44,0,28,504
CAMP_0001,ZenSwap,ZenSwap is a decentralized platform built on Arbitrum that enables users to participate in governance through a staking mechanism. Our smart contracts have been designed to maximum transparency.,False,1,No,0xc5cd84fb212db918fbfc0feb5e299ed5b3ed6ed3,29.63,2026-07-15 19:15:52.028155,849.72,820.09,0.0015,44,0,29,504
CAMP_0001,ZenSwap,ZenSwap is a decentralized platform built on Arbitrum that enables users to participate in governance through a staking mechanism. Our smart contracts have been designed to maximum transparency.,False,1,No,0xc9378caef5cfea3b3faebe10ceea9c5f0b8dedaa,12.65,2026-07-15 23:15:52.028155,862.37,849.72,0.0015,44,0,29,504
CAMP_0001,ZenSwap,ZenSwap is a decentralized platform built on Arbitrum that enables users to participate in governance through a staking mechanism. Our smart contracts have been designed to maximum transparency.,False,1,No,0xec58216ebfdbcffcaafaac021dfe56fb0c52ec1e,8.91,2026-07-16 10:15:52.028155,871.28,862.37,0.0015,44,0,29,504
CAMP_0001,ZenSwap,ZenSwap is a decentralized platform built on Arbitrum that enables users to participate in governance through a staking mechanism. Our smart contracts have been designed to maximum transparency.,False,1,No,0x66cfa3b7cba74fc5b0afb8ecfa0bcdd9baf9e3af,41.85,2026-07-16 23:15:52.028155,913.13,871.28,0.0015,44,0,29,504
CAMP_0001,ZenSwap,ZenSwap is a decentralized platform built on Arbitrum that enables users to participate in governance through a staking mechanism. Our smart contracts have been designed to maximum transparency.,False,1,No,0x01bbdb9f1bd66b4bb8dce1fac1199d6aa2ff3ebb,69.21,2026-07-17 12:15:52.028155,982.34,913.13,0.0015,44,0,30,504
CAMP_0001,ZenSwap,ZenSwap is a decentralized platform built on Arbitrum that enables users to participate in governance through a staking mechanism. Our smart contracts have been designed to maximum transparency.,False,1,No,0x73c8867fd1a9fb6bf9d3c14adf1fa19e9cfa348c,61.41,2026-07-18 16:15:52.028155,1043.75,982.34,0.0015,44,0,31,504
CAMP_0001,ZenSwap,ZenSwap is a decentralized platform built on Arbitrum that enables users to participate in governance through a staking mechanism. Our smart contracts have been designed to maximum transparency.,False,1,No,0xc26b798ad063df0d75aed0b66af2d2f9c59e44ca,7.34,2026-07-19 22:15:52.028155,1051.09,1043.75,0.0015,44,0,32,504
CAMP_0001,ZenSwap,ZenSwap is a decentralized platform built on Arbitrum that enables users to participate in governance through a staking mechanism. Our smart contracts have been designed to maximum transparency.,False,1,No,0xbebe1da1d6f26fadbd6fb279e61d5ee97e7dfc96,13.86,2026-07-20 13:15:52.028155,1064.95,1051.09,0.0015,44,0,33,504
CAMP_0001,ZenSwap,ZenSwap is a decentralized platform built on Arbitrum that enables users to participate in governance through a staking mechanism. Our smart contracts have been designed to maximum transparency.,False,1,No,0x2fbf7842caeed0b52c1a44d73d0c3253e00b5731,29.89,2026-07-20 14:15:52.028155,1094.84,1064.95,0.0015,44,0,34,504
CAMP_0001,ZenSwap,ZenSwap is a decentralized platform built on Arbitrum that enables users to participate in governance through a staking mechanism. Our smart contracts have been designed to maximum transparency.,False,1,No,0xbe19f2a0ce8eda4f7ed1cbfee3d3ef8aefed0c2f,64.76,2026-07-20 18:15:52.028155,1159.6,1094.84,0.0015,44,0,35,504
CAMP_0001,ZenSwap,ZenSwap is a decentralized platform built on Arbitrum that enables users to participate in governance through a staking mechanism. Our smart contracts have been designed to maximum transparency.,False,1,No,0x4dd42d7362b00bad8132defd1efb25fbab94f72d,11.3,2026-07-20 21:15:52.028155,1170.9,1159.6,0.0015,44,0,36,504
CAMP_0001,ZenSwap,ZenSwap is a decentralized platform built on Arbitrum that enables users to participate in governance through a staking mechanism. Our smart contracts have been designed to maximum transparency.,False,1,No,0xe33109d65ff9febdee9bedc136ac62ffeba10975,16.07,2026-07-21 05:15:52.028155,1186.97,1170.9,0.0015,44,0,36,504
CAMP_0001,ZenSwap,ZenSwap is a decentralized platform built on Arbitrum that enables users to participate in governance through a staking mechanism. Our smart contracts have been designed to maximum transparency.,False,1,No,0xada4ce9f2fd53cc2fea2cafb6cf5c8ebdd6b9ebc,5.32,2026-07-21 06:15:52.028155,1192.29,1186.97,0.0015,44,0,36,504
CAMP_0001,ZenSwap,ZenSwap is a decentralized platform built on Arbitrum that enables users to participate in governance through a staking mechanism. Our smart contracts have been designed to maximum transparency.,False,1,No,0xa7d5efea4ad445d32eeedab0adafddafe64c1bab,4.78,2026-07-21 22:15:52.028155,1197.07,1192.29,0.0015,44,0,36,504
CAMP_0002,VaultNetwork,"VaultNetwork aims to solve liquidity fragmentation in the Web3 ecosystem by providing a innovative solution for small businesses. Built on Polygon, we focus on faster settlement times.",False,3,No,0xdfbd0a7ebdb5b2dc4ba6b5047df6e8fbe2f3f529,3.66,2026-07-08 15:15:52.030219,3.66,0.0,0.0011,22,1,1,336
CAMP_0002,VaultNetwork,"VaultNetwork aims to solve liquidity fragmentation in the Web3 ecosystem by providing a innovative solution for small businesses. Built on Polygon, we focus on faster settlement times.",False,3,No,0xe33109d65ff9febdee9bedc136ac62ffeba10975,25.24,2026-07-09 01:15:52.030219,28.9,3.66,0.0011,22,0,2,336
CAMP_0002,VaultNetwork,"VaultNetwork aims to solve liquidity fragmentation in the Web3 ecosystem by providing a innovative solution for small businesses. Built on Polygon, we focus on faster settlement times.",False,3,No,0xc71e6d9f70d7f6fe1e7bee3db01b88cdee8acb8e,23.64,2026-07-09 21:15:52.030219,52.54,28.9,0.0011,22,0,3,336
CAMP_0002,VaultNetwork,"VaultNetwork aims to solve liquidity fragmentation in the Web3 ecosystem by providing a innovative solution for small businesses. Built on Polygon, we focus on faster settlement times.",False,3,No,0xa6db8c5f0ebfae81e76cf6688629eedd6c069cea,41.67,2026-07-10 04:15:52.030219,94.21,52.54,0.0011,22,0,4,336
CAMP_0002,VaultNetwork,"VaultNetwork aims to solve liquidity fragmentation in the Web3 ecosystem by providing a innovative solution for small businesses. Built on Polygon, we focus on faster settlement times.",False,3,No,0x2a2dcdbeb80b5bb8caaf22a5c6d84fbc20ef673e,46.8,2026-07-10 14:15:52.030219,141.01,94.21,0.0011,22,0,5,336
CAMP_0002,VaultNetwork,"VaultNetwork aims to solve liquidity fragmentation in the Web3 ecosystem by providing a innovative solution for small businesses. Built on Polygon, we focus on faster settlement times.",False,3,No,0xd4a2ccebf58d1e4ad1b1ce98fc5016ef2fb4b5d3,30.97,2026-07-11 01:15:52.030219,171.98,141.01,0.0011,22,1,6,336
CAMP_0002,VaultNetwork,"VaultNetwork aims to solve liquidity fragmentation in the Web3 ecosystem by providing a innovative solution for small businesses. Built on Polygon, we focus on faster settlement times.",False,3,No,0xe1e977d06fdf930b48ac21eedc0f2904b4b5aa3f,3.45,2026-07-12 10:15:52.030219,175.43,171.98,0.0011,22,1,7,336
CAMP_0002,VaultNetwork,"VaultNetwork aims to solve liquidity fragmentation in the Web3 ecosystem by providing a innovative solution for small businesses. Built on Polygon, we focus on faster settlement times.",False,3,No,0x84fdd71da34fda1b6bc9f01b02beaed3ce03eae1,58.62,2026-07-12 15:15:52.030219,234.05,175.43,0.0011,22,0,8,336
CAMP_0002,VaultNetwork,"VaultNetwork aims to solve liquidity fragmentation in the Web3 ecosystem by providing a innovative solution for small businesses. Built on Polygon, we focus on faster settlement times.",False,3,No,0xc5cb86773b2bd7acb534dae3baaa9ecdddd31966,17.7,2026-07-13 21:15:52.030219,251.75,234.05,0.0011,22,0,9,336
CAMP_0002,VaultNetwork,"VaultNetwork aims to solve liquidity fragmentation in the Web3 ecosystem by providing a innovative solution for small businesses. Built on Polygon, we focus on faster settlement times.",False,3,No,0xf0eef9ec752e8baac47f3cec022946402eeceef2,6.38,2026-07-15 21:15:52.030219,258.13,251.75,0.0011,22,0,10,336
CAMP_0002,VaultNetwork,"VaultNetwork aims to solve liquidity fragmentation in the Web3 ecosystem by providing a innovative solution for small businesses. Built on Polygon, we focus on faster settlement times.",False,3,No,0x9579929e83e1c22abccc727eadffd7c4e42c8acb,12.21,2026-07-17 01:15:52.030219,270.34,258.13,0.0011,22,0,11,336
CAMP_0002,VaultNetwork,"VaultNetwork aims to solve liquidity fragmentation in the Web3 ecosystem by providing a innovative solution for small businesses. Built on Polygon, we focus on faster settlement times.",False,3,No,0xc9378caef5cfea3b3faebe10ceea9c5f0b8dedaa,3.75,2026-07-17 08:15:52.030219,274.09,270.34,0.0011,22,0,12,336
CAMP_0002,VaultNetwork,"VaultNetwork aims to solve liquidity fragmentation in the Web3 ecosystem by providing a innovative solution for small businesses. Built on Polygon, we focus on faster settlement times.",False,3,No,0xf7ebeae4032ec4fa3da2cf206ef8f1fd2acd2fb7,13.29,2026-07-17 12:15:52.030219,287.38,274.09,0.0011,22,0,13,336
CAMP_0002,VaultNetwork,"VaultNetwork aims to solve liquidity fragmentation in the Web3 ecosystem by providing a innovative solution for small businesses. Built on Polygon, we focus on faster settlement times.",False,3,No,0xaddb7b9ac6f6b4fbd7f60fdcc8ddaf609a59e462,49.45,2026-07-17 16:15:52.030219,336.83,287.38,0.0011,22,0,14,336
CAMP_0002,VaultNetwork,"VaultNetwork aims to solve liquidity fragmentation in the Web3 ecosystem by providing a innovative solution for small businesses. Built on Polygon, we focus on faster settlement times.",False,3,No,0xa3e0e697ba0ae3ba2dfd74e7b72ad84aad3ea83f,13.56,2026-07-17 21:15:52.030219,350.39,336.83,0.0011,22,0,15,336
CAMP_0002,VaultNetwork,"VaultNetwork aims to solve liquidity fragmentation in the Web3 ecosystem by providing a innovative solution for small businesses. Built on Polygon, we focus on faster settlement times.",False,3,No,0xdf42f13ca37ddbed3fc1cafdc6aa57cdd3c0f0aa,7.14,2026-07-18 01:15:52.030219,357.53,350.39,0.0011,22,0,16,336
CAMP_0002,VaultNetwork,"VaultNetwork aims to solve liquidity fragmentation in the Web3 ecosystem by providing a innovative solution for small businesses. Built on Polygon, we focus on faster settlement times.",False,3,No,0xc9378caef5cfea3b3faebe10ceea9c5f0b8dedaa,14.73,2026-07-18 01:15:52.030219,372.26,357.53,0.0011,22,0,16,336
CAMP_0002,VaultNetwork,"VaultNetwork aims to solve liquidity fragmentation in the Web3 ecosystem by providing a innovative solution for small businesses. Built on Polygon, we focus on faster settlement times.",False,3,No,0xecce250dce41ce683e6a2d29eae9a392a8e089ec,34.92,2026-07-18 07:15:52.030219,407.18,372.26,0.0011,22,0,17,336
CAMP_0002,VaultNetwork,"VaultNetwork aims to solve liquidity fragmentation in the Web3 ecosystem by providing a innovative solution for small businesses. Built on Polygon, we focus on faster settlement times.",False,3,No,0xdef31c67e138acd2dda0e3d3244ffa5651cc3796,3.98,2026-07-18 11:15:52.030219,411.16,407.18,0.0011,22,0,18,336
CAMP_0002,VaultNetwork,"VaultNetwork aims to solve liquidity fragmentation in the Web3 ecosystem by providing a innovative solution for small businesses. Built on Polygon, we focus on faster settlement times.",False,3,No,0x965089c83a88595aebf6ab9c46ed5d401b425ff5,5.91,2026-07-19 01:15:52.030219,417.07,411.16,0.0011,22,0,19,336
CAMP_0002,VaultNetwork,"VaultNetwork aims to solve liquidity fragmentation in the Web3 ecosystem by providing a innovative solution for small businesses. Built on Polygon, we focus on faster settlement times.",False,3,No,0x3bafdb1ba6040ebfb5a47bd728dad8faaebbf1dc,23.39,2026-07-19 03:15:52.030219,440.46,417.07,0.0011,22,0,20,336
CAMP_0002,VaultNetwork,"VaultNetwork aims to solve liquidity fragmentation in the Web3 ecosystem by providing a innovative solution for small businesses. Built on Polygon, we focus on faster settlement times.",False,3,No,0x60a4e70edce31bf255f6a2306b6a2a1ce379dd2b,4.48,2026-07-20 05:15:52.030219,444.94,440.46,0.0011,22,0,21,336
CAMP_0003,BlockProtocol,"BlockProtocol aims to solve inefficient governance in the Web3 ecosystem by providing a innovative solution for small businesses. Built on BNB Chain, we focus on lower transaction costs.",False,1,No,0x9579929e83e1c22abccc727eadffd7c4e42c8acb,47.55,2026-06-07 12:15:52.031267,47.55,0.0,0.0005,33,1,1,1080
CAMP_0003,BlockProtocol,"BlockProtocol aims to solve inefficient governance in the Web3 ecosystem by providing a innovative solution for small businesses. Built on BNB Chain, we focus on lower transaction costs.",False,1,No,0x5c986ea9ba8c567facea9f3487cff3f023e91410,6.41,2026-06-12 03:15:52.031267,53.96,47.55,0.0005,33,0,2,1080
CAMP_0003,BlockProtocol,"BlockProtocol aims to solve inefficient governance in the Web3 ecosystem by providing a innovative solution for small businesses. Built on BNB Chain, we focus on lower transaction costs.",False,1,No,0xfcf2dadca941eac81d13c6f2adb4b99cf6ddae44,10.56,2026-06-12 13:15:52.031267,64.52,53.96,0.0005,33,0,3,1080
CAMP_0003,BlockProtocol,"BlockProtocol aims to solve inefficient governance in the Web3 ecosystem by providing a innovative solution for small businesses. Built on BNB Chain, we focus on lower transaction costs.",False,1,No,0x2cbda3dff00d2cbf97ce046b6b70f7fd0377eebe,74.88,2026-06-13 10:15:52.031267,139.4,64.52,0.0005,33,0,4,1080
CAMP_0003,BlockProtocol,"BlockProtocol aims to solve inefficient governance in the Web3 ecosystem by providing a innovative solution for small businesses. Built on BNB Chain, we focus on lower transaction costs.",False,1,No,0xaf7fa6efc3cd9fad3c68c921ec4e60b9e1b46ded,33.57,2026-06-15 05:15:52.031267,172.97,139.4,0.0005,33,0,5,1080
CAMP_0003,BlockProtocol,"BlockProtocol aims to solve inefficient governance in the Web3 ecosystem by providing a innovative solution for small businesses. Built on BNB Chain, we focus on lower transaction costs.",False,1,No,0xae71b4945c7cca7f12ba2c90f4f2e3e6e58d386f,1.04,2026-06-15 16:15:52.031267,174.01,172.97,0.0005,33,0,6,1080
CAMP_0003,BlockProtocol,"BlockProtocol aims to solve inefficient governance in the Web3 ecosystem by providing a innovative solution for small businesses. Built on BNB Chain, we focus on lower transaction costs.",False,1,No,0xdfbdbed2a3ffb29f9fdc5ee18876adbdb993caee,35.82,2026-06-15 21:15:52.031267,209.83,174.01,0.0005,33,0,7,1080
CAMP_0003,BlockProtocol,"BlockProtocol aims to solve inefficient governance in the Web3 ecosystem by providing a innovative solution for small businesses. Built on BNB Chain, we focus on lower transaction costs.",False,1,No,0x6b3aaac22bc8c0fcf2ca6f97b9fb5bc7fd334417,61.05,2026-06-16 14:15:52.031267,270.88,209.83,0.0005,33,0,8,1080
CAMP_0003,BlockProtocol,"BlockProtocol aims to solve inefficient governance in the Web3 ecosystem by providing a innovative solution for small businesses. Built on BNB Chain, we focus on lower transaction costs.",False,1,No,0xa92e7aed33873f976f78a9fdc4ae5f98ffdbf664,7.35,2026-06-17 17:15:52.031267,278.23,270.88,0.0005,33,0,9,1080
CAMP_0003,BlockProtocol,"BlockProtocol aims to solve inefficient governance in the Web3 ecosystem by providing a innovative solution for small businesses. Built on BNB Chain, we focus on lower transaction costs.",False,1,No,0x8bdf62e6d423ad9cabe45ad19f1c1cbc37b24c2b,45.27,2026-06-19 02:15:52.031267,323.5,278.23,0.0005,33,0,10,1080
CAMP_0003,BlockProtocol,"BlockProtocol aims to solve inefficient governance in the Web3 ecosystem by providing a innovative solution for small businesses. Built on BNB Chain, we focus on lower transaction costs.",False,1,No,0xb5a1ff2edbf8f122c1c9f556bfa6514bc33a8bf4,189.95,2026-06-19 16:15:52.031267,513.45,323.5,0.0005,33,0,11,1080
CAMP_0003,BlockProtocol,"BlockProtocol aims to solve inefficient governance in the Web3 ecosystem by providing a innovative solution for small businesses. Built on BNB Chain, we focus on lower transaction costs.",False,1,No,0xdfbdbed2a3ffb29f9fdc5ee18876adbdb993caee,32.32,2026-06-23 11:15:52.031267,545.77,513.45,0.0005,33,0,11,1080
CAMP_0003,BlockProtocol,"BlockProtocol aims to solve inefficient governance in the Web3 ecosystem by providing a innovative solution for small businesses. Built on BNB Chain, we focus on lower transaction costs.",False,1,No,0x2aee8ff0def4ce3a5f3d1fed95515208afda8c2a,9.48,2026-06-24 03:15:52.031267,555.25,545.77,0.0005,33,0,12,1080
CAMP_0003,BlockProtocol,"BlockProtocol aims to solve inefficient governance in the Web3 ecosystem by providing a innovative solution for small businesses. Built on BNB Chain, we focus on lower transaction costs.",False,1,No,0x2b04dda11edc0e6fcaf8135c8d7a3ffbf19c7af8,10.73,2026-06-25 20:15:52.031267,565.98,555.25,0.0005,33,0,13,1080
CAMP_0003,BlockProtocol,"BlockProtocol aims to solve inefficient governance in the Web3 ecosystem by providing a innovative solution for small businesses. Built on BNB Chain, we focus on lower transaction costs.",False,1,No,0xf0afbbcfc3ddc3e0e2063f9beda1347eb63e77af,20.4,2026-06-26 18:15:52.031267,586.38,565.98,0.0005,33,0,14,1080
CAMP_0003,BlockProtocol,"BlockProtocol aims to solve inefficient governance in the Web3 ecosystem by providing a innovative solution for small businesses. Built on BNB Chain, we focus on lower transaction costs.",False,1,No,0x6d2c0ec7afb59ff3dddcbe67bb98560bc7a0eea0,31.61,2026-06-30 22:15:52.031267,617.99,586.38,0.0005,33,0,15,1080
CAMP_0003,BlockProtocol,"BlockProtocol aims to solve inefficient governance in the Web3 ecosystem by providing a innovative solution for small businesses. Built on BNB Chain, we focus on lower transaction costs.",False,1,No,0x807ace9acd44907e83a2d08c0e2a1847a8ac510b,21.66,2026-07-02 19:15:52.031267,639.65,617.99,0.0005,33,0,16,1080
CAMP_0003,BlockProtocol,"BlockProtocol aims to solve inefficient governance in the Web3 ecosystem by providing a innovative solution for small businesses. Built on BNB Chain, we focus on lower transaction costs.",False,1,No,0x2aee8ff0def4ce3a5f3d1fed95515208afda8c2a,36.67,2026-07-04 04:15:52.031267,676.32,639.65,0.0005,33,0,16,1080
CAMP_0003,BlockProtocol,"BlockProtocol aims to solve inefficient governance in the Web3 ecosystem by providing a innovative solution for small businesses. Built on BNB Chain, we focus on lower transaction costs.",False,1,No,0x58b82cdceceaf96fcb9ad5efb1fa8befbb7dbe1a,16.84,2026-07-04 22:15:52.031267,693.16,676.32,0.0005,33,0,17,1080
CAMP_0003,BlockProtocol,"BlockProtocol aims to solve inefficient governance in the Web3 ecosystem by providing a innovative solution for small businesses. Built on BNB Chain, we focus on lower transaction costs.",False,1,No,0x518bd3bfe1a6c7c04c6dadaa4da50957cde0ecf2,24.95,2026-07-05 02:15:52.031267,718.11,693.16,0.0005,33,0,18,1080
CAMP_0003,BlockProtocol,"BlockProtocol aims to solve inefficient governance in the Web3 ecosystem by providing a innovative solution for small businesses. Built on BNB Chain, we focus on lower transaction costs.",False,1,No,0x3a76bfab7ce1b1a4cbc2a5a9a0aabfae67d0eb5e,63.93,2026-07-05 22:15:52.031267,782.04,718.11,0.0005,33,1,19,1080
CAMP_0003,BlockProtocol,"BlockProtocol aims to solve inefficient governance in the Web3 ecosystem by providing a innovative solution for small businesses. Built on BNB Chain, we focus on lower transaction costs.",False,1,No,0xec58216ebfdbcffcaafaac021dfe56fb0c52ec1e,5.6,2026-07-06 13:15:52.031267,787.64,782.04,0.0005,33,0,20,1080
CAMP_0003,BlockProtocol,"BlockProtocol aims to solve inefficient governance in the Web3 ecosystem by providing a innovative solution for small businesses. Built on BNB Chain, we focus on lower transaction costs.",False,1,No,0xaddb7b9ac6f6b4fbd7f60fdcc8ddaf609a59e462,22.88,2026-07-07 20:15:52.031267,810.52,787.64,0.0005,33,0,21,1080
CAMP_0003,BlockProtocol,"BlockProtocol aims to solve inefficient governance in the Web3 ecosystem by providing a innovative solution for small businesses. Built on BNB Chain, we focus on lower transaction costs.",False,1,No,0xcd07a283cab399e596a9b6bac8efa68bfbb35edc,22.8,2026-07-08 18:15:52.031267,833.32,810.52,0.0005,33,0,22,1080
CAMP_0003,BlockProtocol,"BlockProtocol aims to solve inefficient governance in the Web3 ecosystem by providing a innovative solution for small businesses. Built on BNB Chain, we focus on lower transaction costs.",False,1,No,0x6b3aaac22bc8c0fcf2ca6f97b9fb5bc7fd334417,60.63,2026-07-09 06:15:52.031267,893.95,833.32,0.0005,33,0,22,1080
CAMP_0003,BlockProtocol,"BlockProtocol aims to solve inefficient governance in the Web3 ecosystem by providing a innovative solution for small businesses. Built on BNB Chain, we focus on lower transaction costs.",False,1,No,0xaf7fa6efc3cd9fad3c68c921ec4e60b9e1b46ded,15.3,2026-07-09 09:15:52.031267,909.25,893.95,0.0005,33,0,22,1080
CAMP_0003,BlockProtocol,"BlockProtocol aims to solve inefficient governance in the Web3 ecosystem by providing a innovative solution for small businesses. Built on BNB Chain, we focus on lower transaction costs.",False,1,No,0x5ef0a24e0fbf9218a26d3ba2f3b0e9fd39fc12ac,43.98,2026-07-12 06:15:52.031267,953.23,909.25,0.0005,33,0,23,1080
CAMP_0003,BlockProtocol,"BlockProtocol aims to solve inefficient governance in the Web3 ecosystem by providing a innovative solution for small businesses. Built on BNB Chain, we focus on lower transaction costs.",False,1,No,0x2360db4773f651d792ae2193ddcfd6bfebfaa2be,75.43,2026-07-13 01:15:52.031267,1028.66,953.23,0.0005,33,0,24,1080
CAMP_0003,BlockProtocol,"BlockProtocol aims to solve inefficient governance in the Web3 ecosystem by providing a innovative solution for small businesses. Built on BNB Chain, we focus on lower transaction costs.",False,1,No,0x9b5fabc713e3afa59e4a7ea2386aab8fa3d0e9ef,2.18,2026-07-14 06:15:52.031267,1030.84,1028.66,0.0005,33,1,25,1080
CAMP_0003,BlockProtocol,"BlockProtocol aims to solve inefficient governance in the Web3 ecosystem by providing a innovative solution for small businesses. Built on BNB Chain, we focus on lower transaction costs.",False,1,No,0xce26dfad999ede6b24ad5c55f7fabdf8ca340a05,81.64,2026-07-17 02:15:52.031267,1112.48,1030.84,0.0005,33,0,26,1080
CAMP_0003,BlockProtocol,"BlockProtocol aims to solve inefficient governance in the Web3 ecosystem by providing a innovative solution for small businesses. Built on BNB Chain, we focus on lower transaction costs.",False,1,No,0x0a031ed9baf4eb9ed03aedb7052b27ab4ae64bff,6.16,2026-07-17 05:15:52.031267,1118.64,1112.48,0.0005,33,0,27,1080
CAMP_0003,BlockProtocol,"BlockProtocol aims to solve inefficient governance in the Web3 ecosystem by providing a innovative solution for small businesses. Built on BNB Chain, we focus on lower transaction costs.",False,1,No,0xb06fa7e9ee1dbf13fda620675249c8072d78681d,5.4,2026-07-18 08:15:52.031267,1124.04,1118.64,0.0005,33,0,28,1080
CAMP_0003,BlockProtocol,"BlockProtocol aims to solve inefficient governance in the Web3 ecosystem by providing a innovative solution for small businesses. Built on BNB Chain, we focus on lower transaction costs.",False,1,No,0xf1561526d8845eed3a38fecfcb50654ed6e8ea55,1.0,2026-07-22 07:15:52.031267,1125.04,1124.04,0.0005,33,0,29,1080
CAMP_0004,FluxLabs,FluxLabs is a community-driven initiative that helps DeFi users earn yield on deposits using blockchain technology. Our smart contract automation ensures maximum transparency for all participants.,False,15,No,0x96eae08d0643570a38fbcb1c00ecccf9207bdce1,7.66,2026-07-04 06:15:52.032266,7.66,0.0,0.0005,14,1,1,504
CAMP_0004,FluxLabs,FluxLabs is a community-driven initiative that helps DeFi users earn yield on deposits using blockchain technology. Our smart contract automation ensures maximum transparency for all participants.,False,15,No,0xc5cb86773b2bd7acb534dae3baaa9ecdddd31966,33.17,2026-07-07 01:15:52.032266,40.83,7.66,0.0005,14,1,2,504
CAMP_0004,FluxLabs,FluxLabs is a community-driven initiative that helps DeFi users earn yield on deposits using blockchain technology. Our smart contract automation ensures maximum transparency for all participants.,False,15,No,0xaddb7b9ac6f6b4fbd7f60fdcc8ddaf609a59e462,2.09,2026-07-08 03:15:52.032266,42.92,40.83,0.0005,14,1,3,504
CAMP_0004,FluxLabs,FluxLabs is a community-driven initiative that helps DeFi users earn yield on deposits using blockchain technology. Our smart contract automation ensures maximum transparency for all participants.,False,15,No,0xbf6d12264fb9384dfefca3691703bfbaf9ca10a6,307.36,2026-07-09 13:15:52.032266,350.28,42.92,0.0005,14,0,4,504
CAMP_0004,FluxLabs,FluxLabs is a community-driven initiative that helps DeFi users earn yield on deposits using blockchain technology. Our smart contract automation ensures maximum transparency for all participants.,False,15,No,0x2cc6a6d39e49701b5f80eceb36cf3f9015ccfb26,23.96,2026-07-12 23:15:52.032266,374.24,350.28,0.0005,14,1,5,504
CAMP_0004,FluxLabs,FluxLabs is a community-driven initiative that helps DeFi users earn yield on deposits using blockchain technology. Our smart contract automation ensures maximum transparency for all participants.,False,15,No,0xae71b4945c7cca7f12ba2c90f4f2e3e6e58d386f,38.38,2026-07-13 11:15:52.032266,412.62,374.24,0.0005,14,0,6,504
CAMP_0004,FluxLabs,FluxLabs is a community-driven initiative that helps DeFi users earn yield on deposits using blockchain technology. Our smart contract automation ensures maximum transparency for all participants.,False,15,No,0x2aee8ff0def4ce3a5f3d1fed95515208afda8c2a,3.33,2026-07-14 02:15:52.032266,415.95,412.62,0.0005,14,0,7,504
CAMP_0004,FluxLabs,FluxLabs is a community-driven initiative that helps DeFi users earn yield on deposits using blockchain technology. Our smart contract automation ensures maximum transparency for all participants.,False,15,No,0xa92e7aed33873f976f78a9fdc4ae5f98ffdbf664,19.81,2026-07-17 10:15:52.032266,435.76,415.95,0.0005,14,0,8,504
CAMP_0004,FluxLabs,FluxLabs is a community-driven initiative that helps DeFi users earn yield on deposits using blockchain technology. Our smart contract automation ensures maximum transparency for all participants.,False,15,No,0xa92e7aed33873f976f78a9fdc4ae5f98ffdbf664,32.98,2026-07-17 18:15:52.032266,468.74,435.76,0.0005,14,0,8,504
CAMP_0004,FluxLabs,FluxLabs is a community-driven initiative that helps DeFi users earn yield on deposits using blockchain technology. Our smart contract automation ensures maximum transparency for all participants.,False,15,No,0xcca9ef2ab1ecabe3ca28ddb8fea6ff929fa6fcfe,16.96,2026-07-18 00:15:52.032266,485.7,468.74,0.0005,14,0,9,504
CAMP_0004,FluxLabs,FluxLabs is a community-driven initiative that helps DeFi users earn yield on deposits using blockchain technology. Our smart contract automation ensures maximum transparency for all participants.,False,15,No,0xd4a2ccebf58d1e4ad1b1ce98fc5016ef2fb4b5d3,57.2,2026-07-18 03:15:52.032266,542.9,485.7,0.0005,14,1,10,504
CAMP_0004,FluxLabs,FluxLabs is a community-driven initiative that helps DeFi users earn yield on deposits using blockchain technology. Our smart contract automation ensures maximum transparency for all participants.,False,15,No,0xce26dfad999ede6b24ad5c55f7fabdf8ca340a05,95.62,2026-07-18 06:15:52.032266,638.52,542.9,0.0005,14,0,11,504
CAMP_0004,FluxLabs,FluxLabs is a community-driven initiative that helps DeFi users earn yield on deposits using blockchain technology. Our smart contract automation ensures maximum transparency for all participants.,False,15,No,0xa3e0e697ba0ae3ba2dfd74e7b72ad84aad3ea83f,4.01,2026-07-21 14:15:52.032266,642.53,638.52,0.0005,14,0,12,504
CAMP_0004,FluxLabs,FluxLabs is a community-driven initiative that helps DeFi users earn yield on deposits using blockchain technology. Our smart contract automation ensures maximum transparency for all participants.,False,15,No,0x0c0b6f0bebe2234bb5888cf4fceca28c103a9bcc,55.71,2026-07-22 10:15:52.032266,698.24,642.53,0.0005,14,0,13,504
CAMP_0005,ProtoChain,ProtoChain is a community-driven initiative that helps content creators participate in governance using blockchain technology. Our a DAO governance model ensures faster settlement times for all participants.,True,1,Yes,0x2cbda3dff00d2cbf97ce046b6b70f7fd0377eebe,10.0,2026-07-01 14:15:52.032961,10.0,0.0,0.0004,11,1,1,504
CAMP_0005,ProtoChain,ProtoChain is a community-driven initiative that helps content creators participate in governance using blockchain technology. Our a DAO governance model ensures faster settlement times for all participants.,True,1,Yes,0x01bbdb9f1bd66b4bb8dce1fac1199d6aa2ff3ebb,9.05,2026-07-02 03:15:52.032961,19.05,10.0,0.0004,11,1,2,504
CAMP_0005,ProtoChain,ProtoChain is a community-driven initiative that helps content creators participate in governance using blockchain technology. Our a DAO governance model ensures faster settlement times for all participants.,True,1,Yes,0x2cbda3dff00d2cbf97ce046b6b70f7fd0377eebe,9.36,2026-07-02 21:15:52.032961,28.41,19.05,0.0004,11,0,2,504
CAMP_0005,ProtoChain,ProtoChain is a community-driven initiative that helps content creators participate in governance using blockchain technology. Our a DAO governance model ensures faster settlement times for all participants.,True,1,Yes,0xdef31c67e138acd2dda0e3d3244ffa5651cc3796,10.21,2026-07-03 11:15:52.032961,38.62,28.41,0.0004,11,0,3,504
CAMP_0005,ProtoChain,ProtoChain is a community-driven initiative that helps content creators participate in governance using blockchain technology. Our a DAO governance model ensures faster settlement times for all participants.,True,1,Yes,0xaaffa54cde8febd90a7a3ad22bb7ebb89dcf87bd,9.65,2026-07-07 13:15:52.032961,48.27,38.62,0.0004,11,0,4,504
CAMP_0005,ProtoChain,ProtoChain is a community-driven initiative that helps content creators participate in governance using blockchain technology. Our a DAO governance model ensures faster settlement times for all participants.,True,1,Yes,0x01bbdb9f1bd66b4bb8dce1fac1199d6aa2ff3ebb,9.61,2026-07-08 00:15:52.032961,57.88,48.27,0.0004,11,1,4,504
CAMP_0005,ProtoChain,ProtoChain is a community-driven initiative that helps content creators participate in governance using blockchain technology. Our a DAO governance model ensures faster settlement times for all participants.,True,1,Yes,0x01bbdb9f1bd66b4bb8dce1fac1199d6aa2ff3ebb,10.25,2026-07-08 14:15:52.032961,68.13,57.88,0.0004,11,1,4,504
CAMP_0005,ProtoChain,ProtoChain is a community-driven initiative that helps content creators participate in governance using blockchain technology. Our a DAO governance model ensures faster settlement times for all participants.,True,1,Yes,0xdef31c67e138acd2dda0e3d3244ffa5651cc3796,10.52,2026-07-09 10:15:52.032961,78.65,68.13,0.0004,11,0,4,504
CAMP_0005,ProtoChain,ProtoChain is a community-driven initiative that helps content creators participate in governance using blockchain technology. Our a DAO governance model ensures faster settlement times for all participants.,True,1,Yes,0x2cbda3dff00d2cbf97ce046b6b70f7fd0377eebe,10.32,2026-07-10 14:15:52.032961,88.97,78.65,0.0004,11,0,4,504
CAMP_0005,ProtoChain,ProtoChain is a community-driven initiative that helps content creators participate in governance using blockchain technology. Our a DAO governance model ensures faster settlement times for all participants.,True,1,Yes,0x01bbdb9f1bd66b4bb8dce1fac1199d6aa2ff3ebb,10.04,2026-07-14 02:15:52.032961,99.01,88.97,0.0004,11,1,4,504
CAMP_0005,ProtoChain,ProtoChain is a community-driven initiative that helps content creators participate in governance using blockchain technology. Our a DAO governance model ensures faster settlement times for all participants.,True,1,Yes,0x2cbda3dff00d2cbf97ce046b6b70f7fd0377eebe,9.98,2026-07-21 07:15:52.032961,108.99,99.01,0.0004,11,0,4,504
CAMP_0006,ChainProtocol,"ChainProtocol aims to solve limited financial access in the Web3 ecosystem by providing a scalable solution for independent developers. Built on Avalanche, we focus on lower transaction costs.",True,1,No,0x153fdc0fe619fd3cdbc4e5f79c5824cb932ad0bb,32.24,2026-07-08 16:15:52.033587,32.24,0.0,0.0023,46,1,1,336
CAMP_0006,ChainProtocol,"ChainProtocol aims to solve limited financial access in the Web3 ecosystem by providing a scalable solution for independent developers. Built on Avalanche, we focus on lower transaction costs.",True,1,No,0x8fdbfdece94eb60db530503fb78cba116ce7f6d4,99.19,2026-07-08 23:15:52.033587,131.43,32.24,0.0023,46,1,2,336
CAMP_0006,ChainProtocol,"ChainProtocol aims to solve limited financial access in the Web3 ecosystem by providing a scalable solution for independent developers. Built on Avalanche, we focus on lower transaction costs.",True,1,No,0x60a4e70edce31bf255f6a2306b6a2a1ce379dd2b,65.75,2026-07-09 04:15:52.033587,197.18,131.43,0.0023,46,0,3,336
CAMP_0006,ChainProtocol,"ChainProtocol aims to solve limited financial access in the Web3 ecosystem by providing a scalable solution for independent developers. Built on Avalanche, we focus on lower transaction costs.",True,1,No,0x2dc70a3cc80f3446d0d569c1634dbdbbfb7baeb8,26.54,2026-07-09 06:15:52.033587,223.72,197.18,0.0023,46,0,4,336
CAMP_0006,ChainProtocol,"ChainProtocol aims to solve limited financial access in the Web3 ecosystem by providing a scalable solution for independent developers. Built on Avalanche, we focus on lower transaction costs.",True,1,No,0x2360db4773f651d792ae2193ddcfd6bfebfaa2be,24.81,2026-07-09 12:15:52.033587,248.53,223.72,0.0023,46,0,5,336
CAMP_0006,ChainProtocol,"ChainProtocol aims to solve limited financial access in the Web3 ecosystem by providing a scalable solution for independent developers. Built on Avalanche, we focus on lower transaction costs.",True,1,No,0xed40361c68ae2b4d895a451ae17bfcccc9bdada1,5.04,2026-07-09 22:15:52.033587,253.57,248.53,0.0023,46,0,6,336
CAMP_0006,ChainProtocol,"ChainProtocol aims to solve limited financial access in the Web3 ecosystem by providing a scalable solution for independent developers. Built on Avalanche, we focus on lower transaction costs.",True,1,No,0xe7e0fe8af905bbcc98acb7029f2e36a4aa9f76b2,3.32,2026-07-09 23:15:52.033587,256.89,253.57,0.0023,46,0,7,336
CAMP_0006,ChainProtocol,"ChainProtocol aims to solve limited financial access in the Web3 ecosystem by providing a scalable solution for independent developers. Built on Avalanche, we focus on lower transaction costs.",True,1,No,0x2aee8ff0def4ce3a5f3d1fed95515208afda8c2a,24.48,2026-07-10 01:15:52.033587,281.37,256.89,0.0023,46,0,8,336
CAMP_0006,ChainProtocol,"ChainProtocol aims to solve limited financial access in the Web3 ecosystem by providing a scalable solution for independent developers. Built on Avalanche, we focus on lower transaction costs.",True,1,No,0xbebe1da1d6f26fadbd6fb279e61d5ee97e7dfc96,7.19,2026-07-10 16:15:52.033587,288.56,281.37,0.0023,46,0,9,336
CAMP_0006,ChainProtocol,"ChainProtocol aims to solve limited financial access in the Web3 ecosystem by providing a scalable solution for independent developers. Built on Avalanche, we focus on lower transaction costs.",True,1,No,0x57f3371edeac7b6441b9b244774abfcf0e9dddff,19.15,2026-07-10 20:15:52.033587,307.71,288.56,0.0023,46,0,10,336
CAMP_0006,ChainProtocol,"ChainProtocol aims to solve limited financial access in the Web3 ecosystem by providing a scalable solution for independent developers. Built on Avalanche, we focus on lower transaction costs.",True,1,No,0xc9378caef5cfea3b3faebe10ceea9c5f0b8dedaa,10.57,2026-07-12 09:15:52.033587,318.28,307.71,0.0023,46,0,11,336
CAMP_0006,ChainProtocol,"ChainProtocol aims to solve limited financial access in the Web3 ecosystem by providing a scalable solution for independent developers. Built on Avalanche, we focus on lower transaction costs.",True,1,No,0x2b35afa17a3ef6fcfe3506254c0678b36e8a3a70,2.35,2026-07-12 13:15:52.033587,320.63,318.28,0.0023,46,0,12,336
CAMP_0006,ChainProtocol,"ChainProtocol aims to solve limited financial access in the Web3 ecosystem by providing a scalable solution for independent developers. Built on Avalanche, we focus on lower transaction costs.",True,1,No,0xb9ba1abf8bac071fe1e08aafe9f8dd8febe73bba,30.84,2026-07-12 13:15:52.033587,351.47,320.63,0.0023,46,0,13,336
CAMP_0006,ChainProtocol,"ChainProtocol aims to solve limited financial access in the Web3 ecosystem by providing a scalable solution for independent developers. Built on Avalanche, we focus on lower transaction costs.",True,1,No,0x1d5dc15e42ecabb4299aaef287c549965e9cc1fc,12.21,2026-07-12 18:15:52.033587,363.68,351.47,0.0023,46,0,14,336
CAMP_0006,ChainProtocol,"ChainProtocol aims to solve limited financial access in the Web3 ecosystem by providing a scalable solution for independent developers. Built on Avalanche, we focus on lower transaction costs.",True,1,No,0x9cbe4f58e66a1aff145edd83cfdfe0b6ee222c5d,22.11,2026-07-13 04:15:52.033587,385.79,363.68,0.0023,46,0,15,336
CAMP_0006,ChainProtocol,"ChainProtocol aims to solve limited financial access in the Web3 ecosystem by providing a scalable solution for independent developers. Built on Avalanche, we focus on lower transaction costs.",True,1,No,0x2cbda3dff00d2cbf97ce046b6b70f7fd0377eebe,6.88,2026-07-13 06:15:52.033587,392.67,385.79,0.0023,46,0,16,336
CAMP_0006,ChainProtocol,"ChainProtocol aims to solve limited financial access in the Web3 ecosystem by providing a scalable solution for independent developers. Built on Avalanche, we focus on lower transaction costs.",True,1,No,0xc9378caef5cfea3b3faebe10ceea9c5f0b8dedaa,13.44,2026-07-13 17:15:52.033587,406.11,392.67,0.0023,46,0,16,336
CAMP_0006,ChainProtocol,"ChainProtocol aims to solve limited financial access in the Web3 ecosystem by providing a scalable solution for independent developers. Built on Avalanche, we focus on lower transaction costs.",True,1,No,0x4dd42d7362b00bad8132defd1efb25fbab94f72d,130.64,2026-07-13 18:15:52.033587,536.75,406.11,0.0023,46,1,17,336
CAMP_0006,ChainProtocol,"ChainProtocol aims to solve limited financial access in the Web3 ecosystem by providing a scalable solution for independent developers. Built on Avalanche, we focus on lower transaction costs.",True,1,No,0x1d5dc15e42ecabb4299aaef287c549965e9cc1fc,23.44,2026-07-14 17:15:52.033587,560.19,536.75,0.0023,46,0,17,336
CAMP_0006,ChainProtocol,"ChainProtocol aims to solve limited financial access in the Web3 ecosystem by providing a scalable solution for independent developers. Built on Avalanche, we focus on lower transaction costs.",True,1,No,0x1db617babaa9fb60eafc1a31fbd61bc626c023d3,38.84,2026-07-14 21:15:52.033587,599.03,560.19,0.0023,46,0,18,336
CAMP_0006,ChainProtocol,"ChainProtocol aims to solve limited financial access in the Web3 ecosystem by providing a scalable solution for independent developers. Built on Avalanche, we focus on lower transaction costs.",True,1,No,0xdd4afcad7f0ef2fa5d4ecb8b75ba2face89c435e,4.37,2026-07-15 03:15:52.033587,603.4,599.03,0.0023,46,0,19,336
CAMP_0006,ChainProtocol,"ChainProtocol aims to solve limited financial access in the Web3 ecosystem by providing a scalable solution for independent developers. Built on Avalanche, we focus on lower transaction costs.",True,1,No,0x98b7cc2fdcf9af5bba9a5cc1d5ad80c44b7df60e,353.13,2026-07-15 12:15:52.033587,956.53,603.4,0.0023,46,0,20,336
CAMP_0006,ChainProtocol,"ChainProtocol aims to solve limited financial access in the Web3 ecosystem by providing a scalable solution for independent developers. Built on Avalanche, we focus on lower transaction costs.",True,1,No,0xdd4afcad7f0ef2fa5d4ecb8b75ba2face89c435e,183.48,2026-07-15 15:15:52.033587,1140.01,956.53,0.0023,46,0,20,336
CAMP_0006,ChainProtocol,"ChainProtocol aims to solve limited financial access in the Web3 ecosystem by providing a scalable solution for independent developers. Built on Avalanche, we focus on lower transaction costs.",True,1,No,0x0c0b6f0bebe2234bb5888cf4fceca28c103a9bcc,103.14,2026-07-15 16:15:52.033587,1243.15,1140.01,0.0023,46,0,21,336
CAMP_0006,ChainProtocol,"ChainProtocol aims to solve limited financial access in the Web3 ecosystem by providing a scalable solution for independent developers. Built on Avalanche, we focus on lower transaction costs.",True,1,No,0xc9378caef5cfea3b3faebe10ceea9c5f0b8dedaa,54.3,2026-07-15 18:15:52.033587,1297.45,1243.15,0.0023,46,0,21,336
CAMP_0006,ChainProtocol,"ChainProtocol aims to solve limited financial access in the Web3 ecosystem by providing a scalable solution for independent developers. Built on Avalanche, we focus on lower transaction costs.",True,1,No,0x153fdc0fe619fd3cdbc4e5f79c5824cb932ad0bb,20.45,2026-07-15 23:15:52.033587,1317.9,1297.45,0.0023,46,0,21,336
CAMP_0006,ChainProtocol,"ChainProtocol aims to solve limited financial access in the Web3 ecosystem by providing a scalable solution for independent developers. Built on Avalanche, we focus on lower transaction costs.",True,1,No,0xc71e6d9f70d7f6fe1e7bee3db01b88cdee8acb8e,34.14,2026-07-16 06:15:52.033587,1352.04,1317.9,0.0023,46,0,22,336
CAMP_0006,ChainProtocol,"ChainProtocol aims to solve limited financial access in the Web3 ecosystem by providing a scalable solution for independent developers. Built on Avalanche, we focus on lower transaction costs.",True,1,No,0x4aa6ab8becbd3b93eefaa74a1804d7aa1f7fbcc5,70.64,2026-07-16 09:15:52.033587,1422.68,1352.04,0.0023,46,0,23,336
CAMP_0006,ChainProtocol,"ChainProtocol aims to solve limited financial access in the Web3 ecosystem by providing a scalable solution for independent developers. Built on Avalanche, we focus on lower transaction costs.",True,1,No,0xd6b4ee7149cdaef2a47cf6bf133ff2d4e8abf29e,9.45,2026-07-17 17:15:52.033587,1432.13,1422.68,0.0023,46,0,24,336
CAMP_0006,ChainProtocol,"ChainProtocol aims to solve limited financial access in the Web3 ecosystem by providing a scalable solution for independent developers. Built on Avalanche, we focus on lower transaction costs.",True,1,No,0xc2edcfdf5aeee69da731b871f59aed3a3a4eef21,11.78,2026-07-18 03:15:52.033587,1443.91,1432.13,0.0023,46,0,25,336
CAMP_0006,ChainProtocol,"ChainProtocol aims to solve limited financial access in the Web3 ecosystem by providing a scalable solution for independent developers. Built on Avalanche, we focus on lower transaction costs.",True,1,No,0xa6db8c5f0ebfae81e76cf6688629eedd6c069cea,2.71,2026-07-18 16:15:52.033587,1446.62,1443.91,0.0023,46,0,26,336
CAMP_0006,ChainProtocol,"ChainProtocol aims to solve limited financial access in the Web3 ecosystem by providing a scalable solution for independent developers. Built on Avalanche, we focus on lower transaction costs.",True,1,No,0xbe19f2a0ce8eda4f7ed1cbfee3d3ef8aefed0c2f,7.96,2026-07-18 17:15:52.033587,1454.58,1446.62,0.0023,46,0,27,336
CAMP_0006,ChainProtocol,"ChainProtocol aims to solve limited financial access in the Web3 ecosystem by providing a scalable solution for independent developers. Built on Avalanche, we focus on lower transaction costs.",True,1,No,0x3e461eded9afeeb7938aac6fbecfc254eec2f45e,147.46,2026-07-18 23:15:52.033587,1602.04,1454.58,0.0023,46,0,28,336
CAMP_0006,ChainProtocol,"ChainProtocol aims to solve limited financial access in the Web3 ecosystem by providing a scalable solution for independent developers. Built on Avalanche, we focus on lower transaction costs.",True,1,No,0xc5cd84fb212db918fbfc0feb5e299ed5b3ed6ed3,13.45,2026-07-19 02:15:52.033587,1615.49,1602.04,0.0023,46,0,29,336
CAMP_0006,ChainProtocol,"ChainProtocol aims to solve limited financial access in the Web3 ecosystem by providing a scalable solution for independent developers. Built on Avalanche, we focus on lower transaction costs.",True,1,No,0xb9ba1abf8bac071fe1e08aafe9f8dd8febe73bba,13.72,2026-07-19 19:15:52.033587,1629.21,1615.49,0.0023,46,0,29,336
CAMP_0006,ChainProtocol,"ChainProtocol aims to solve limited financial access in the Web3 ecosystem by providing a scalable solution for independent developers. Built on Avalanche, we focus on lower transaction costs.",True,1,No,0xb5a1ff2edbf8f122c1c9f556bfa6514bc33a8bf4,29.41,2026-07-20 02:15:52.033587,1658.62,1629.21,0.0023,46,0,30,336
CAMP_0006,ChainProtocol,"ChainProtocol aims to solve limited financial access in the Web3 ecosystem by providing a scalable solution for independent developers. Built on Avalanche, we focus on lower transaction costs.",True,1,No,0xaaffa54cde8febd90a7a3ad22bb7ebb89dcf87bd,2.9,2026-07-20 02:15:52.033587,1661.52,1658.62,0.0023,46,1,31,336
CAMP_0006,ChainProtocol,"ChainProtocol aims to solve limited financial access in the Web3 ecosystem by providing a scalable solution for independent developers. Built on Avalanche, we focus on lower transaction costs.",True,1,No,0x60a4e70edce31bf255f6a2306b6a2a1ce379dd2b,62.46,2026-07-20 03:15:52.033587,1723.98,1661.52,0.0023,46,0,31,336
CAMP_0006,ChainProtocol,"ChainProtocol aims to solve limited financial access in the Web3 ecosystem by providing a scalable solution for independent developers. Built on Avalanche, we focus on lower transaction costs.",True,1,No,0xf0eef9ec752e8baac47f3cec022946402eeceef2,91.81,2026-07-20 10:15:52.033587,1815.79,1723.98,0.0023,46,0,32,336
CAMP_0006,ChainProtocol,"ChainProtocol aims to solve limited financial access in the Web3 ecosystem by providing a scalable solution for independent developers. Built on Avalanche, we focus on lower transaction costs.",True,1,No,0xcd16ffbac1fe9e7dbe4f9e12337f7edc5dc26bb3,31.59,2026-07-20 21:15:52.033587,1847.38,1815.79,0.0023,46,0,33,336
CAMP_0006,ChainProtocol,"ChainProtocol aims to solve limited financial access in the Web3 ecosystem by providing a scalable solution for independent developers. Built on Avalanche, we focus on lower transaction costs.",True,1,No,0xa7d5efea4ad445d32eeedab0adafddafe64c1bab,145.71,2026-07-21 00:15:52.033587,1993.09,1847.38,0.0023,46,0,34,336
CAMP_0006,ChainProtocol,"ChainProtocol aims to solve limited financial access in the Web3 ecosystem by providing a scalable solution for independent developers. Built on Avalanche, we focus on lower transaction costs.",True,1,No,0xd6b4ee7149cdaef2a47cf6bf133ff2d4e8abf29e,4.09,2026-07-21 04:15:52.033587,1997.18,1993.09,0.0023,46,0,34,336
CAMP_0006,ChainProtocol,"ChainProtocol aims to solve limited financial access in the Web3 ecosystem by providing a scalable solution for independent developers. Built on Avalanche, we focus on lower transaction costs.",True,1,No,0xaf7fa6efc3cd9fad3c68c921ec4e60b9e1b46ded,183.54,2026-07-21 11:15:52.033587,2180.72,1997.18,0.0023,46,0,35,336
CAMP_0006,ChainProtocol,"ChainProtocol aims to solve limited financial access in the Web3 ecosystem by providing a scalable solution for independent developers. Built on Avalanche, we focus on lower transaction costs.",True,1,No,0xdfc3836a199a155dd426e7db77bcf27e46ff6fac,8.36,2026-07-21 14:15:52.033587,2189.08,2180.72,0.0023,46,0,36,336
CAMP_0006,ChainProtocol,"ChainProtocol aims to solve limited financial access in the Web3 ecosystem by providing a scalable solution for independent developers. Built on Avalanche, we focus on lower transaction costs.",True,1,No,0xe7e0fe8af905bbcc98acb7029f2e36a4aa9f76b2,4.32,2026-07-21 21:15:52.033587,2193.4,2189.08,0.0023,46,0,36,336
CAMP_0006,ChainProtocol,"ChainProtocol aims to solve limited financial access in the Web3 ecosystem by providing a scalable solution for independent developers. Built on Avalanche, we focus on lower transaction costs.",True,1,No,0x60a4e70edce31bf255f6a2306b6a2a1ce379dd2b,15.11,2026-07-21 21:15:52.033587,2208.51,2193.4,0.0023,46,0,36,336
CAMP_0007,FluxLabs,"FluxLabs aims to solve lack of transparency in the Web3 ecosystem by providing a user-friendly solution for content creators. Built on Arbitrum, we focus on improved security.",True,1,No,0x0ce036bd1e085ced0de58f26db4bae05b78377d5,189.88,2026-06-07 22:15:52.034255,189.88,0.0,0.0008,50,1,1,1080
CAMP_0007,FluxLabs,"FluxLabs aims to solve lack of transparency in the Web3 ecosystem by providing a user-friendly solution for content creators. Built on Arbitrum, we focus on improved security.",True,1,No,0xaddb7b9ac6f6b4fbd7f60fdcc8ddaf609a59e462,138.79,2026-06-08 09:15:52.034255,328.67,189.88,0.0008,50,0,2,1080
CAMP_0007,FluxLabs,"FluxLabs aims to solve lack of transparency in the Web3 ecosystem by providing a user-friendly solution for content creators. Built on Arbitrum, we focus on improved security.",True,1,No,0xee590ba0eed05b6fe9875aec82bec8ed621fec5f,37.85,2026-06-08 21:15:52.034255,366.52,328.67,0.0008,50,1,3,1080
CAMP_0007,FluxLabs,"FluxLabs aims to solve lack of transparency in the Web3 ecosystem by providing a user-friendly solution for content creators. Built on Arbitrum, we focus on improved security.",True,1,No,0xf0afbbcfc3ddc3e0e2063f9beda1347eb63e77af,12.92,2026-06-11 04:15:52.034255,379.44,366.52,0.0008,50,0,4,1080
CAMP_0007,FluxLabs,"FluxLabs aims to solve lack of transparency in the Web3 ecosystem by providing a user-friendly solution for content creators. Built on Arbitrum, we focus on improved security.",True,1,No,0xf4d5adc2960ae5ac901ddccc326dbcd452bd8d3e,10.41,2026-06-12 05:15:52.034255,389.85,379.44,0.0008,50,0,5,1080
CAMP_0007,FluxLabs,"FluxLabs aims to solve lack of transparency in the Web3 ecosystem by providing a user-friendly solution for content creators. Built on Arbitrum, we focus on improved security.",True,1,No,0x0cc6ca005fcaed9af526f1accddaf2bcc317d235,70.27,2026-06-14 02:15:52.034255,460.12,389.85,0.0008,50,1,6,1080
CAMP_0007,FluxLabs,"FluxLabs aims to solve lack of transparency in the Web3 ecosystem by providing a user-friendly solution for content creators. Built on Arbitrum, we focus on improved security.",True,1,No,0xbf6d12264fb9384dfefca3691703bfbaf9ca10a6,26.44,2026-06-15 10:15:52.034255,486.56,460.12,0.0008,50,0,7,1080
CAMP_0007,FluxLabs,"FluxLabs aims to solve lack of transparency in the Web3 ecosystem by providing a user-friendly solution for content creators. Built on Arbitrum, we focus on improved security.",True,1,No,0xcd07a283cab399e596a9b6bac8efa68bfbb35edc,3.19,2026-06-18 04:15:52.034255,489.75,486.56,0.0008,50,0,8,1080
CAMP_0007,FluxLabs,"FluxLabs aims to solve lack of transparency in the Web3 ecosystem by providing a user-friendly solution for content creators. Built on Arbitrum, we focus on improved security.",True,1,No,0x4dd42d7362b00bad8132defd1efb25fbab94f72d,31.05,2026-06-19 07:15:52.034255,520.8,489.75,0.0008,50,1,9,1080
CAMP_0007,FluxLabs,"FluxLabs aims to solve lack of transparency in the Web3 ecosystem by providing a user-friendly solution for content creators. Built on Arbitrum, we focus on improved security.",True,1,No,0xf7ebeae4032ec4fa3da2cf206ef8f1fd2acd2fb7,79.3,2026-06-21 10:15:52.034255,600.1,520.8,0.0008,50,0,10,1080
CAMP_0007,FluxLabs,"FluxLabs aims to solve lack of transparency in the Web3 ecosystem by providing a user-friendly solution for content creators. Built on Arbitrum, we focus on improved security.",True,1,No,0xaddb7b9ac6f6b4fbd7f60fdcc8ddaf609a59e462,56.23,2026-06-21 15:15:52.034255,656.33,600.1,0.0008,50,0,10,1080
CAMP_0007,FluxLabs,"FluxLabs aims to solve lack of transparency in the Web3 ecosystem by providing a user-friendly solution for content creators. Built on Arbitrum, we focus on improved security.",True,1,No,0x98b7cc2fdcf9af5bba9a5cc1d5ad80c44b7df60e,9.47,2026-06-22 07:15:52.034255,665.8,656.33,0.0008,50,0,11,1080
CAMP_0007,FluxLabs,"FluxLabs aims to solve lack of transparency in the Web3 ecosystem by providing a user-friendly solution for content creators. Built on Arbitrum, we focus on improved security.",True,1,No,0x3e461eded9afeeb7938aac6fbecfc254eec2f45e,4.01,2026-06-23 06:15:52.034255,669.81,665.8,0.0008,50,0,12,1080
CAMP_0007,FluxLabs,"FluxLabs aims to solve lack of transparency in the Web3 ecosystem by providing a user-friendly solution for content creators. Built on Arbitrum, we focus on improved security.",True,1,No,0x94adb31bd7cae4405ac19d4fa5e0aa293fb15cab,13.58,2026-06-23 23:15:52.034255,683.39,669.81,0.0008,50,0,13,1080
CAMP_0007,FluxLabs,"FluxLabs aims to solve lack of transparency in the Web3 ecosystem by providing a user-friendly solution for content creators. Built on Arbitrum, we focus on improved security.",True,1,No,0xce26dfad999ede6b24ad5c55f7fabdf8ca340a05,997.03,2026-06-24 15:15:52.034255,1680.42,683.39,0.0008,50,0,14,1080
CAMP_0007,FluxLabs,"FluxLabs aims to solve lack of transparency in the Web3 ecosystem by providing a user-friendly solution for content creators. Built on Arbitrum, we focus on improved security.",True,1,No,0x2dc70a3cc80f3446d0d569c1634dbdbbfb7baeb8,3.15,2026-06-24 20:15:52.034255,1683.57,1680.42,0.0008,50,0,15,1080
CAMP_0007,FluxLabs,"FluxLabs aims to solve lack of transparency in the Web3 ecosystem by providing a user-friendly solution for content creators. Built on Arbitrum, we focus on improved security.",True,1,No,0x1b691c1dcdbacbd9be7a312d7fb3599b38687dbe,7.31,2026-06-25 10:15:52.034255,1690.88,1683.57,0.0008,50,0,16,1080
CAMP_0007,FluxLabs,"FluxLabs aims to solve lack of transparency in the Web3 ecosystem by providing a user-friendly solution for content creators. Built on Arbitrum, we focus on improved security.",True,1,No,0xfbbdddb0c63de18fdd553fe7b43bbc6fb2ff3ee6,32.15,2026-06-25 20:15:52.034255,1723.03,1690.88,0.0008,50,0,17,1080
CAMP_0007,FluxLabs,"FluxLabs aims to solve lack of transparency in the Web3 ecosystem by providing a user-friendly solution for content creators. Built on Arbitrum, we focus on improved security.",True,1,No,0x4aa6ab8becbd3b93eefaa74a1804d7aa1f7fbcc5,17.3,2026-06-26 11:15:52.034255,1740.33,1723.03,0.0008,50,0,18,1080
CAMP_0007,FluxLabs,"FluxLabs aims to solve lack of transparency in the Web3 ecosystem by providing a user-friendly solution for content creators. Built on Arbitrum, we focus on improved security.",True,1,No,0xbe19f2a0ce8eda4f7ed1cbfee3d3ef8aefed0c2f,15.8,2026-06-28 03:15:52.034255,1756.13,1740.33,0.0008,50,0,19,1080
CAMP_0007,FluxLabs,"FluxLabs aims to solve lack of transparency in the Web3 ecosystem by providing a user-friendly solution for content creators. Built on Arbitrum, we focus on improved security.",True,1,No,0xce26dfad999ede6b24ad5c55f7fabdf8ca340a05,228.07,2026-06-28 05:15:52.034255,1984.2,1756.13,0.0008,50,0,19,1080
CAMP_0007,FluxLabs,"FluxLabs aims to solve lack of transparency in the Web3 ecosystem by providing a user-friendly solution for content creators. Built on Arbitrum, we focus on improved security.",True,1,No,0x5ef0a24e0fbf9218a26d3ba2f3b0e9fd39fc12ac,7.21,2026-06-28 22:15:52.034255,1991.41,1984.2,0.0008,50,0,20,1080
CAMP_0007,FluxLabs,"FluxLabs aims to solve lack of transparency in the Web3 ecosystem by providing a user-friendly solution for content creators. Built on Arbitrum, we focus on improved security.",True,1,No,0xee590ba0eed05b6fe9875aec82bec8ed621fec5f,19.74,2026-06-29 04:15:52.034255,2011.15,1991.41,0.0008,50,0,20,1080
CAMP_0007,FluxLabs,"FluxLabs aims to solve lack of transparency in the Web3 ecosystem by providing a user-friendly solution for content creators. Built on Arbitrum, we focus on improved security.",True,1,No,0xc5cb86773b2bd7acb534dae3baaa9ecdddd31966,25.59,2026-06-30 09:15:52.034255,2036.74,2011.15,0.0008,50,0,21,1080
CAMP_0007,FluxLabs,"FluxLabs aims to solve lack of transparency in the Web3 ecosystem by providing a user-friendly solution for content creators. Built on Arbitrum, we focus on improved security.",True,1,No,0xbf6d12264fb9384dfefca3691703bfbaf9ca10a6,7.65,2026-07-02 15:15:52.034255,2044.39,2036.74,0.0008,50,0,21,1080
CAMP_0007,FluxLabs,"FluxLabs aims to solve lack of transparency in the Web3 ecosystem by providing a user-friendly solution for content creators. Built on Arbitrum, we focus on improved security.",True,1,No,0x7ee8b6ec8b90d4be3fb01ebd92bffbeea3a711bc,3.57,2026-07-03 03:15:52.034255,2047.96,2044.39,0.0008,50,0,22,1080
CAMP_0007,FluxLabs,"FluxLabs aims to solve lack of transparency in the Web3 ecosystem by providing a user-friendly solution for content creators. Built on Arbitrum, we focus on improved security.",True,1,No,0xf32b5da0b51fc1a7ac852cf5b0c5a83eccea979f,27.75,2026-07-05 14:15:52.034255,2075.71,2047.96,0.0008,50,0,23,1080
CAMP_0007,FluxLabs,"FluxLabs aims to solve lack of transparency in the Web3 ecosystem by providing a user-friendly solution for content creators. Built on Arbitrum, we focus on improved security.",True,1,No,0xa92e7aed33873f976f78a9fdc4ae5f98ffdbf664,177.04,2026-07-06 04:15:52.034255,2252.75,2075.71,0.0008,50,0,24,1080
CAMP_0007,FluxLabs,"FluxLabs aims to solve lack of transparency in the Web3 ecosystem by providing a user-friendly solution for content creators. Built on Arbitrum, we focus on improved security.",True,1,No,0x9579929e83e1c22abccc727eadffd7c4e42c8acb,32.64,2026-07-06 05:15:52.034255,2285.39,2252.75,0.0008,50,0,25,1080
CAMP_0007,FluxLabs,"FluxLabs aims to solve lack of transparency in the Web3 ecosystem by providing a user-friendly solution for content creators. Built on Arbitrum, we focus on improved security.",True,1,No,0xc5cd84fb212db918fbfc0feb5e299ed5b3ed6ed3,22.38,2026-07-07 17:15:52.034255,2307.77,2285.39,0.0008,50,0,26,1080
CAMP_0007,FluxLabs,"FluxLabs aims to solve lack of transparency in the Web3 ecosystem by providing a user-friendly solution for content creators. Built on Arbitrum, we focus on improved security.",True,1,No,0xb8f3ffaf04c7d5c5ad8a4f8c632c5255983f3b3a,22.18,2026-07-07 19:15:52.034255,2329.95,2307.77,0.0008,50,0,27,1080
CAMP_0007,FluxLabs,"FluxLabs aims to solve lack of transparency in the Web3 ecosystem by providing a user-friendly solution for content creators. Built on Arbitrum, we focus on improved security.",True,1,No,0xaaffa54cde8febd90a7a3ad22bb7ebb89dcf87bd,14.73,2026-07-08 20:15:52.034255,2344.68,2329.95,0.0008,50,1,28,1080
CAMP_0007,FluxLabs,"FluxLabs aims to solve lack of transparency in the Web3 ecosystem by providing a user-friendly solution for content creators. Built on Arbitrum, we focus on improved security.",True,1,No,0x48f58cbeb2f1e39cbe3870fcf2e29156feaccfe7,83.11,2026-07-09 03:15:52.034255,2427.79,2344.68,0.0008,50,0,29,1080
CAMP_0007,FluxLabs,"FluxLabs aims to solve lack of transparency in the Web3 ecosystem by providing a user-friendly solution for content creators. Built on Arbitrum, we focus on improved security.",True,1,No,0x1b691c1dcdbacbd9be7a312d7fb3599b38687dbe,10.95,2026-07-09 04:15:52.034255,2438.74,2427.79,0.0008,50,0,29,1080
CAMP_0007,FluxLabs,"FluxLabs aims to solve lack of transparency in the Web3 ecosystem by providing a user-friendly solution for content creators. Built on Arbitrum, we focus on improved security.",True,1,No,0x1da1eed28d83c1f4f52aecf4a475e617ab2feb6d,3.94,2026-07-09 11:15:52.034255,2442.68,2438.74,0.0008,50,0,30,1080
CAMP_0007,FluxLabs,"FluxLabs aims to solve lack of transparency in the Web3 ecosystem by providing a user-friendly solution for content creators. Built on Arbitrum, we focus on improved security.",True,1,No,0x4dd42d7362b00bad8132defd1efb25fbab94f72d,3.01,2026-07-09 18:15:52.034255,2445.69,2442.68,0.0008,50,0,30,1080
CAMP_0007,FluxLabs,"FluxLabs aims to solve lack of transparency in the Web3 ecosystem by providing a user-friendly solution for content creators. Built on Arbitrum, we focus on improved security.",True,1,No,0x6523fcf0c7257be5f089a5ab30cf2c8dec5b01d9,22.08,2026-07-10 10:15:52.034255,2467.77,2445.69,0.0008,50,0,31,1080
CAMP_0007,FluxLabs,"FluxLabs aims to solve lack of transparency in the Web3 ecosystem by providing a user-friendly solution for content creators. Built on Arbitrum, we focus on improved security.",True,1,No,0x0a031ed9baf4eb9ed03aedb7052b27ab4ae64bff,71.72,2026-07-10 20:15:52.034255,2539.49,2467.77,0.0008,50,0,32,1080
CAMP_0007,FluxLabs,"FluxLabs aims to solve lack of transparency in the Web3 ecosystem by providing a user-friendly solution for content creators. Built on Arbitrum, we focus on improved security.",True,1,No,0xadcb36b2cd04cc5aef6cbd208d3dc73daf683cfc,26.71,2026-07-11 20:15:52.034255,2566.2,2539.49,0.0008,50,0,33,1080
CAMP_0007,FluxLabs,"FluxLabs aims to solve lack of transparency in the Web3 ecosystem by providing a user-friendly solution for content creators. Built on Arbitrum, we focus on improved security.",True,1,No,0x57f3371edeac7b6441b9b244774abfcf0e9dddff,13.72,2026-07-12 19:15:52.034255,2579.92,2566.2,0.0008,50,0,34,1080
CAMP_0007,FluxLabs,"FluxLabs aims to solve lack of transparency in the Web3 ecosystem by providing a user-friendly solution for content creators. Built on Arbitrum, we focus on improved security.",True,1,No,0xc0cf6cce30738c5b28eafb3cfcdd6ac11a7b9dd4,34.82,2026-07-12 22:15:52.034255,2614.74,2579.92,0.0008,50,0,35,1080
CAMP_0007,FluxLabs,"FluxLabs aims to solve lack of transparency in the Web3 ecosystem by providing a user-friendly solution for content creators. Built on Arbitrum, we focus on improved security.",True,1,No,0x8f6361cddbfce6bba61dfa2adbffe2cc8faea015,25.11,2026-07-14 18:15:52.034255,2639.85,2614.74,0.0008,50,0,36,1080
CAMP_0007,FluxLabs,"FluxLabs aims to solve lack of transparency in the Web3 ecosystem by providing a user-friendly solution for content creators. Built on Arbitrum, we focus on improved security.",True,1,No,0xac38e0d5b1fee0f98ca3fd6ee5d3c2f222445b4f,54.13,2026-07-15 18:15:52.034255,2693.98,2639.85,0.0008,50,0,37,1080
CAMP_0007,FluxLabs,"FluxLabs aims to solve lack of transparency in the Web3 ecosystem by providing a user-friendly solution for content creators. Built on Arbitrum, we focus on improved security.",True,1,No,0xc558d90ebedacf1e2b61a98eab38bcf3eeba8ecc,98.67,2026-07-17 07:15:52.034255,2792.65,2693.98,0.0008,50,0,38,1080
CAMP_0007,FluxLabs,"FluxLabs aims to solve lack of transparency in the Web3 ecosystem by providing a user-friendly solution for content creators. Built on Arbitrum, we focus on improved security.",True,1,No,0xc26b798ad063df0d75aed0b66af2d2f9c59e44ca,6.39,2026-07-17 20:15:52.034255,2799.04,2792.65,0.0008,50,0,39,1080
CAMP_0007,FluxLabs,"FluxLabs aims to solve lack of transparency in the Web3 ecosystem by providing a user-friendly solution for content creators. Built on Arbitrum, we focus on improved security.",True,1,No,0x2b04dda11edc0e6fcaf8135c8d7a3ffbf19c7af8,1.21,2026-07-19 18:15:52.034255,2800.25,2799.04,0.0008,50,0,40,1080
CAMP_0007,FluxLabs,"FluxLabs aims to solve lack of transparency in the Web3 ecosystem by providing a user-friendly solution for content creators. Built on Arbitrum, we focus on improved security.",True,1,No,0x550bde397ce95c48a5ccf6fe6cfa1dad6bd7edef,13.17,2026-07-19 23:15:52.034255,2813.42,2800.25,0.0008,50,0,41,1080
CAMP_0007,FluxLabs,"FluxLabs aims to solve lack of transparency in the Web3 ecosystem by providing a user-friendly solution for content creators. Built on Arbitrum, we focus on improved security.",True,1,No,0x550bde397ce95c48a5ccf6fe6cfa1dad6bd7edef,5.91,2026-07-20 00:15:52.034255,2819.33,2813.42,0.0008,50,0,41,1080
CAMP_0007,FluxLabs,"FluxLabs aims to solve lack of transparency in the Web3 ecosystem by providing a user-friendly solution for content creators. Built on Arbitrum, we focus on improved security.",True,1,No,0x8fdbfdece94eb60db530503fb78cba116ce7f6d4,54.51,2026-07-20 18:15:52.034255,2873.84,2819.33,0.0008,50,0,42,1080
CAMP_0007,FluxLabs,"FluxLabs aims to solve lack of transparency in the Web3 ecosystem by providing a user-friendly solution for content creators. Built on Arbitrum, we focus on improved security.",True,1,No,0xbe19f2a0ce8eda4f7ed1cbfee3d3ef8aefed0c2f,8.42,2026-07-21 21:15:52.034255,2882.26,2873.84,0.0008,50,0,42,1080
CAMP_0008,ZenChain,"We are building ZenChain, a secure protocol for independent developers that leverages a DAO governance model to manage digital assets. The project is live on Fantom and plans to expand to more networks.",True,1,No,0x2360db4773f651d792ae2193ddcfd6bfebfaa2be,25.59,2026-06-09 09:15:52.035427,25.59,0.0,0.0004,25,1,1,1080
CAMP_0008,ZenChain,"We are building ZenChain, a secure protocol for independent developers that leverages a DAO governance model to manage digital assets. The project is live on Fantom and plans to expand to more networks.",True,1,No,0xcfcde0ec53f670dc83d0a4978fbc113de5ea96a2,24.62,2026-06-09 20:15:52.035427,50.21,25.59,0.0004,25,1,2,1080
CAMP_0008,ZenChain,"We are building ZenChain, a secure protocol for independent developers that leverages a DAO governance model to manage digital assets. The project is live on Fantom and plans to expand to more networks.",True,1,No,0x2360db4773f651d792ae2193ddcfd6bfebfaa2be,24.97,2026-06-10 18:15:52.035427,75.18,50.21,0.0004,25,0,2,1080
CAMP_0008,ZenChain,"We are building ZenChain, a secure protocol for independent developers that leverages a DAO governance model to manage digital assets. The project is live on Fantom and plans to expand to more networks.",True,1,No,0x2360db4773f651d792ae2193ddcfd6bfebfaa2be,25.98,2026-06-13 00:15:52.035427,101.16,75.18,0.0004,25,0,2,1080
CAMP_0008,ZenChain,"We are building ZenChain, a secure protocol for independent developers that leverages a DAO governance model to manage digital assets. The project is live on Fantom and plans to expand to more networks.",True,1,No,0x2360db4773f651d792ae2193ddcfd6bfebfaa2be,24.84,2026-06-14 15:15:52.035427,126.0,101.16,0.0004,25,0,2,1080
CAMP_0008,ZenChain,"We are building ZenChain, a secure protocol for independent developers that leverages a DAO governance model to manage digital assets. The project is live on Fantom and plans to expand to more networks.",True,1,No,0xbf6d12264fb9384dfefca3691703bfbaf9ca10a6,25.81,2026-06-15 08:15:52.035427,151.81,126.0,0.0004,25,0,3,1080
CAMP_0008,ZenChain,"We are building ZenChain, a secure protocol for independent developers that leverages a DAO governance model to manage digital assets. The project is live on Fantom and plans to expand to more networks.",True,1,No,0x2360db4773f651d792ae2193ddcfd6bfebfaa2be,24.4,2026-06-15 21:15:52.035427,176.21,151.81,0.0004,25,0,3,1080
CAMP_0008,ZenChain,"We are building ZenChain, a secure protocol for independent developers that leverages a DAO governance model to manage digital assets. The project is live on Fantom and plans to expand to more networks.",True,1,No,0xbf6d12264fb9384dfefca3691703bfbaf9ca10a6,24.55,2026-06-21 22:15:52.035427,200.76,176.21,0.0004,25,0,3,1080
CAMP_0008,ZenChain,"We are building ZenChain, a secure protocol for independent developers that leverages a DAO governance model to manage digital assets. The project is live on Fantom and plans to expand to more networks.",True,1,No,0x619ba2dd0b539d59e1f1bbfc8adf50b7adaa70cb,24.06,2026-06-23 13:15:52.035427,224.82,200.76,0.0004,25,1,4,1080
CAMP_0008,ZenChain,"We are building ZenChain, a secure protocol for independent developers that leverages a DAO governance model to manage digital assets. The project is live on Fantom and plans to expand to more networks.",True,1,No,0x2360db4773f651d792ae2193ddcfd6bfebfaa2be,25.58,2026-06-26 10:15:52.035427,250.4,224.82,0.0004,25,0,4,1080
CAMP_0008,ZenChain,"We are building ZenChain, a secure protocol for independent developers that leverages a DAO governance model to manage digital assets. The project is live on Fantom and plans to expand to more networks.",True,1,No,0xbf6d12264fb9384dfefca3691703bfbaf9ca10a6,24.56,2026-06-27 06:15:52.035427,274.96,250.4,0.0004,25,0,4,1080
CAMP_0008,ZenChain,"We are building ZenChain, a secure protocol for independent developers that leverages a DAO governance model to manage digital assets. The project is live on Fantom and plans to expand to more networks.",True,1,No,0xcfcde0ec53f670dc83d0a4978fbc113de5ea96a2,25.1,2026-06-28 11:15:52.035427,300.06,274.96,0.0004,25,0,4,1080
CAMP_0008,ZenChain,"We are building ZenChain, a secure protocol for independent developers that leverages a DAO governance model to manage digital assets. The project is live on Fantom and plans to expand to more networks.",True,1,No,0xbf6d12264fb9384dfefca3691703bfbaf9ca10a6,25.29,2026-07-04 18:15:52.035427,325.35,300.06,0.0004,25,0,4,1080
CAMP_0008,ZenChain,"We are building ZenChain, a secure protocol for independent developers that leverages a DAO governance model to manage digital assets. The project is live on Fantom and plans to expand to more networks.",True,1,No,0x2b35afa17a3ef6fcfe3506254c0678b36e8a3a70,24.08,2026-07-05 10:15:52.035427,349.43,325.35,0.0004,25,0,5,1080
CAMP_0008,ZenChain,"We are building ZenChain, a secure protocol for independent developers that leverages a DAO governance model to manage digital assets. The project is live on Fantom and plans to expand to more networks.",True,1,No,0xbf6d12264fb9384dfefca3691703bfbaf9ca10a6,25.44,2026-07-05 23:15:52.035427,374.87,349.43,0.0004,25,0,5,1080
CAMP_0008,ZenChain,"We are building ZenChain, a secure protocol for independent developers that leverages a DAO governance model to manage digital assets. The project is live on Fantom and plans to expand to more networks.",True,1,No,0xcfcde0ec53f670dc83d0a4978fbc113de5ea96a2,25.56,2026-07-08 20:15:52.035427,400.43,374.87,0.0004,25,1,5,1080
CAMP_0008,ZenChain,"We are building ZenChain, a secure protocol for independent developers that leverages a DAO governance model to manage digital assets. The project is live on Fantom and plans to expand to more networks.",True,1,No,0x619ba2dd0b539d59e1f1bbfc8adf50b7adaa70cb,24.11,2026-07-09 06:15:52.035427,424.54,400.43,0.0004,25,0,5,1080
CAMP_0008,ZenChain,"We are building ZenChain, a secure protocol for independent developers that leverages a DAO governance model to manage digital assets. The project is live on Fantom and plans to expand to more networks.",True,1,No,0x619ba2dd0b539d59e1f1bbfc8adf50b7adaa70cb,25.79,2026-07-11 09:15:52.035427,450.33,424.54,0.0004,25,0,5,1080
CAMP_0008,ZenChain,"We are building ZenChain, a secure protocol for independent developers that leverages a DAO governance model to manage digital assets. The project is live on Fantom and plans to expand to more networks.",True,1,No,0x2360db4773f651d792ae2193ddcfd6bfebfaa2be,24.63,2026-07-11 18:15:52.035427,474.96,450.33,0.0004,25,0,5,1080
CAMP_0008,ZenChain,"We are building ZenChain, a secure protocol for independent developers that leverages a DAO governance model to manage digital assets. The project is live on Fantom and plans to expand to more networks.",True,1,No,0xcfcde0ec53f670dc83d0a4978fbc113de5ea96a2,24.6,2026-07-11 23:15:52.035427,499.56,474.96,0.0004,25,1,5,1080
CAMP_0008,ZenChain,"We are building ZenChain, a secure protocol for independent developers that leverages a DAO governance model to manage digital assets. The project is live on Fantom and plans to expand to more networks.",True,1,No,0xbf6d12264fb9384dfefca3691703bfbaf9ca10a6,24.13,2026-07-14 08:15:52.035427,523.69,499.56,0.0004,25,0,5,1080
CAMP_0008,ZenChain,"We are building ZenChain, a secure protocol for independent developers that leverages a DAO governance model to manage digital assets. The project is live on Fantom and plans to expand to more networks.",True,1,No,0xcfcde0ec53f670dc83d0a4978fbc113de5ea96a2,25.91,2026-07-14 17:15:52.035427,549.6,523.69,0.0004,25,1,5,1080
CAMP_0008,ZenChain,"We are building ZenChain, a secure protocol for independent developers that leverages a DAO governance model to manage digital assets. The project is live on Fantom and plans to expand to more networks.",True,1,No,0xcfcde0ec53f670dc83d0a4978fbc113de5ea96a2,25.79,2026-07-16 03:15:52.035427,575.39,549.6,0.0004,25,1,5,1080
CAMP_0008,ZenChain,"We are building ZenChain, a secure protocol for independent developers that leverages a DAO governance model to manage digital assets. The project is live on Fantom and plans to expand to more networks.",True,1,No,0xbf6d12264fb9384dfefca3691703bfbaf9ca10a6,25.34,2026-07-16 08:15:52.035427,600.73,575.39,0.0004,25,0,5,1080
CAMP_0008,ZenChain,"We are building ZenChain, a secure protocol for independent developers that leverages a DAO governance model to manage digital assets. The project is live on Fantom and plans to expand to more networks.",True,1,No,0x2360db4773f651d792ae2193ddcfd6bfebfaa2be,25.77,2026-07-20 03:15:52.035427,626.5,600.73,0.0004,25,0,5,1080
CAMP_0009,MetaChain,MetaChain is a community-driven initiative that helps content creators access decentralized finance using blockchain technology. Our liquidity pooling ensures lower transaction costs for all participants.,False,4,Yes,0x153fdc0fe619fd3cdbc4e5f79c5824cb932ad0bb,2.12,2026-06-07 08:15:52.036209,2.12,0.0,0.0001,12,1,1,1440
CAMP_0009,MetaChain,MetaChain is a community-driven initiative that helps content creators access decentralized finance using blockchain technology. Our liquidity pooling ensures lower transaction costs for all participants.,False,4,Yes,0xa3e0e697ba0ae3ba2dfd74e7b72ad84aad3ea83f,35.0,2026-06-07 23:15:52.036209,37.12,2.12,0.0001,12,1,2,1440
CAMP_0009,MetaChain,MetaChain is a community-driven initiative that helps content creators access decentralized finance using blockchain technology. Our liquidity pooling ensures lower transaction costs for all participants.,False,4,Yes,0xec58216ebfdbcffcaafaac021dfe56fb0c52ec1e,5.76,2026-06-20 06:15:52.036209,42.88,37.12,0.0001,12,0,3,1440
CAMP_0009,MetaChain,MetaChain is a community-driven initiative that helps content creators access decentralized finance using blockchain technology. Our liquidity pooling ensures lower transaction costs for all participants.,False,4,Yes,0x0ce036bd1e085ced0de58f26db4bae05b78377d5,3.96,2026-06-23 02:15:52.036209,46.84,42.88,0.0001,12,0,4,1440
CAMP_0009,MetaChain,MetaChain is a community-driven initiative that helps content creators access decentralized finance using blockchain technology. Our liquidity pooling ensures lower transaction costs for all participants.,False,4,Yes,0x619ba2dd0b539d59e1f1bbfc8adf50b7adaa70cb,10.28,2026-06-25 02:15:52.036209,57.12,46.84,0.0001,12,0,5,1440
CAMP_0009,MetaChain,MetaChain is a community-driven initiative that helps content creators access decentralized finance using blockchain technology. Our liquidity pooling ensures lower transaction costs for all participants.,False,4,Yes,0x7a6b756cadce1dbd861c349cda6fbad3d06a3aaa,7.71,2026-07-02 18:15:52.036209,64.83,57.12,0.0001,12,1,6,1440
CAMP_0009,MetaChain,MetaChain is a community-driven initiative that helps content creators access decentralized finance using blockchain technology. Our liquidity pooling ensures lower transaction costs for all participants.,False,4,Yes,0x6fbaeca423a54abca3cdcb1e437555ae6f0ef126,4.03,2026-07-02 21:15:52.036209,68.86,64.83,0.0001,12,0,7,1440
CAMP_0009,MetaChain,MetaChain is a community-driven initiative that helps content creators access decentralized finance using blockchain technology. Our liquidity pooling ensures lower transaction costs for all participants.,False,4,Yes,0x0babc95c0ae26e1a6fca0aad8b8adc1d7095ebbb,13.63,2026-07-02 22:15:52.036209,82.49,68.86,0.0001,12,0,8,1440
CAMP_0009,MetaChain,MetaChain is a community-driven initiative that helps content creators access decentralized finance using blockchain technology. Our liquidity pooling ensures lower transaction costs for all participants.,False,4,Yes,0x2b04dda11edc0e6fcaf8135c8d7a3ffbf19c7af8,2.74,2026-07-05 10:15:52.036209,85.23,82.49,0.0001,12,1,9,1440
CAMP_0009,MetaChain,MetaChain is a community-driven initiative that helps content creators access decentralized finance using blockchain technology. Our liquidity pooling ensures lower transaction costs for all participants.,False,4,Yes,0x9afa1efda7a580a86dadbdbb9c0fb8acbd1686ca,159.7,2026-07-05 14:15:52.036209,244.93,85.23,0.0001,12,0,10,1440
CAMP_0009,MetaChain,MetaChain is a community-driven initiative that helps content creators access decentralized finance using blockchain technology. Our liquidity pooling ensures lower transaction costs for all participants.,False,4,Yes,0x2fccefe50aaee3cda277ec7f6ebca67f8bfeb947,3.35,2026-07-18 20:15:52.036209,248.28,244.93,0.0001,12,1,11,1440
CAMP_0009,MetaChain,MetaChain is a community-driven initiative that helps content creators access decentralized finance using blockchain technology. Our liquidity pooling ensures lower transaction costs for all participants.,False,4,Yes,0xb9bb5e1ecadacc3f12ba8ae1bddd033b8c4e6ce6,9.25,2026-07-22 02:15:52.036209,257.53,248.28,0.0001,12,0,12,1440
CAMP_0010,FluxChain,FluxChain is a decentralized platform built on Optimism that enables users to participate in governance through liquidity pooling. Our smart contracts have been designed to maximum transparency.,False,1,Yes,0x9afa1efda7a580a86dadbdbb9c0fb8acbd1686ca,12.38,2026-06-07 11:15:52.036859,12.38,0.0,0.0008,50,1,1,1080
CAMP_0010,FluxChain,FluxChain is a decentralized platform built on Optimism that enables users to participate in governance through liquidity pooling. Our smart contracts have been designed to maximum transparency.,False,1,Yes,0xc869054a9c2ada76c3dcc3b5d110b0c8cdcbfab8,82.69,2026-06-07 20:15:52.036859,95.07,12.38,0.0008,50,0,2,1080
CAMP_0010,FluxChain,FluxChain is a decentralized platform built on Optimism that enables users to participate in governance through liquidity pooling. Our smart contracts have been designed to maximum transparency.,False,1,Yes,0x0ce036bd1e085ced0de58f26db4bae05b78377d5,21.78,2026-06-08 20:15:52.036859,116.85,95.07,0.0008,50,1,3,1080
CAMP_0010,FluxChain,FluxChain is a decentralized platform built on Optimism that enables users to participate in governance through liquidity pooling. Our smart contracts have been designed to maximum transparency.,False,1,Yes,0x55268d5d37c6aaba60ebf471adeabc9daa88c4c1,238.15,2026-06-09 13:15:52.036859,355.0,116.85,0.0008,50,0,4,1080
CAMP_0010,FluxChain,FluxChain is a decentralized platform built on Optimism that enables users to participate in governance through liquidity pooling. Our smart contracts have been designed to maximum transparency.,False,1,Yes,0x807ace9acd44907e83a2d08c0e2a1847a8ac510b,165.08,2026-06-10 01:15:52.036859,520.08,355.0,0.0008,50,0,5,1080
CAMP_0010,FluxChain,FluxChain is a decentralized platform built on Optimism that enables users to participate in governance through liquidity pooling. Our smart contracts have been designed to maximum transparency.,False,1,Yes,0xed0b860b3b41a89db46821c181bb22cae4da51b7,14.9,2026-06-10 21:15:52.036859,534.98,520.08,0.0008,50,0,6,1080
CAMP_0010,FluxChain,FluxChain is a decentralized platform built on Optimism that enables users to participate in governance through liquidity pooling. Our smart contracts have been designed to maximum transparency.,False,1,Yes,0x154b0e42fec70cebccf8e82633ebfe3ffeb4c36f,64.45,2026-06-11 09:15:52.036859,599.43,534.98,0.0008,50,1,7,1080
CAMP_0010,FluxChain,FluxChain is a decentralized platform built on Optimism that enables users to participate in governance through liquidity pooling. Our smart contracts have been designed to maximum transparency.,False,1,Yes,0x3a76bfab7ce1b1a4cbc2a5a9a0aabfae67d0eb5e,43.57,2026-06-11 19:15:52.036859,643.0,599.43,0.0008,50,0,8,1080
CAMP_0010,FluxChain,FluxChain is a decentralized platform built on Optimism that enables users to participate in governance through liquidity pooling. Our smart contracts have been designed to maximum transparency.,False,1,Yes,0x84fdd71da34fda1b6bc9f01b02beaed3ce03eae1,103.79,2026-06-12 08:15:52.036859,746.79,643.0,0.0008,50,0,9,1080
CAMP_0010,FluxChain,FluxChain is a decentralized platform built on Optimism that enables users to participate in governance through liquidity pooling. Our smart contracts have been designed to maximum transparency.,False,1,Yes,0x4006ebbc576ef2b9ad0420df1a854d1b6ba7de76,6.31,2026-06-13 12:15:52.036859,753.1,746.79,0.0008,50,0,10,1080
CAMP_0010,FluxChain,FluxChain is a decentralized platform built on Optimism that enables users to participate in governance through liquidity pooling. Our smart contracts have been designed to maximum transparency.,False,1,Yes,0xae71b4945c7cca7f12ba2c90f4f2e3e6e58d386f,45.75,2026-06-13 20:15:52.036859,798.85,753.1,0.0008,50,0,11,1080
CAMP_0010,FluxChain,FluxChain is a decentralized platform built on Optimism that enables users to participate in governance through liquidity pooling. Our smart contracts have been designed to maximum transparency.,False,1,Yes,0xc59d3eee5fdcbea9cbbb0ebace7f8df1bf1aae30,71.53,2026-06-14 19:15:52.036859,870.38,798.85,0.0008,50,0,12,1080
CAMP_0010,FluxChain,FluxChain is a decentralized platform built on Optimism that enables users to participate in governance through liquidity pooling. Our smart contracts have been designed to maximum transparency.,False,1,Yes,0x1faafeab24f6cab9a7f55242ba44affb624530b6,2.43,2026-06-16 18:15:52.036859,872.81,870.38,0.0008,50,0,13,1080
CAMP_0010,FluxChain,FluxChain is a decentralized platform built on Optimism that enables users to participate in governance through liquidity pooling. Our smart contracts have been designed to maximum transparency.,False,1,Yes,0xecce250dce41ce683e6a2d29eae9a392a8e089ec,4.86,2026-06-17 20:15:52.036859,877.67,872.81,0.0008,50,0,14,1080
CAMP_0010,FluxChain,FluxChain is a decentralized platform built on Optimism that enables users to participate in governance through liquidity pooling. Our smart contracts have been designed to maximum transparency.,False,1,Yes,0xcd16ffbac1fe9e7dbe4f9e12337f7edc5dc26bb3,1.74,2026-06-18 02:15:52.036859,879.41,877.67,0.0008,50,0,15,1080
CAMP_0010,FluxChain,FluxChain is a decentralized platform built on Optimism that enables users to participate in governance through liquidity pooling. Our smart contracts have been designed to maximum transparency.,False,1,Yes,0xa6db8c5f0ebfae81e76cf6688629eedd6c069cea,14.54,2026-06-23 00:15:52.036859,893.95,879.41,0.0008,50,0,16,1080
CAMP_0010,FluxChain,FluxChain is a decentralized platform built on Optimism that enables users to participate in governance through liquidity pooling. Our smart contracts have been designed to maximum transparency.,False,1,Yes,0xae71b4945c7cca7f12ba2c90f4f2e3e6e58d386f,47.52,2026-06-23 11:15:52.036859,941.47,893.95,0.0008,50,0,16,1080
CAMP_0010,FluxChain,FluxChain is a decentralized platform built on Optimism that enables users to participate in governance through liquidity pooling. Our smart contracts have been designed to maximum transparency.,False,1,Yes,0x965089c83a88595aebf6ab9c46ed5d401b425ff5,121.85,2026-06-23 16:15:52.036859,1063.32,941.47,0.0008,50,0,17,1080
CAMP_0010,FluxChain,FluxChain is a decentralized platform built on Optimism that enables users to participate in governance through liquidity pooling. Our smart contracts have been designed to maximum transparency.,False,1,Yes,0x7a6b756cadce1dbd861c349cda6fbad3d06a3aaa,21.95,2026-06-24 07:15:52.036859,1085.27,1063.32,0.0008,50,0,18,1080
CAMP_0010,FluxChain,FluxChain is a decentralized platform built on Optimism that enables users to participate in governance through liquidity pooling. Our smart contracts have been designed to maximum transparency.,False,1,Yes,0x4006ebbc576ef2b9ad0420df1a854d1b6ba7de76,141.79,2026-06-25 16:15:52.036859,1227.06,1085.27,0.0008,50,0,18,1080
CAMP_0010,FluxChain,FluxChain is a decentralized platform built on Optimism that enables users to participate in governance through liquidity pooling. Our smart contracts have been designed to maximum transparency.,False,1,Yes,0xa7d5efea4ad445d32eeedab0adafddafe64c1bab,3.83,2026-06-26 03:15:52.036859,1230.89,1227.06,0.0008,50,1,19,1080
CAMP_0010,FluxChain,FluxChain is a decentralized platform built on Optimism that enables users to participate in governance through liquidity pooling. Our smart contracts have been designed to maximum transparency.,False,1,Yes,0xa92e7aed33873f976f78a9fdc4ae5f98ffdbf664,2.6,2026-06-26 04:15:52.036859,1233.49,1230.89,0.0008,50,0,20,1080
CAMP_0010,FluxChain,FluxChain is a decentralized platform built on Optimism that enables users to participate in governance through liquidity pooling. Our smart contracts have been designed to maximum transparency.,False,1,Yes,0xc869054a9c2ada76c3dcc3b5d110b0c8cdcbfab8,18.79,2026-06-26 11:15:52.036859,1252.28,1233.49,0.0008,50,0,20,1080
CAMP_0010,FluxChain,FluxChain is a decentralized platform built on Optimism that enables users to participate in governance through liquidity pooling. Our smart contracts have been designed to maximum transparency.,False,1,Yes,0x9579929e83e1c22abccc727eadffd7c4e42c8acb,31.84,2026-06-27 06:15:52.036859,1284.12,1252.28,0.0008,50,0,21,1080
CAMP_0010,FluxChain,FluxChain is a decentralized platform built on Optimism that enables users to participate in governance through liquidity pooling. Our smart contracts have been designed to maximum transparency.,False,1,Yes,0x01bbdb9f1bd66b4bb8dce1fac1199d6aa2ff3ebb,19.31,2026-06-27 18:15:52.036859,1303.43,1284.12,0.0008,50,0,22,1080
CAMP_0010,FluxChain,FluxChain is a decentralized platform built on Optimism that enables users to participate in governance through liquidity pooling. Our smart contracts have been designed to maximum transparency.,False,1,Yes,0xc869054a9c2ada76c3dcc3b5d110b0c8cdcbfab8,1.68,2026-06-28 17:15:52.036859,1305.11,1303.43,0.0008,50,0,22,1080
CAMP_0010,FluxChain,FluxChain is a decentralized platform built on Optimism that enables users to participate in governance through liquidity pooling. Our smart contracts have been designed to maximum transparency.,False,1,Yes,0xe064aed1904b04eb4cb0bf73f722cdbabf8ccdcc,18.05,2026-06-29 00:15:52.036859,1323.16,1305.11,0.0008,50,0,23,1080
CAMP_0010,FluxChain,FluxChain is a decentralized platform built on Optimism that enables users to participate in governance through liquidity pooling. Our smart contracts have been designed to maximum transparency.,False,1,Yes,0xc5cb86773b2bd7acb534dae3baaa9ecdddd31966,4.2,2026-07-05 12:15:52.036859,1327.36,1323.16,0.0008,50,0,24,1080
CAMP_0010,FluxChain,FluxChain is a decentralized platform built on Optimism that enables users to participate in governance through liquidity pooling. Our smart contracts have been designed to maximum transparency.,False,1,Yes,0xbe19f2a0ce8eda4f7ed1cbfee3d3ef8aefed0c2f,44.86,2026-07-05 15:15:52.036859,1372.22,1327.36,0.0008,50,0,25,1080
CAMP_0010,FluxChain,FluxChain is a decentralized platform built on Optimism that enables users to participate in governance through liquidity pooling. Our smart contracts have been designed to maximum transparency.,False,1,Yes,0x48f58cbeb2f1e39cbe3870fcf2e29156feaccfe7,31.18,2026-07-05 23:15:52.036859,1403.4,1372.22,0.0008,50,0,26,1080
CAMP_0010,FluxChain,FluxChain is a decentralized platform built on Optimism that enables users to participate in governance through liquidity pooling. Our smart contracts have been designed to maximum transparency.,False,1,Yes,0xfcf2dadca941eac81d13c6f2adb4b99cf6ddae44,6.5,2026-07-06 03:15:52.036859,1409.9,1403.4,0.0008,50,0,27,1080
CAMP_0010,FluxChain,FluxChain is a decentralized platform built on Optimism that enables users to participate in governance through liquidity pooling. Our smart contracts have been designed to maximum transparency.,False,1,Yes,0xc71e6d9f70d7f6fe1e7bee3db01b88cdee8acb8e,10.84,2026-07-06 23:15:52.036859,1420.74,1409.9,0.0008,50,0,28,1080
CAMP_0010,FluxChain,FluxChain is a decentralized platform built on Optimism that enables users to participate in governance through liquidity pooling. Our smart contracts have been designed to maximum transparency.,False,1,Yes,0x7dcc135665e59c7cf940aeef1321dc08a153ed65,5.63,2026-07-06 23:15:52.036859,1426.37,1420.74,0.0008,50,0,29,1080
CAMP_0010,FluxChain,FluxChain is a decentralized platform built on Optimism that enables users to participate in governance through liquidity pooling. Our smart contracts have been designed to maximum transparency.,False,1,Yes,0xc0cf6cce30738c5b28eafb3cfcdd6ac11a7b9dd4,18.63,2026-07-07 04:15:52.036859,1445.0,1426.37,0.0008,50,0,30,1080
CAMP_0010,FluxChain,FluxChain is a decentralized platform built on Optimism that enables users to participate in governance through liquidity pooling. Our smart contracts have been designed to maximum transparency.,False,1,Yes,0x4aa6ab8becbd3b93eefaa74a1804d7aa1f7fbcc5,63.19,2026-07-07 07:15:52.036859,1508.19,1445.0,0.0008,50,0,31,1080
CAMP_0010,FluxChain,FluxChain is a decentralized platform built on Optimism that enables users to participate in governance through liquidity pooling. Our smart contracts have been designed to maximum transparency.,False,1,Yes,0xada4ce9f2fd53cc2fea2cafb6cf5c8ebdd6b9ebc,6.15,2026-07-09 13:15:52.036859,1514.34,1508.19,0.0008,50,0,32,1080
CAMP_0010,FluxChain,FluxChain is a decentralized platform built on Optimism that enables users to participate in governance through liquidity pooling. Our smart contracts have been designed to maximum transparency.,False,1,Yes,0xcca9ef2ab1ecabe3ca28ddb8fea6ff929fa6fcfe,36.78,2026-07-09 13:15:52.036859,1551.12,1514.34,0.0008,50,0,33,1080
CAMP_0010,FluxChain,FluxChain is a decentralized platform built on Optimism that enables users to participate in governance through liquidity pooling. Our smart contracts have been designed to maximum transparency.,False,1,Yes,0x6b3aaac22bc8c0fcf2ca6f97b9fb5bc7fd334417,10.63,2026-07-10 13:15:52.036859,1561.75,1551.12,0.0008,50,0,34,1080
CAMP_0010,FluxChain,FluxChain is a decentralized platform built on Optimism that enables users to participate in governance through liquidity pooling. Our smart contracts have been designed to maximum transparency.,False,1,Yes,0x0a031ed9baf4eb9ed03aedb7052b27ab4ae64bff,7.76,2026-07-10 16:15:52.036859,1569.51,1561.75,0.0008,50,1,35,1080
CAMP_0010,FluxChain,FluxChain is a decentralized platform built on Optimism that enables users to participate in governance through liquidity pooling. Our smart contracts have been designed to maximum transparency.,False,1,Yes,0xf32b5da0b51fc1a7ac852cf5b0c5a83eccea979f,17.66,2026-07-11 17:15:52.036859,1587.17,1569.51,0.0008,50,0,36,1080
CAMP_0010,FluxChain,FluxChain is a decentralized platform built on Optimism that enables users to participate in governance through liquidity pooling. Our smart contracts have been designed to maximum transparency.,False,1,Yes,0xe9f710f8268c1fc7cd5f8688bea48ec3fe210fa9,5.8,2026-07-11 18:15:52.036859,1592.97,1587.17,0.0008,50,0,37,1080
CAMP_0010,FluxChain,FluxChain is a decentralized platform built on Optimism that enables users to participate in governance through liquidity pooling. Our smart contracts have been designed to maximum transparency.,False,1,Yes,0x66cfa3b7cba74fc5b0afb8ecfa0bcdd9baf9e3af,10.34,2026-07-11 21:15:52.036859,1603.31,1592.97,0.0008,50,0,38,1080
CAMP_0010,FluxChain,FluxChain is a decentralized platform built on Optimism that enables users to participate in governance through liquidity pooling. Our smart contracts have been designed to maximum transparency.,False,1,Yes,0xabaabb2be0bdbaf1a8fae11d16dc7fb9d2fceaf4,4.77,2026-07-12 23:15:52.036859,1608.08,1603.31,0.0008,50,0,39,1080
CAMP_0010,FluxChain,FluxChain is a decentralized platform built on Optimism that enables users to participate in governance through liquidity pooling. Our smart contracts have been designed to maximum transparency.,False,1,Yes,0xd6b4ee7149cdaef2a47cf6bf133ff2d4e8abf29e,212.23,2026-07-13 23:15:52.036859,1820.31,1608.08,0.0008,50,0,40,1080
CAMP_0010,FluxChain,FluxChain is a decentralized platform built on Optimism that enables users to participate in governance through liquidity pooling. Our smart contracts have been designed to maximum transparency.,False,1,Yes,0x4006ebbc576ef2b9ad0420df1a854d1b6ba7de76,20.95,2026-07-14 03:15:52.036859,1841.26,1820.31,0.0008,50,0,40,1080
CAMP_0010,FluxChain,FluxChain is a decentralized platform built on Optimism that enables users to participate in governance through liquidity pooling. Our smart contracts have been designed to maximum transparency.,False,1,Yes,0xba6fe2f8b7ea4bb037aadb7d3fa67cbf6b8efcbf,8.67,2026-07-14 05:15:52.036859,1849.93,1841.26,0.0008,50,0,41,1080
CAMP_0010,FluxChain,FluxChain is a decentralized platform built on Optimism that enables users to participate in governance through liquidity pooling. Our smart contracts have been designed to maximum transparency.,False,1,Yes,0x807ace9acd44907e83a2d08c0e2a1847a8ac510b,25.97,2026-07-18 23:15:52.036859,1875.9,1849.93,0.0008,50,0,41,1080
CAMP_0010,FluxChain,FluxChain is a decentralized platform built on Optimism that enables users to participate in governance through liquidity pooling. Our smart contracts have been designed to maximum transparency.,False,1,Yes,0xb06fa7e9ee1dbf13fda620675249c8072d78681d,17.55,2026-07-19 18:15:52.036859,1893.45,1875.9,0.0008,50,0,42,1080
CAMP_0010,FluxChain,FluxChain is a decentralized platform built on Optimism that enables users to participate in governance through liquidity pooling. Our smart contracts have been designed to maximum transparency.,False,1,Yes,0xcee3f533cf584e90d4d8f4ab12d47a5cbeddc7cd,15.41,2026-07-20 07:15:52.036859,1908.86,1893.45,0.0008,50,0,43,1080
CAMP_0010,FluxChain,FluxChain is a decentralized platform built on Optimism that enables users to participate in governance through liquidity pooling. Our smart contracts have been designed to maximum transparency.,False,1,Yes,0xdfc3836a199a155dd426e7db77bcf27e46ff6fac,41.97,2026-07-21 01:15:52.036859,1950.83,1908.86,0.0008,50,0,44,1080
CAMP_0011,ProtoFinance,ProtoFinance is a decentralized platform built on Ethereum that enables users to earn yield on deposits through a staking mechanism. Our smart contracts have been designed to lower transaction costs.,True,1,No,0xd4d67efefbf727ace9ac6cbb03e4a365cf6a0b2d,49.85,2026-07-08 13:15:52.037777,49.85,0.0,0.0017,35,1,1,336
CAMP_0011,ProtoFinance,ProtoFinance is a decentralized platform built on Ethereum that enables users to earn yield on deposits through a staking mechanism. Our smart contracts have been designed to lower transaction costs.,True,1,No,0x550bde397ce95c48a5ccf6fe6cfa1dad6bd7edef,152.1,2026-07-08 17:15:52.037777,201.95,49.85,0.0017,35,1,2,336
CAMP_0011,ProtoFinance,ProtoFinance is a decentralized platform built on Ethereum that enables users to earn yield on deposits through a staking mechanism. Our smart contracts have been designed to lower transaction costs.,True,1,No,0x0babc95c0ae26e1a6fca0aad8b8adc1d7095ebbb,57.86,2026-07-08 23:15:52.037777,259.81,201.95,0.0017,35,1,3,336
CAMP_0011,ProtoFinance,ProtoFinance is a decentralized platform built on Ethereum that enables users to earn yield on deposits through a staking mechanism. Our smart contracts have been designed to lower transaction costs.,True,1,No,0x2fbf7842caeed0b52c1a44d73d0c3253e00b5731,19.89,2026-07-09 00:15:52.037777,279.7,259.81,0.0017,35,0,4,336
CAMP_0011,ProtoFinance,ProtoFinance is a decentralized platform built on Ethereum that enables users to earn yield on deposits through a staking mechanism. Our smart contracts have been designed to lower transaction costs.,True,1,No,0x60a4e70edce31bf255f6a2306b6a2a1ce379dd2b,118.62,2026-07-09 00:15:52.037777,398.32,279.7,0.0017,35,0,5,336
CAMP_0011,ProtoFinance,ProtoFinance is a decentralized platform built on Ethereum that enables users to earn yield on deposits through a staking mechanism. Our smart contracts have been designed to lower transaction costs.,True,1,No,0xc5cd84fb212db918fbfc0feb5e299ed5b3ed6ed3,22.04,2026-07-09 01:15:52.037777,420.36,398.32,0.0017,35,0,6,336
CAMP_0011,ProtoFinance,ProtoFinance is a decentralized platform built on Ethereum that enables users to earn yield on deposits through a staking mechanism. Our smart contracts have been designed to lower transaction costs.,True,1,No,0xc26b798ad063df0d75aed0b66af2d2f9c59e44ca,7.15,2026-07-09 11:15:52.037777,427.51,420.36,0.0017,35,1,7,336
CAMP_0011,ProtoFinance,ProtoFinance is a decentralized platform built on Ethereum that enables users to earn yield on deposits through a staking mechanism. Our smart contracts have been designed to lower transaction costs.,True,1,No,0xed0b860b3b41a89db46821c181bb22cae4da51b7,124.93,2026-07-09 14:15:52.037777,552.44,427.51,0.0017,35,1,8,336
CAMP_0011,ProtoFinance,ProtoFinance is a decentralized platform built on Ethereum that enables users to earn yield on deposits through a staking mechanism. Our smart contracts have been designed to lower transaction costs.,True,1,No,0xf2316ba3db2ab4b9bfe7fc3cbad7239fc9e02cdb,38.35,2026-07-09 14:15:52.037777,590.79,552.44,0.0017,35,0,9,336
CAMP_0011,ProtoFinance,ProtoFinance is a decentralized platform built on Ethereum that enables users to earn yield on deposits through a staking mechanism. Our smart contracts have been designed to lower transaction costs.,True,1,No,0x93edfdb3ace268819c62f6bbfd2adfafef6d6bf7,5.79,2026-07-10 01:15:52.037777,596.58,590.79,0.0017,35,0,10,336
CAMP_0011,ProtoFinance,ProtoFinance is a decentralized platform built on Ethereum that enables users to earn yield on deposits through a staking mechanism. Our smart contracts have been designed to lower transaction costs.,True,1,No,0x2aee8ff0def4ce3a5f3d1fed95515208afda8c2a,15.98,2026-07-10 18:15:52.037777,612.56,596.58,0.0017,35,0,11,336
CAMP_0011,ProtoFinance,ProtoFinance is a decentralized platform built on Ethereum that enables users to earn yield on deposits through a staking mechanism. Our smart contracts have been designed to lower transaction costs.,True,1,No,0xcd07a283cab399e596a9b6bac8efa68bfbb35edc,7.02,2026-07-11 16:15:52.037777,619.58,612.56,0.0017,35,0,12,336
CAMP_0011,ProtoFinance,ProtoFinance is a decentralized platform built on Ethereum that enables users to earn yield on deposits through a staking mechanism. Our smart contracts have been designed to lower transaction costs.,True,1,No,0xc5cb86773b2bd7acb534dae3baaa9ecdddd31966,3.82,2026-07-12 00:15:52.037777,623.4,619.58,0.0017,35,0,13,336
CAMP_0011,ProtoFinance,ProtoFinance is a decentralized platform built on Ethereum that enables users to earn yield on deposits through a staking mechanism. Our smart contracts have been designed to lower transaction costs.,True,1,No,0xa3e0e697ba0ae3ba2dfd74e7b72ad84aad3ea83f,61.03,2026-07-13 01:15:52.037777,684.43,623.4,0.0017,35,0,14,336
CAMP_0011,ProtoFinance,ProtoFinance is a decentralized platform built on Ethereum that enables users to earn yield on deposits through a staking mechanism. Our smart contracts have been designed to lower transaction costs.,True,1,No,0x9d1b3c9f2bef2993cf4a5fdbf2297b8bbe88aece,198.6,2026-07-13 09:15:52.037777,883.03,684.43,0.0017,35,0,15,336
CAMP_0011,ProtoFinance,ProtoFinance is a decentralized platform built on Ethereum that enables users to earn yield on deposits through a staking mechanism. Our smart contracts have been designed to lower transaction costs.,True,1,No,0xcd16ffbac1fe9e7dbe4f9e12337f7edc5dc26bb3,3.75,2026-07-13 16:15:52.037777,886.78,883.03,0.0017,35,1,16,336
CAMP_0011,ProtoFinance,ProtoFinance is a decentralized platform built on Ethereum that enables users to earn yield on deposits through a staking mechanism. Our smart contracts have been designed to lower transaction costs.,True,1,No,0x4dd42d7362b00bad8132defd1efb25fbab94f72d,39.47,2026-07-13 17:15:52.037777,926.25,886.78,0.0017,35,1,17,336
CAMP_0011,ProtoFinance,ProtoFinance is a decentralized platform built on Ethereum that enables users to earn yield on deposits through a staking mechanism. Our smart contracts have been designed to lower transaction costs.,True,1,No,0x58b82cdceceaf96fcb9ad5efb1fa8befbb7dbe1a,9.2,2026-07-14 11:15:52.037777,935.45,926.25,0.0017,35,0,18,336
CAMP_0011,ProtoFinance,ProtoFinance is a decentralized platform built on Ethereum that enables users to earn yield on deposits through a staking mechanism. Our smart contracts have been designed to lower transaction costs.,True,1,No,0x5ef0a24e0fbf9218a26d3ba2f3b0e9fd39fc12ac,11.19,2026-07-14 20:15:52.037777,946.64,935.45,0.0017,35,0,19,336
CAMP_0011,ProtoFinance,ProtoFinance is a decentralized platform built on Ethereum that enables users to earn yield on deposits through a staking mechanism. Our smart contracts have been designed to lower transaction costs.,True,1,No,0xc5cb86773b2bd7acb534dae3baaa9ecdddd31966,9.87,2026-07-16 05:15:52.037777,956.51,946.64,0.0017,35,0,19,336
CAMP_0011,ProtoFinance,ProtoFinance is a decentralized platform built on Ethereum that enables users to earn yield on deposits through a staking mechanism. Our smart contracts have been designed to lower transaction costs.,True,1,No,0x12e6fedd7c37ff8de68bbecafbe97734ea431c2a,7.12,2026-07-16 10:15:52.037777,963.63,956.51,0.0017,35,0,20,336
CAMP_0011,ProtoFinance,ProtoFinance is a decentralized platform built on Ethereum that enables users to earn yield on deposits through a staking mechanism. Our smart contracts have been designed to lower transaction costs.,True,1,No,0x3d3f96a9d224d5acb0d5ca91d5cdcc13e0cec6e1,21.29,2026-07-16 20:15:52.037777,984.92,963.63,0.0017,35,0,21,336
CAMP_0011,ProtoFinance,ProtoFinance is a decentralized platform built on Ethereum that enables users to earn yield on deposits through a staking mechanism. Our smart contracts have been designed to lower transaction costs.,True,1,No,0x965089c83a88595aebf6ab9c46ed5d401b425ff5,7.41,2026-07-17 01:15:52.037777,992.33,984.92,0.0017,35,0,22,336
CAMP_0011,ProtoFinance,ProtoFinance is a decentralized platform built on Ethereum that enables users to earn yield on deposits through a staking mechanism. Our smart contracts have been designed to lower transaction costs.,True,1,No,0xcfcde0ec53f670dc83d0a4978fbc113de5ea96a2,27.79,2026-07-17 08:15:52.037777,1020.12,992.33,0.0017,35,1,23,336
CAMP_0011,ProtoFinance,ProtoFinance is a decentralized platform built on Ethereum that enables users to earn yield on deposits through a staking mechanism. Our smart contracts have been designed to lower transaction costs.,True,1,No,0x9579929e83e1c22abccc727eadffd7c4e42c8acb,18.91,2026-07-17 10:15:52.037777,1039.03,1020.12,0.0017,35,0,24,336
CAMP_0011,ProtoFinance,ProtoFinance is a decentralized platform built on Ethereum that enables users to earn yield on deposits through a staking mechanism. Our smart contracts have been designed to lower transaction costs.,True,1,No,0x0ce036bd1e085ced0de58f26db4bae05b78377d5,15.08,2026-07-17 21:15:52.037777,1054.11,1039.03,0.0017,35,0,25,336
CAMP_0011,ProtoFinance,ProtoFinance is a decentralized platform built on Ethereum that enables users to earn yield on deposits through a staking mechanism. Our smart contracts have been designed to lower transaction costs.,True,1,No,0x1d5dc15e42ecabb4299aaef287c549965e9cc1fc,6.76,2026-07-18 01:15:52.037777,1060.87,1054.11,0.0017,35,0,26,336
CAMP_0011,ProtoFinance,ProtoFinance is a decentralized platform built on Ethereum that enables users to earn yield on deposits through a staking mechanism. Our smart contracts have been designed to lower transaction costs.,True,1,No,0x2b35afa17a3ef6fcfe3506254c0678b36e8a3a70,10.05,2026-07-18 08:15:52.037777,1070.92,1060.87,0.0017,35,0,27,336
CAMP_0011,ProtoFinance,ProtoFinance is a decentralized platform built on Ethereum that enables users to earn yield on deposits through a staking mechanism. Our smart contracts have been designed to lower transaction costs.,True,1,No,0x619ba2dd0b539d59e1f1bbfc8adf50b7adaa70cb,49.72,2026-07-18 09:15:52.037777,1120.64,1070.92,0.0017,35,0,28,336
CAMP_0011,ProtoFinance,ProtoFinance is a decentralized platform built on Ethereum that enables users to earn yield on deposits through a staking mechanism. Our smart contracts have been designed to lower transaction costs.,True,1,No,0xf32b5da0b51fc1a7ac852cf5b0c5a83eccea979f,36.64,2026-07-19 19:15:52.037777,1157.28,1120.64,0.0017,35,0,29,336
CAMP_0011,ProtoFinance,ProtoFinance is a decentralized platform built on Ethereum that enables users to earn yield on deposits through a staking mechanism. Our smart contracts have been designed to lower transaction costs.,True,1,No,0xc71e6d9f70d7f6fe1e7bee3db01b88cdee8acb8e,6.21,2026-07-19 20:15:52.037777,1163.49,1157.28,0.0017,35,0,30,336
CAMP_0011,ProtoFinance,ProtoFinance is a decentralized platform built on Ethereum that enables users to earn yield on deposits through a staking mechanism. Our smart contracts have been designed to lower transaction costs.,True,1,No,0xbf2e57e8ccf1e3ccd1a5f14e85ab9c92ae29c01d,22.63,2026-07-20 16:15:52.037777,1186.12,1163.49,0.0017,35,0,31,336
CAMP_0011,ProtoFinance,ProtoFinance is a decentralized platform built on Ethereum that enables users to earn yield on deposits through a staking mechanism. Our smart contracts have been designed to lower transaction costs.,True,1,No,0x4aa6ab8becbd3b93eefaa74a1804d7aa1f7fbcc5,49.48,2026-07-20 22:15:52.037777,1235.6,1186.12,0.0017,35,0,32,336
CAMP_0011,ProtoFinance,ProtoFinance is a decentralized platform built on Ethereum that enables users to earn yield on deposits through a staking mechanism. Our smart contracts have been designed to lower transaction costs.,True,1,No,0x807ace9acd44907e83a2d08c0e2a1847a8ac510b,2.71,2026-07-21 01:15:52.037777,1238.31,1235.6,0.0017,35,0,33,336
CAMP_0011,ProtoFinance,ProtoFinance is a decentralized platform built on Ethereum that enables users to earn yield on deposits through a staking mechanism. Our smart contracts have been designed to lower transaction costs.,True,1,No,0x6523fcf0c7257be5f089a5ab30cf2c8dec5b01d9,38.55,2026-07-21 10:15:52.037777,1276.86,1238.31,0.0017,35,0,34,336
CAMP_0012,MetaChain,"MetaChain aims to solve high transaction fees in the Web3 ecosystem by providing a innovative solution for small businesses. Built on BNB Chain, we focus on greater financial inclusion.",True,4,Yes,0x0cc6ca005fcaed9af526f1accddaf2bcc317d235,353.49,2026-07-01 11:15:52.038377,353.49,0.0,0.0013,40,1,1,504
CAMP_0012,MetaChain,"MetaChain aims to solve high transaction fees in the Web3 ecosystem by providing a innovative solution for small businesses. Built on BNB Chain, we focus on greater financial inclusion.",True,4,Yes,0x0a031ed9baf4eb9ed03aedb7052b27ab4ae64bff,9.73,2026-07-01 20:15:52.038377,363.22,353.49,0.0013,40,0,2,504
CAMP_0012,MetaChain,"MetaChain aims to solve high transaction fees in the Web3 ecosystem by providing a innovative solution for small businesses. Built on BNB Chain, we focus on greater financial inclusion.",True,4,Yes,0xbebe1da1d6f26fadbd6fb279e61d5ee97e7dfc96,15.55,2026-07-01 23:15:52.038377,378.77,363.22,0.0013,40,0,3,504
CAMP_0012,MetaChain,"MetaChain aims to solve high transaction fees in the Web3 ecosystem by providing a innovative solution for small businesses. Built on BNB Chain, we focus on greater financial inclusion.",True,4,Yes,0xcca9ef2ab1ecabe3ca28ddb8fea6ff929fa6fcfe,24.32,2026-07-02 06:15:52.038377,403.09,378.77,0.0013,40,1,4,504
CAMP_0012,MetaChain,"MetaChain aims to solve high transaction fees in the Web3 ecosystem by providing a innovative solution for small businesses. Built on BNB Chain, we focus on greater financial inclusion.",True,4,Yes,0xa96f447a6cec136580e840cb5feb8bacd7e2b1c2,34.53,2026-07-03 00:15:52.038377,437.62,403.09,0.0013,40,0,5,504
CAMP_0012,MetaChain,"MetaChain aims to solve high transaction fees in the Web3 ecosystem by providing a innovative solution for small businesses. Built on BNB Chain, we focus on greater financial inclusion.",True,4,Yes,0x9cbe4f58e66a1aff145edd83cfdfe0b6ee222c5d,43.49,2026-07-03 09:15:52.038377,481.11,437.62,0.0013,40,0,6,504
CAMP_0012,MetaChain,"MetaChain aims to solve high transaction fees in the Web3 ecosystem by providing a innovative solution for small businesses. Built on BNB Chain, we focus on greater financial inclusion.",True,4,Yes,0x52aa8c559f6ea2c9d91fc771bdcfeebb243b0c8b,45.64,2026-07-04 22:15:52.038377,526.75,481.11,0.0013,40,0,7,504
CAMP_0012,MetaChain,"MetaChain aims to solve high transaction fees in the Web3 ecosystem by providing a innovative solution for small businesses. Built on BNB Chain, we focus on greater financial inclusion.",True,4,Yes,0x57f3371edeac7b6441b9b244774abfcf0e9dddff,16.89,2026-07-05 04:15:52.038377,543.64,526.75,0.0013,40,0,8,504
CAMP_0012,MetaChain,"MetaChain aims to solve high transaction fees in the Web3 ecosystem by providing a innovative solution for small businesses. Built on BNB Chain, we focus on greater financial inclusion.",True,4,Yes,0xbe19f2a0ce8eda4f7ed1cbfee3d3ef8aefed0c2f,44.78,2026-07-05 15:15:52.038377,588.42,543.64,0.0013,40,0,9,504
CAMP_0012,MetaChain,"MetaChain aims to solve high transaction fees in the Web3 ecosystem by providing a innovative solution for small businesses. Built on BNB Chain, we focus on greater financial inclusion.",True,4,Yes,0xcee3f533cf584e90d4d8f4ab12d47a5cbeddc7cd,16.01,2026-07-06 03:15:52.038377,604.43,588.42,0.0013,40,0,10,504
CAMP_0012,MetaChain,"MetaChain aims to solve high transaction fees in the Web3 ecosystem by providing a innovative solution for small businesses. Built on BNB Chain, we focus on greater financial inclusion.",True,4,Yes,0xb06fa7e9ee1dbf13fda620675249c8072d78681d,40.25,2026-07-06 08:15:52.038377,644.68,604.43,0.0013,40,0,11,504
CAMP_0012,MetaChain,"MetaChain aims to solve high transaction fees in the Web3 ecosystem by providing a innovative solution for small businesses. Built on BNB Chain, we focus on greater financial inclusion.",True,4,Yes,0xbebe1da1d6f26fadbd6fb279e61d5ee97e7dfc96,36.48,2026-07-06 20:15:52.038377,681.16,644.68,0.0013,40,0,11,504
CAMP_0012,MetaChain,"MetaChain aims to solve high transaction fees in the Web3 ecosystem by providing a innovative solution for small businesses. Built on BNB Chain, we focus on greater financial inclusion.",True,4,Yes,0x1dd8f804807c4ed5f728c3c66ad7df7d74ee85f2,50.17,2026-07-07 04:15:52.038377,731.33,681.16,0.0013,40,0,12,504
CAMP_0012,MetaChain,"MetaChain aims to solve high transaction fees in the Web3 ecosystem by providing a innovative solution for small businesses. Built on BNB Chain, we focus on greater financial inclusion.",True,4,Yes,0xbf2e57e8ccf1e3ccd1a5f14e85ab9c92ae29c01d,43.19,2026-07-07 05:15:52.038377,774.52,731.33,0.0013,40,0,13,504
CAMP_0012,MetaChain,"MetaChain aims to solve high transaction fees in the Web3 ecosystem by providing a innovative solution for small businesses. Built on BNB Chain, we focus on greater financial inclusion.",True,4,Yes,0xcd16ffbac1fe9e7dbe4f9e12337f7edc5dc26bb3,11.81,2026-07-07 06:15:52.038377,786.33,774.52,0.0013,40,0,14,504
CAMP_0012,MetaChain,"MetaChain aims to solve high transaction fees in the Web3 ecosystem by providing a innovative solution for small businesses. Built on BNB Chain, we focus on greater financial inclusion.",True,4,Yes,0xdef31c67e138acd2dda0e3d3244ffa5651cc3796,34.83,2026-07-07 08:15:52.038377,821.16,786.33,0.0013,40,0,15,504
CAMP_0012,MetaChain,"MetaChain aims to solve high transaction fees in the Web3 ecosystem by providing a innovative solution for small businesses. Built on BNB Chain, we focus on greater financial inclusion.",True,4,Yes,0xf2316ba3db2ab4b9bfe7fc3cbad7239fc9e02cdb,44.0,2026-07-08 03:15:52.038377,865.16,821.16,0.0013,40,0,16,504
CAMP_0012,MetaChain,"MetaChain aims to solve high transaction fees in the Web3 ecosystem by providing a innovative solution for small businesses. Built on BNB Chain, we focus on greater financial inclusion.",True,4,Yes,0xe9f710f8268c1fc7cd5f8688bea48ec3fe210fa9,4.27,2026-07-08 10:15:52.038377,869.43,865.16,0.0013,40,0,17,504
CAMP_0012,MetaChain,"MetaChain aims to solve high transaction fees in the Web3 ecosystem by providing a innovative solution for small businesses. Built on BNB Chain, we focus on greater financial inclusion.",True,4,Yes,0xada4ce9f2fd53cc2fea2cafb6cf5c8ebdd6b9ebc,14.46,2026-07-08 14:15:52.038377,883.89,869.43,0.0013,40,0,18,504
CAMP_0012,MetaChain,"MetaChain aims to solve high transaction fees in the Web3 ecosystem by providing a innovative solution for small businesses. Built on BNB Chain, we focus on greater financial inclusion.",True,4,Yes,0x8bdf62e6d423ad9cabe45ad19f1c1cbc37b24c2b,41.67,2026-07-08 20:15:52.038377,925.56,883.89,0.0013,40,0,19,504
CAMP_0012,MetaChain,"MetaChain aims to solve high transaction fees in the Web3 ecosystem by providing a innovative solution for small businesses. Built on BNB Chain, we focus on greater financial inclusion.",True,4,Yes,0xadcb36b2cd04cc5aef6cbd208d3dc73daf683cfc,156.2,2026-07-10 06:15:52.038377,1081.76,925.56,0.0013,40,0,20,504
CAMP_0012,MetaChain,"MetaChain aims to solve high transaction fees in the Web3 ecosystem by providing a innovative solution for small businesses. Built on BNB Chain, we focus on greater financial inclusion.",True,4,Yes,0x7feccc86fad01defa92dd9fd1b683bcb31dd5e3a,54.05,2026-07-10 19:15:52.038377,1135.81,1081.76,0.0013,40,0,21,504
CAMP_0012,MetaChain,"MetaChain aims to solve high transaction fees in the Web3 ecosystem by providing a innovative solution for small businesses. Built on BNB Chain, we focus on greater financial inclusion.",True,4,Yes,0xe33109d65ff9febdee9bedc136ac62ffeba10975,168.49,2026-07-12 05:15:52.038377,1304.3,1135.81,0.0013,40,0,22,504
CAMP_0012,MetaChain,"MetaChain aims to solve high transaction fees in the Web3 ecosystem by providing a innovative solution for small businesses. Built on BNB Chain, we focus on greater financial inclusion.",True,4,Yes,0x9cbe4f58e66a1aff145edd83cfdfe0b6ee222c5d,12.45,2026-07-12 07:15:52.038377,1316.75,1304.3,0.0013,40,0,22,504
CAMP_0012,MetaChain,"MetaChain aims to solve high transaction fees in the Web3 ecosystem by providing a innovative solution for small businesses. Built on BNB Chain, we focus on greater financial inclusion.",True,4,Yes,0xada4ce9f2fd53cc2fea2cafb6cf5c8ebdd6b9ebc,27.12,2026-07-12 21:15:52.038377,1343.87,1316.75,0.0013,40,0,22,504
CAMP_0012,MetaChain,"MetaChain aims to solve high transaction fees in the Web3 ecosystem by providing a innovative solution for small businesses. Built on BNB Chain, we focus on greater financial inclusion.",True,4,Yes,0xb9bb5e1ecadacc3f12ba8ae1bddd033b8c4e6ce6,52.82,2026-07-13 15:15:52.038377,1396.69,1343.87,0.0013,40,0,23,504
CAMP_0012,MetaChain,"MetaChain aims to solve high transaction fees in the Web3 ecosystem by providing a innovative solution for small businesses. Built on BNB Chain, we focus on greater financial inclusion.",True,4,Yes,0x2cbda3dff00d2cbf97ce046b6b70f7fd0377eebe,1.23,2026-07-14 17:15:52.038377,1397.92,1396.69,0.0013,40,0,24,504
CAMP_0012,MetaChain,"MetaChain aims to solve high transaction fees in the Web3 ecosystem by providing a innovative solution for small businesses. Built on BNB Chain, we focus on greater financial inclusion.",True,4,Yes,0xa96f447a6cec136580e840cb5feb8bacd7e2b1c2,123.1,2026-07-14 18:15:52.038377,1521.02,1397.92,0.0013,40,0,24,504
CAMP_0012,MetaChain,"MetaChain aims to solve high transaction fees in the Web3 ecosystem by providing a innovative solution for small businesses. Built on BNB Chain, we focus on greater financial inclusion.",True,4,Yes,0x84fdd71da34fda1b6bc9f01b02beaed3ce03eae1,2.15,2026-07-14 19:15:52.038377,1523.17,1521.02,0.0013,40,0,25,504
CAMP_0012,MetaChain,"MetaChain aims to solve high transaction fees in the Web3 ecosystem by providing a innovative solution for small businesses. Built on BNB Chain, we focus on greater financial inclusion.",True,4,Yes,0xba6fe2f8b7ea4bb037aadb7d3fa67cbf6b8efcbf,66.44,2026-07-14 22:15:52.038377,1589.61,1523.17,0.0013,40,0,26,504
CAMP_0012,MetaChain,"MetaChain aims to solve high transaction fees in the Web3 ecosystem by providing a innovative solution for small businesses. Built on BNB Chain, we focus on greater financial inclusion.",True,4,Yes,0xe9f710f8268c1fc7cd5f8688bea48ec3fe210fa9,45.8,2026-07-15 00:15:52.038377,1635.41,1589.61,0.0013,40,0,26,504
CAMP_0012,MetaChain,"MetaChain aims to solve high transaction fees in the Web3 ecosystem by providing a innovative solution for small businesses. Built on BNB Chain, we focus on greater financial inclusion.",True,4,Yes,0xadac5bb6ee8ff6c05dbdcefeacdbf63f43b89c2c,1.21,2026-07-15 07:15:52.038377,1636.62,1635.41,0.0013,40,0,27,504
CAMP_0012,MetaChain,"MetaChain aims to solve high transaction fees in the Web3 ecosystem by providing a innovative solution for small businesses. Built on BNB Chain, we focus on greater financial inclusion.",True,4,Yes,0xa92e7aed33873f976f78a9fdc4ae5f98ffdbf664,1.29,2026-07-16 06:15:52.038377,1637.91,1636.62,0.0013,40,0,28,504
CAMP_0012,MetaChain,"MetaChain aims to solve high transaction fees in the Web3 ecosystem by providing a innovative solution for small businesses. Built on BNB Chain, we focus on greater financial inclusion.",True,4,Yes,0xcd16ffbac1fe9e7dbe4f9e12337f7edc5dc26bb3,112.05,2026-07-17 08:15:52.038377,1749.96,1637.91,0.0013,40,0,28,504
CAMP_0012,MetaChain,"MetaChain aims to solve high transaction fees in the Web3 ecosystem by providing a innovative solution for small businesses. Built on BNB Chain, we focus on greater financial inclusion.",True,4,Yes,0x6fbaeca423a54abca3cdcb1e437555ae6f0ef126,86.29,2026-07-17 12:15:52.038377,1836.25,1749.96,0.0013,40,0,29,504
CAMP_0012,MetaChain,"MetaChain aims to solve high transaction fees in the Web3 ecosystem by providing a innovative solution for small businesses. Built on BNB Chain, we focus on greater financial inclusion.",True,4,Yes,0x1db617babaa9fb60eafc1a31fbd61bc626c023d3,6.98,2026-07-17 16:15:52.038377,1843.23,1836.25,0.0013,40,0,30,504
CAMP_0012,MetaChain,"MetaChain aims to solve high transaction fees in the Web3 ecosystem by providing a innovative solution for small businesses. Built on BNB Chain, we focus on greater financial inclusion.",True,4,Yes,0x8bdf62e6d423ad9cabe45ad19f1c1cbc37b24c2b,6.97,2026-07-18 09:15:52.038377,1850.2,1843.23,0.0013,40,0,30,504
CAMP_0012,MetaChain,"MetaChain aims to solve high transaction fees in the Web3 ecosystem by providing a innovative solution for small businesses. Built on BNB Chain, we focus on greater financial inclusion.",True,4,Yes,0x0cc6ca005fcaed9af526f1accddaf2bcc317d235,37.16,2026-07-18 12:15:52.038377,1887.36,1850.2,0.0013,40,0,30,504
CAMP_0012,MetaChain,"MetaChain aims to solve high transaction fees in the Web3 ecosystem by providing a innovative solution for small businesses. Built on BNB Chain, we focus on greater financial inclusion.",True,4,Yes,0xa92e7aed33873f976f78a9fdc4ae5f98ffdbf664,19.78,2026-07-21 21:15:52.038377,1907.14,1887.36,0.0013,40,0,30,504
CAMP_0012,MetaChain,"MetaChain aims to solve high transaction fees in the Web3 ecosystem by providing a innovative solution for small businesses. Built on BNB Chain, we focus on greater financial inclusion.",True,4,Yes,0x550bde397ce95c48a5ccf6fe6cfa1dad6bd7edef,71.18,2026-07-22 10:15:52.038377,1978.32,1907.14,0.0013,40,0,31,504
CAMP_0013,FluxProtocol,"FluxProtocol aims to solve liquidity fragmentation in the Web3 ecosystem by providing a scalable solution for content creators. Built on Polygon, we focus on lower transaction costs.",True,4,No,0x374db1fbaff2e5be1f4cb7cc3dbfe0fecc4fda6a,4.89,2026-07-08 15:15:52.039148,4.89,0.0,0.002,41,1,1,336
CAMP_0013,FluxProtocol,"FluxProtocol aims to solve liquidity fragmentation in the Web3 ecosystem by providing a scalable solution for content creators. Built on Polygon, we focus on lower transaction costs.",True,4,No,0x154b0e42fec70cebccf8e82633ebfe3ffeb4c36f,8.88,2026-07-08 20:15:52.039148,13.77,4.89,0.002,41,1,2,336
CAMP_0013,FluxProtocol,"FluxProtocol aims to solve liquidity fragmentation in the Web3 ecosystem by providing a scalable solution for content creators. Built on Polygon, we focus on lower transaction costs.",True,4,No,0xaddb7b9ac6f6b4fbd7f60fdcc8ddaf609a59e462,2.68,2026-07-08 21:15:52.039148,16.45,13.77,0.002,41,0,3,336
CAMP_0013,FluxProtocol,"FluxProtocol aims to solve liquidity fragmentation in the Web3 ecosystem by providing a scalable solution for content creators. Built on Polygon, we focus on lower transaction costs.",True,4,No,0xb9bb5e1ecadacc3f12ba8ae1bddd033b8c4e6ce6,9.72,2026-07-09 01:15:52.039148,26.17,16.45,0.002,41,0,4,336
CAMP_0013,FluxProtocol,"FluxProtocol aims to solve liquidity fragmentation in the Web3 ecosystem by providing a scalable solution for content creators. Built on Polygon, we focus on lower transaction costs.",True,4,No,0x2fccefe50aaee3cda277ec7f6ebca67f8bfeb947,50.11,2026-07-10 00:15:52.039148,76.28,26.17,0.002,41,0,5,336
CAMP_0013,FluxProtocol,"FluxProtocol aims to solve liquidity fragmentation in the Web3 ecosystem by providing a scalable solution for content creators. Built on Polygon, we focus on lower transaction costs.",True,4,No,0x98b7cc2fdcf9af5bba9a5cc1d5ad80c44b7df60e,25.92,2026-07-10 09:15:52.039148,102.2,76.28,0.002,41,0,6,336
CAMP_0013,FluxProtocol,"FluxProtocol aims to solve liquidity fragmentation in the Web3 ecosystem by providing a scalable solution for content creators. Built on Polygon, we focus on lower transaction costs.",True,4,No,0xb9bb5e1ecadacc3f12ba8ae1bddd033b8c4e6ce6,56.91,2026-07-11 07:15:52.039148,159.11,102.2,0.002,41,0,6,336
CAMP_0013,FluxProtocol,"FluxProtocol aims to solve liquidity fragmentation in the Web3 ecosystem by providing a scalable solution for content creators. Built on Polygon, we focus on lower transaction costs.",True,4,No,0x9579929e83e1c22abccc727eadffd7c4e42c8acb,6.53,2026-07-12 00:15:52.039148,165.64,159.11,0.002,41,0,7,336
CAMP_0013,FluxProtocol,"FluxProtocol aims to solve liquidity fragmentation in the Web3 ecosystem by providing a scalable solution for content creators. Built on Polygon, we focus on lower transaction costs.",True,4,No,0x2fbf7842caeed0b52c1a44d73d0c3253e00b5731,7.02,2026-07-12 09:15:52.039148,172.66,165.64,0.002,41,0,8,336
CAMP_0013,FluxProtocol,"FluxProtocol aims to solve liquidity fragmentation in the Web3 ecosystem by providing a scalable solution for content creators. Built on Polygon, we focus on lower transaction costs.",True,4,No,0xed40361c68ae2b4d895a451ae17bfcccc9bdada1,25.68,2026-07-12 11:15:52.039148,198.34,172.66,0.002,41,0,9,336
CAMP_0013,FluxProtocol,"FluxProtocol aims to solve liquidity fragmentation in the Web3 ecosystem by providing a scalable solution for content creators. Built on Polygon, we focus on lower transaction costs.",True,4,No,0xe3efdccc01ecea9ead6fabf6119a4d6facf28c7a,9.75,2026-07-13 05:15:52.039148,208.09,198.34,0.002,41,0,10,336
CAMP_0013,FluxProtocol,"FluxProtocol aims to solve liquidity fragmentation in the Web3 ecosystem by providing a scalable solution for content creators. Built on Polygon, we focus on lower transaction costs.",True,4,No,0x1db617babaa9fb60eafc1a31fbd61bc626c023d3,95.8,2026-07-13 08:15:52.039148,303.89,208.09,0.002,41,0,11,336
CAMP_0013,FluxProtocol,"FluxProtocol aims to solve liquidity fragmentation in the Web3 ecosystem by providing a scalable solution for content creators. Built on Polygon, we focus on lower transaction costs.",True,4,No,0xbf2e57e8ccf1e3ccd1a5f14e85ab9c92ae29c01d,9.46,2026-07-13 13:15:52.039148,313.35,303.89,0.002,41,0,12,336
CAMP_0013,FluxProtocol,"FluxProtocol aims to solve liquidity fragmentation in the Web3 ecosystem by providing a scalable solution for content creators. Built on Polygon, we focus on lower transaction costs.",True,4,No,0xbf2e57e8ccf1e3ccd1a5f14e85ab9c92ae29c01d,11.08,2026-07-13 20:15:52.039148,324.43,313.35,0.002,41,0,12,336
CAMP_0013,FluxProtocol,"FluxProtocol aims to solve liquidity fragmentation in the Web3 ecosystem by providing a scalable solution for content creators. Built on Polygon, we focus on lower transaction costs.",True,4,No,0xbebe1da1d6f26fadbd6fb279e61d5ee97e7dfc96,33.2,2026-07-14 02:15:52.039148,357.63,324.43,0.002,41,0,13,336
CAMP_0013,FluxProtocol,"FluxProtocol aims to solve liquidity fragmentation in the Web3 ecosystem by providing a scalable solution for content creators. Built on Polygon, we focus on lower transaction costs.",True,4,No,0xc26b798ad063df0d75aed0b66af2d2f9c59e44ca,12.59,2026-07-14 14:15:52.039148,370.22,357.63,0.002,41,0,14,336
CAMP_0013,FluxProtocol,"FluxProtocol aims to solve liquidity fragmentation in the Web3 ecosystem by providing a scalable solution for content creators. Built on Polygon, we focus on lower transaction costs.",True,4,No,0x60a4e70edce31bf255f6a2306b6a2a1ce379dd2b,4.56,2026-07-14 23:15:52.039148,374.78,370.22,0.002,41,0,15,336
CAMP_0013,FluxProtocol,"FluxProtocol aims to solve liquidity fragmentation in the Web3 ecosystem by providing a scalable solution for content creators. Built on Polygon, we focus on lower transaction costs.",True,4,No,0x6b7f65cfe2fbefd2d5fcaeac599dd2b6e8e70baa,5.37,2026-07-14 23:15:52.039148,380.15,374.78,0.002,41,0,16,336
CAMP_0013,FluxProtocol,"FluxProtocol aims to solve liquidity fragmentation in the Web3 ecosystem by providing a scalable solution for content creators. Built on Polygon, we focus on lower transaction costs.",True,4,No,0xefdeddfbccdaa55eabd61657b35ff18b949dcfca,38.29,2026-07-14 23:15:52.039148,418.44,380.15,0.002,41,0,17,336
CAMP_0013,FluxProtocol,"FluxProtocol aims to solve liquidity fragmentation in the Web3 ecosystem by providing a scalable solution for content creators. Built on Polygon, we focus on lower transaction costs.",True,4,No,0xc0cf6cce30738c5b28eafb3cfcdd6ac11a7b9dd4,3.93,2026-07-15 01:15:52.039148,422.37,418.44,0.002,41,0,18,336
CAMP_0013,FluxProtocol,"FluxProtocol aims to solve liquidity fragmentation in the Web3 ecosystem by providing a scalable solution for content creators. Built on Polygon, we focus on lower transaction costs.",True,4,No,0x5c986ea9ba8c567facea9f3487cff3f023e91410,107.4,2026-07-15 15:15:52.039148,529.77,422.37,0.002,41,0,19,336
CAMP_0013,FluxProtocol,"FluxProtocol aims to solve liquidity fragmentation in the Web3 ecosystem by providing a scalable solution for content creators. Built on Polygon, we focus on lower transaction costs.",True,4,No,0x1db617babaa9fb60eafc1a31fbd61bc626c023d3,8.77,2026-07-16 02:15:52.039148,538.54,529.77,0.002,41,0,19,336
CAMP_0013,FluxProtocol,"FluxProtocol aims to solve liquidity fragmentation in the Web3 ecosystem by providing a scalable solution for content creators. Built on Polygon, we focus on lower transaction costs.",True,4,No,0xabbb070edc61de1a1aa2ac5d94ba46fe9b247c54,42.08,2026-07-16 14:15:52.039148,580.62,538.54,0.002,41,0,20,336
CAMP_0013,FluxProtocol,"FluxProtocol aims to solve liquidity fragmentation in the Web3 ecosystem by providing a scalable solution for content creators. Built on Polygon, we focus on lower transaction costs.",True,4,No,0x8fdbfdece94eb60db530503fb78cba116ce7f6d4,9.43,2026-07-17 10:15:52.039148,590.05,580.62,0.002,41,0,21,336
CAMP_0013,FluxProtocol,"FluxProtocol aims to solve liquidity fragmentation in the Web3 ecosystem by providing a scalable solution for content creators. Built on Polygon, we focus on lower transaction costs.",True,4,No,0x8fdbfdece94eb60db530503fb78cba116ce7f6d4,6.7,2026-07-17 22:15:52.039148,596.75,590.05,0.002,41,0,21,336
CAMP_0013,FluxProtocol,"FluxProtocol aims to solve liquidity fragmentation in the Web3 ecosystem by providing a scalable solution for content creators. Built on Polygon, we focus on lower transaction costs.",True,4,No,0xcee3f533cf584e90d4d8f4ab12d47a5cbeddc7cd,26.99,2026-07-18 13:15:52.039148,623.74,596.75,0.002,41,0,22,336
CAMP_0013,FluxProtocol,"FluxProtocol aims to solve liquidity fragmentation in the Web3 ecosystem by providing a scalable solution for content creators. Built on Polygon, we focus on lower transaction costs.",True,4,No,0xd6b4ee7149cdaef2a47cf6bf133ff2d4e8abf29e,70.96,2026-07-19 00:15:52.039148,694.7,623.74,0.002,41,0,23,336
CAMP_0013,FluxProtocol,"FluxProtocol aims to solve liquidity fragmentation in the Web3 ecosystem by providing a scalable solution for content creators. Built on Polygon, we focus on lower transaction costs.",True,4,No,0xdf42f13ca37ddbed3fc1cafdc6aa57cdd3c0f0aa,14.93,2026-07-19 00:15:52.039148,709.63,694.7,0.002,41,0,24,336
CAMP_0013,FluxProtocol,"FluxProtocol aims to solve liquidity fragmentation in the Web3 ecosystem by providing a scalable solution for content creators. Built on Polygon, we focus on lower transaction costs.",True,4,No,0x2cbda3dff00d2cbf97ce046b6b70f7fd0377eebe,18.57,2026-07-19 07:15:52.039148,728.2,709.63,0.002,41,0,25,336
CAMP_0013,FluxProtocol,"FluxProtocol aims to solve liquidity fragmentation in the Web3 ecosystem by providing a scalable solution for content creators. Built on Polygon, we focus on lower transaction costs.",True,4,No,0xecdde69ca16a32bfbec5caba72f3fcfffb8b0bae,52.93,2026-07-20 04:15:52.039148,781.13,728.2,0.002,41,0,26,336
CAMP_0013,FluxProtocol,"FluxProtocol aims to solve liquidity fragmentation in the Web3 ecosystem by providing a scalable solution for content creators. Built on Polygon, we focus on lower transaction costs.",True,4,No,0x807ace9acd44907e83a2d08c0e2a1847a8ac510b,55.07,2026-07-20 05:15:52.039148,836.2,781.13,0.002,41,0,27,336
CAMP_0013,FluxProtocol,"FluxProtocol aims to solve liquidity fragmentation in the Web3 ecosystem by providing a scalable solution for content creators. Built on Polygon, we focus on lower transaction costs.",True,4,No,0x93edfdb3ace268819c62f6bbfd2adfafef6d6bf7,19.18,2026-07-20 11:15:52.039148,855.38,836.2,0.002,41,0,28,336
CAMP_0013,FluxProtocol,"FluxProtocol aims to solve liquidity fragmentation in the Web3 ecosystem by providing a scalable solution for content creators. Built on Polygon, we focus on lower transaction costs.",True,4,No,0xb3e8ecb8db7daadb331e447f25bfaa43c00c3d0c,11.8,2026-07-20 14:15:52.039148,867.18,855.38,0.002,41,0,29,336
CAMP_0013,FluxProtocol,"FluxProtocol aims to solve liquidity fragmentation in the Web3 ecosystem by providing a scalable solution for content creators. Built on Polygon, we focus on lower transaction costs.",True,4,No,0x518bd3bfe1a6c7c04c6dadaa4da50957cde0ecf2,22.18,2026-07-20 16:15:52.039148,889.36,867.18,0.002,41,0,30,336
CAMP_0013,FluxProtocol,"FluxProtocol aims to solve liquidity fragmentation in the Web3 ecosystem by providing a scalable solution for content creators. Built on Polygon, we focus on lower transaction costs.",True,4,No,0x0babc95c0ae26e1a6fca0aad8b8adc1d7095ebbb,15.97,2026-07-20 21:15:52.039148,905.33,889.36,0.002,41,0,31,336
CAMP_0013,FluxProtocol,"FluxProtocol aims to solve liquidity fragmentation in the Web3 ecosystem by providing a scalable solution for content creators. Built on Polygon, we focus on lower transaction costs.",True,4,No,0xcca9ef2ab1ecabe3ca28ddb8fea6ff929fa6fcfe,29.24,2026-07-21 01:15:52.039148,934.57,905.33,0.002,41,0,32,336
CAMP_0013,FluxProtocol,"FluxProtocol aims to solve liquidity fragmentation in the Web3 ecosystem by providing a scalable solution for content creators. Built on Polygon, we focus on lower transaction costs.",True,4,No,0xe064aed1904b04eb4cb0bf73f722cdbabf8ccdcc,4.79,2026-07-21 20:15:52.039148,939.36,934.57,0.002,41,0,33,336
CAMP_0013,FluxProtocol,"FluxProtocol aims to solve liquidity fragmentation in the Web3 ecosystem by providing a scalable solution for content creators. Built on Polygon, we focus on lower transaction costs.",True,4,No,0xbebe1da1d6f26fadbd6fb279e61d5ee97e7dfc96,28.01,2026-07-21 22:15:52.039148,967.37,939.36,0.002,41,1,33,336
CAMP_0013,FluxProtocol,"FluxProtocol aims to solve liquidity fragmentation in the Web3 ecosystem by providing a scalable solution for content creators. Built on Polygon, we focus on lower transaction costs.",True,4,No,0xb3e8ecb8db7daadb331e447f25bfaa43c00c3d0c,8.48,2026-07-22 04:15:52.039148,975.85,967.37,0.002,41,0,33,336
CAMP_0013,FluxProtocol,"FluxProtocol aims to solve liquidity fragmentation in the Web3 ecosystem by providing a scalable solution for content creators. Built on Polygon, we focus on lower transaction costs.",True,4,No,0xdf42f13ca37ddbed3fc1cafdc6aa57cdd3c0f0aa,59.56,2026-07-22 04:15:52.039148,1035.41,975.85,0.002,41,0,33,336
CAMP_0013,FluxProtocol,"FluxProtocol aims to solve liquidity fragmentation in the Web3 ecosystem by providing a scalable solution for content creators. Built on Polygon, we focus on lower transaction costs.",True,4,No,0xb9ba1abf8bac071fe1e08aafe9f8dd8febe73bba,8.96,2026-07-22 06:15:52.039148,1044.37,1035.41,0.002,41,0,34,336
CAMP_0014,ProtoDAO,"ProtoDAO aims to solve liquidity fragmentation in the Web3 ecosystem by providing a innovative solution for NFT collectors. Built on Fantom, we focus on improved security.",False,2,No,0xf7ebeae4032ec4fa3da2cf206ef8f1fd2acd2fb7,9.15,2026-06-08 04:15:52.040163,9.15,0.0,0.0004,26,1,1,1080
CAMP_0014,ProtoDAO,"ProtoDAO aims to solve liquidity fragmentation in the Web3 ecosystem by providing a innovative solution for NFT collectors. Built on Fantom, we focus on improved security.",False,2,No,0xbbe90ab4eabb3dcee2fafb0efd1a1be6c6d74679,135.65,2026-06-08 18:15:52.040163,144.8,9.15,0.0004,26,1,2,1080
CAMP_0014,ProtoDAO,"ProtoDAO aims to solve liquidity fragmentation in the Web3 ecosystem by providing a innovative solution for NFT collectors. Built on Fantom, we focus on improved security.",False,2,No,0xecce250dce41ce683e6a2d29eae9a392a8e089ec,19.66,2026-06-12 04:15:52.040163,164.46,144.8,0.0004,26,0,3,1080
CAMP_0014,ProtoDAO,"ProtoDAO aims to solve liquidity fragmentation in the Web3 ecosystem by providing a innovative solution for NFT collectors. Built on Fantom, we focus on improved security.",False,2,No,0xed0b860b3b41a89db46821c181bb22cae4da51b7,14.04,2026-06-13 14:15:52.040163,178.5,164.46,0.0004,26,0,4,1080
CAMP_0014,ProtoDAO,"ProtoDAO aims to solve liquidity fragmentation in the Web3 ecosystem by providing a innovative solution for NFT collectors. Built on Fantom, we focus on improved security.",False,2,No,0xba6fe2f8b7ea4bb037aadb7d3fa67cbf6b8efcbf,8.51,2026-06-15 12:15:52.040163,187.01,178.5,0.0004,26,0,5,1080
CAMP_0014,ProtoDAO,"ProtoDAO aims to solve liquidity fragmentation in the Web3 ecosystem by providing a innovative solution for NFT collectors. Built on Fantom, we focus on improved security.",False,2,No,0xa96f447a6cec136580e840cb5feb8bacd7e2b1c2,22.91,2026-06-16 09:15:52.040163,209.92,187.01,0.0004,26,0,6,1080
CAMP_0014,ProtoDAO,"ProtoDAO aims to solve liquidity fragmentation in the Web3 ecosystem by providing a innovative solution for NFT collectors. Built on Fantom, we focus on improved security.",False,2,No,0xb3e8ecb8db7daadb331e447f25bfaa43c00c3d0c,16.11,2026-06-19 07:15:52.040163,226.03,209.92,0.0004,26,0,7,1080
CAMP_0014,ProtoDAO,"ProtoDAO aims to solve liquidity fragmentation in the Web3 ecosystem by providing a innovative solution for NFT collectors. Built on Fantom, we focus on improved security.",False,2,No,0x2fccefe50aaee3cda277ec7f6ebca67f8bfeb947,37.21,2026-06-19 08:15:52.040163,263.24,226.03,0.0004,26,0,8,1080
CAMP_0014,ProtoDAO,"ProtoDAO aims to solve liquidity fragmentation in the Web3 ecosystem by providing a innovative solution for NFT collectors. Built on Fantom, we focus on improved security.",False,2,No,0x154b0e42fec70cebccf8e82633ebfe3ffeb4c36f,14.11,2026-06-21 01:15:52.040163,277.35,263.24,0.0004,26,0,9,1080
CAMP_0014,ProtoDAO,"ProtoDAO aims to solve liquidity fragmentation in the Web3 ecosystem by providing a innovative solution for NFT collectors. Built on Fantom, we focus on improved security.",False,2,No,0x5ef0a24e0fbf9218a26d3ba2f3b0e9fd39fc12ac,109.72,2026-06-21 16:15:52.040163,387.07,277.35,0.0004,26,0,10,1080
CAMP_0014,ProtoDAO,"ProtoDAO aims to solve liquidity fragmentation in the Web3 ecosystem by providing a innovative solution for NFT collectors. Built on Fantom, we focus on improved security.",False,2,No,0xce26dfad999ede6b24ad5c55f7fabdf8ca340a05,23.34,2026-06-25 07:15:52.040163,410.41,387.07,0.0004,26,0,11,1080
CAMP_0014,ProtoDAO,"ProtoDAO aims to solve liquidity fragmentation in the Web3 ecosystem by providing a innovative solution for NFT collectors. Built on Fantom, we focus on improved security.",False,2,No,0x6fbaeca423a54abca3cdcb1e437555ae6f0ef126,14.76,2026-06-25 13:15:52.040163,425.17,410.41,0.0004,26,0,12,1080
CAMP_0014,ProtoDAO,"ProtoDAO aims to solve liquidity fragmentation in the Web3 ecosystem by providing a innovative solution for NFT collectors. Built on Fantom, we focus on improved security.",False,2,No,0x8fdbfdece94eb60db530503fb78cba116ce7f6d4,68.66,2026-06-27 06:15:52.040163,493.83,425.17,0.0004,26,0,13,1080
CAMP_0014,ProtoDAO,"ProtoDAO aims to solve liquidity fragmentation in the Web3 ecosystem by providing a innovative solution for NFT collectors. Built on Fantom, we focus on improved security.",False,2,No,0xada4ce9f2fd53cc2fea2cafb6cf5c8ebdd6b9ebc,2.87,2026-06-28 08:15:52.040163,496.7,493.83,0.0004,26,0,14,1080
CAMP_0014,ProtoDAO,"ProtoDAO aims to solve liquidity fragmentation in the Web3 ecosystem by providing a innovative solution for NFT collectors. Built on Fantom, we focus on improved security.",False,2,No,0x153fdc0fe619fd3cdbc4e5f79c5824cb932ad0bb,30.24,2026-06-30 19:15:52.040163,526.94,496.7,0.0004,26,0,15,1080
CAMP_0014,ProtoDAO,"ProtoDAO aims to solve liquidity fragmentation in the Web3 ecosystem by providing a innovative solution for NFT collectors. Built on Fantom, we focus on improved security.",False,2,No,0x93edfdb3ace268819c62f6bbfd2adfafef6d6bf7,20.71,2026-07-02 00:15:52.040163,547.65,526.94,0.0004,26,0,16,1080
CAMP_0014,ProtoDAO,"ProtoDAO aims to solve liquidity fragmentation in the Web3 ecosystem by providing a innovative solution for NFT collectors. Built on Fantom, we focus on improved security.",False,2,No,0xed40361c68ae2b4d895a451ae17bfcccc9bdada1,3.69,2026-07-05 08:15:52.040163,551.34,547.65,0.0004,26,0,17,1080
CAMP_0014,ProtoDAO,"ProtoDAO aims to solve liquidity fragmentation in the Web3 ecosystem by providing a innovative solution for NFT collectors. Built on Fantom, we focus on improved security.",False,2,No,0x154b0e42fec70cebccf8e82633ebfe3ffeb4c36f,2.59,2026-07-06 03:15:52.040163,553.93,551.34,0.0004,26,0,17,1080
CAMP_0014,ProtoDAO,"ProtoDAO aims to solve liquidity fragmentation in the Web3 ecosystem by providing a innovative solution for NFT collectors. Built on Fantom, we focus on improved security.",False,2,No,0xf1e9abd93bc974dcc5b9c8fcf2af3affba1d1aaf,67.52,2026-07-07 13:15:52.040163,621.45,553.93,0.0004,26,0,18,1080
CAMP_0014,ProtoDAO,"ProtoDAO aims to solve liquidity fragmentation in the Web3 ecosystem by providing a innovative solution for NFT collectors. Built on Fantom, we focus on improved security.",False,2,No,0x2dc70a3cc80f3446d0d569c1634dbdbbfb7baeb8,63.77,2026-07-09 11:15:52.040163,685.22,621.45,0.0004,26,0,19,1080
CAMP_0014,ProtoDAO,"ProtoDAO aims to solve liquidity fragmentation in the Web3 ecosystem by providing a innovative solution for NFT collectors. Built on Fantom, we focus on improved security.",False,2,No,0xac38e0d5b1fee0f98ca3fd6ee5d3c2f222445b4f,24.71,2026-07-12 19:15:52.040163,709.93,685.22,0.0004,26,0,20,1080
CAMP_0014,ProtoDAO,"ProtoDAO aims to solve liquidity fragmentation in the Web3 ecosystem by providing a innovative solution for NFT collectors. Built on Fantom, we focus on improved security.",False,2,No,0xae71b4945c7cca7f12ba2c90f4f2e3e6e58d386f,157.59,2026-07-17 02:15:52.040163,867.52,709.93,0.0004,26,0,21,1080
CAMP_0014,ProtoDAO,"ProtoDAO aims to solve liquidity fragmentation in the Web3 ecosystem by providing a innovative solution for NFT collectors. Built on Fantom, we focus on improved security.",False,2,No,0xd4a2ccebf58d1e4ad1b1ce98fc5016ef2fb4b5d3,34.1,2026-07-18 14:15:52.040163,901.62,867.52,0.0004,26,1,22,1080
CAMP_0014,ProtoDAO,"ProtoDAO aims to solve liquidity fragmentation in the Web3 ecosystem by providing a innovative solution for NFT collectors. Built on Fantom, we focus on improved security.",False,2,No,0x9afa1efda7a580a86dadbdbb9c0fb8acbd1686ca,90.0,2026-07-18 16:15:52.040163,991.62,901.62,0.0004,26,0,23,1080
CAMP_0014,ProtoDAO,"ProtoDAO aims to solve liquidity fragmentation in the Web3 ecosystem by providing a innovative solution for NFT collectors. Built on Fantom, we focus on improved security.",False,2,No,0x57f3371edeac7b6441b9b244774abfcf0e9dddff,33.26,2026-07-19 12:15:52.040163,1024.88,991.62,0.0004,26,0,24,1080
CAMP_0014,ProtoDAO,"ProtoDAO aims to solve liquidity fragmentation in the Web3 ecosystem by providing a innovative solution for NFT collectors. Built on Fantom, we focus on improved security.",False,2,No,0x8f6361cddbfce6bba61dfa2adbffe2cc8faea015,14.43,2026-07-20 21:15:52.040163,1039.31,1024.88,0.0004,26,0,25,1080
CAMP_0015,ZenLabs,ZenLabs is a decentralized platform built on Avalanche that enables users to participate in governance through on-chain reputation scoring. Our smart contracts have been designed to lower transaction costs.,False,1,No,0xc2edcfdf5aeee69da731b871f59aed3a3a4eef21,5.65,2026-06-22 17:15:52.040900,5.65,0.0,0.0009,39,1,1,720
CAMP_0015,ZenLabs,ZenLabs is a decentralized platform built on Avalanche that enables users to participate in governance through on-chain reputation scoring. Our smart contracts have been designed to lower transaction costs.,False,1,No,0x2dc70a3cc80f3446d0d569c1634dbdbbfb7baeb8,266.74,2026-06-24 15:15:52.040900,272.39,5.65,0.0009,39,0,2,720
CAMP_0015,ZenLabs,ZenLabs is a decentralized platform built on Avalanche that enables users to participate in governance through on-chain reputation scoring. Our smart contracts have been designed to lower transaction costs.,False,1,No,0x550bde397ce95c48a5ccf6fe6cfa1dad6bd7edef,45.0,2026-06-24 21:15:52.040900,317.39,272.39,0.0009,39,0,3,720
CAMP_0015,ZenLabs,ZenLabs is a decentralized platform built on Avalanche that enables users to participate in governance through on-chain reputation scoring. Our smart contracts have been designed to lower transaction costs.,False,1,No,0xada4ce9f2fd53cc2fea2cafb6cf5c8ebdd6b9ebc,9.51,2026-06-25 20:15:52.040900,326.9,317.39,0.0009,39,0,4,720
CAMP_0015,ZenLabs,ZenLabs is a decentralized platform built on Avalanche that enables users to participate in governance through on-chain reputation scoring. Our smart contracts have been designed to lower transaction costs.,False,1,No,0xf0eef9ec752e8baac47f3cec022946402eeceef2,12.16,2026-06-25 23:15:52.040900,339.06,326.9,0.0009,39,0,5,720
CAMP_0015,ZenLabs,ZenLabs is a decentralized platform built on Avalanche that enables users to participate in governance through on-chain reputation scoring. Our smart contracts have been designed to lower transaction costs.,False,1,No,0xaddb7b9ac6f6b4fbd7f60fdcc8ddaf609a59e462,4.28,2026-06-27 05:15:52.040900,343.34,339.06,0.0009,39,0,6,720
CAMP_0015,ZenLabs,ZenLabs is a decentralized platform built on Avalanche that enables users to participate in governance through on-chain reputation scoring. Our smart contracts have been designed to lower transaction costs.,False,1,No,0xc26b798ad063df0d75aed0b66af2d2f9c59e44ca,22.67,2026-06-27 09:15:52.040900,366.01,343.34,0.0009,39,0,7,720
CAMP_0015,ZenLabs,ZenLabs is a decentralized platform built on Avalanche that enables users to participate in governance through on-chain reputation scoring. Our smart contracts have been designed to lower transaction costs.,False,1,No,0xefd45c4f664f67eb62e8fcfb66f795a4bef3dc5e,2.84,2026-06-27 18:15:52.040900,368.85,366.01,0.0009,39,0,8,720
CAMP_0015,ZenLabs,ZenLabs is a decentralized platform built on Avalanche that enables users to participate in governance through on-chain reputation scoring. Our smart contracts have been designed to lower transaction costs.,False,1,No,0xf4d5adc2960ae5ac901ddccc326dbcd452bd8d3e,38.95,2026-06-28 13:15:52.040900,407.8,368.85,0.0009,39,0,9,720
CAMP_0015,ZenLabs,ZenLabs is a decentralized platform built on Avalanche that enables users to participate in governance through on-chain reputation scoring. Our smart contracts have been designed to lower transaction costs.,False,1,No,0xefdeddfbccdaa55eabd61657b35ff18b949dcfca,222.89,2026-06-28 17:15:52.040900,630.69,407.8,0.0009,39,0,10,720
CAMP_0015,ZenLabs,ZenLabs is a decentralized platform built on Avalanche that enables users to participate in governance through on-chain reputation scoring. Our smart contracts have been designed to lower transaction costs.,False,1,No,0x9cbe4f58e66a1aff145edd83cfdfe0b6ee222c5d,47.52,2026-06-29 00:15:52.040900,678.21,630.69,0.0009,39,0,11,720
CAMP_0015,ZenLabs,ZenLabs is a decentralized platform built on Avalanche that enables users to participate in governance through on-chain reputation scoring. Our smart contracts have been designed to lower transaction costs.,False,1,No,0xfcf2dadca941eac81d13c6f2adb4b99cf6ddae44,11.44,2026-07-01 03:15:52.040900,689.65,678.21,0.0009,39,0,12,720
CAMP_0015,ZenLabs,ZenLabs is a decentralized platform built on Avalanche that enables users to participate in governance through on-chain reputation scoring. Our smart contracts have been designed to lower transaction costs.,False,1,No,0xae71b4945c7cca7f12ba2c90f4f2e3e6e58d386f,37.8,2026-07-01 20:15:52.040900,727.45,689.65,0.0009,39,0,13,720
CAMP_0015,ZenLabs,ZenLabs is a decentralized platform built on Avalanche that enables users to participate in governance through on-chain reputation scoring. Our smart contracts have been designed to lower transaction costs.,False,1,No,0x98b7cc2fdcf9af5bba9a5cc1d5ad80c44b7df60e,140.42,2026-07-03 02:15:52.040900,867.87,727.45,0.0009,39,0,14,720
CAMP_0015,ZenLabs,ZenLabs is a decentralized platform built on Avalanche that enables users to participate in governance through on-chain reputation scoring. Our smart contracts have been designed to lower transaction costs.,False,1,No,0x153fdc0fe619fd3cdbc4e5f79c5824cb932ad0bb,132.24,2026-07-03 07:15:52.040900,1000.11,867.87,0.0009,39,0,15,720
CAMP_0015,ZenLabs,ZenLabs is a decentralized platform built on Avalanche that enables users to participate in governance through on-chain reputation scoring. Our smart contracts have been designed to lower transaction costs.,False,1,No,0x60a4e70edce31bf255f6a2306b6a2a1ce379dd2b,6.02,2026-07-04 02:15:52.040900,1006.13,1000.11,0.0009,39,0,16,720
CAMP_0015,ZenLabs,ZenLabs is a decentralized platform built on Avalanche that enables users to participate in governance through on-chain reputation scoring. Our smart contracts have been designed to lower transaction costs.,False,1,No,0x52aa8c559f6ea2c9d91fc771bdcfeebb243b0c8b,37.05,2026-07-04 07:15:52.040900,1043.18,1006.13,0.0009,39,0,17,720
CAMP_0015,ZenLabs,ZenLabs is a decentralized platform built on Avalanche that enables users to participate in governance through on-chain reputation scoring. Our smart contracts have been designed to lower transaction costs.,False,1,No,0x52aa8c559f6ea2c9d91fc771bdcfeebb243b0c8b,16.61,2026-07-06 04:15:52.040900,1059.79,1043.18,0.0009,39,0,17,720
CAMP_0015,ZenLabs,ZenLabs is a decentralized platform built on Avalanche that enables users to participate in governance through on-chain reputation scoring. Our smart contracts have been designed to lower transaction costs.,False,1,No,0x807ace9acd44907e83a2d08c0e2a1847a8ac510b,52.87,2026-07-07 14:15:52.040900,1112.66,1059.79,0.0009,39,0,18,720
CAMP_0015,ZenLabs,ZenLabs is a decentralized platform built on Avalanche that enables users to participate in governance through on-chain reputation scoring. Our smart contracts have been designed to lower transaction costs.,False,1,No,0xdef31c67e138acd2dda0e3d3244ffa5651cc3796,31.83,2026-07-08 07:15:52.040900,1144.49,1112.66,0.0009,39,0,19,720
CAMP_0015,ZenLabs,ZenLabs is a decentralized platform built on Avalanche that enables users to participate in governance through on-chain reputation scoring. Our smart contracts have been designed to lower transaction costs.,False,1,No,0xe33109d65ff9febdee9bedc136ac62ffeba10975,1.17,2026-07-08 12:15:52.040900,1145.66,1144.49,0.0009,39,0,20,720
CAMP_0015,ZenLabs,ZenLabs is a decentralized platform built on Avalanche that enables users to participate in governance through on-chain reputation scoring. Our smart contracts have been designed to lower transaction costs.,False,1,No,0x153fdc0fe619fd3cdbc4e5f79c5824cb932ad0bb,13.23,2026-07-08 22:15:52.040900,1158.89,1145.66,0.0009,39,0,20,720
CAMP_0015,ZenLabs,ZenLabs is a decentralized platform built on Avalanche that enables users to participate in governance through on-chain reputation scoring. Our smart contracts have been designed to lower transaction costs.,False,1,No,0xabaabb2be0bdbaf1a8fae11d16dc7fb9d2fceaf4,25.49,2026-07-12 01:15:52.040900,1184.38,1158.89,0.0009,39,0,21,720
CAMP_0015,ZenLabs,ZenLabs is a decentralized platform built on Avalanche that enables users to participate in governance through on-chain reputation scoring. Our smart contracts have been designed to lower transaction costs.,False,1,No,0x9579929e83e1c22abccc727eadffd7c4e42c8acb,3.59,2026-07-13 06:15:52.040900,1187.97,1184.38,0.0009,39,0,22,720
CAMP_0015,ZenLabs,ZenLabs is a decentralized platform built on Avalanche that enables users to participate in governance through on-chain reputation scoring. Our smart contracts have been designed to lower transaction costs.,False,1,No,0xe7e0fe8af905bbcc98acb7029f2e36a4aa9f76b2,40.34,2026-07-13 12:15:52.040900,1228.31,1187.97,0.0009,39,0,23,720
CAMP_0015,ZenLabs,ZenLabs is a decentralized platform built on Avalanche that enables users to participate in governance through on-chain reputation scoring. Our smart contracts have been designed to lower transaction costs.,False,1,No,0x807ace9acd44907e83a2d08c0e2a1847a8ac510b,3.23,2026-07-13 20:15:52.040900,1231.54,1228.31,0.0009,39,0,23,720
CAMP_0015,ZenLabs,ZenLabs is a decentralized platform built on Avalanche that enables users to participate in governance through on-chain reputation scoring. Our smart contracts have been designed to lower transaction costs.,False,1,No,0xe9f710f8268c1fc7cd5f8688bea48ec3fe210fa9,7.71,2026-07-14 03:15:52.040900,1239.25,1231.54,0.0009,39,0,24,720
CAMP_0015,ZenLabs,ZenLabs is a decentralized platform built on Avalanche that enables users to participate in governance through on-chain reputation scoring. Our smart contracts have been designed to lower transaction costs.,False,1,No,0xefd45c4f664f67eb62e8fcfb66f795a4bef3dc5e,100.44,2026-07-14 05:15:52.040900,1339.69,1239.25,0.0009,39,0,24,720
CAMP_0015,ZenLabs,ZenLabs is a decentralized platform built on Avalanche that enables users to participate in governance through on-chain reputation scoring. Our smart contracts have been designed to lower transaction costs.,False,1,No,0xd6b4ee7149cdaef2a47cf6bf133ff2d4e8abf29e,6.96,2026-07-14 08:15:52.040900,1346.65,1339.69,0.0009,39,0,25,720
CAMP_0015,ZenLabs,ZenLabs is a decentralized platform built on Avalanche that enables users to participate in governance through on-chain reputation scoring. Our smart contracts have been designed to lower transaction costs.,False,1,No,0x518bd3bfe1a6c7c04c6dadaa4da50957cde0ecf2,40.0,2026-07-14 14:15:52.040900,1386.65,1346.65,0.0009,39,0,26,720
CAMP_0015,ZenLabs,ZenLabs is a decentralized platform built on Avalanche that enables users to participate in governance through on-chain reputation scoring. Our smart contracts have been designed to lower transaction costs.,False,1,No,0x2a2dcdbeb80b5bb8caaf22a5c6d84fbc20ef673e,2.45,2026-07-15 06:15:52.040900,1389.1,1386.65,0.0009,39,0,27,720
CAMP_0015,ZenLabs,ZenLabs is a decentralized platform built on Avalanche that enables users to participate in governance through on-chain reputation scoring. Our smart contracts have been designed to lower transaction costs.,False,1,No,0x7ee8b6ec8b90d4be3fb01ebd92bffbeea3a711bc,244.1,2026-07-17 03:15:52.040900,1633.2,1389.1,0.0009,39,0,28,720
CAMP_0015,ZenLabs,ZenLabs is a decentralized platform built on Avalanche that enables users to participate in governance through on-chain reputation scoring. Our smart contracts have been designed to lower transaction costs.,False,1,No,0xcd16ffbac1fe9e7dbe4f9e12337f7edc5dc26bb3,13.94,2026-07-18 10:15:52.040900,1647.14,1633.2,0.0009,39,0,29,720
CAMP_0015,ZenLabs,ZenLabs is a decentralized platform built on Avalanche that enables users to participate in governance through on-chain reputation scoring. Our smart contracts have been designed to lower transaction costs.,False,1,No,0xbebe1da1d6f26fadbd6fb279e61d5ee97e7dfc96,22.52,2026-07-18 18:15:52.040900,1669.66,1647.14,0.0009,39,1,30,720
CAMP_0015,ZenLabs,ZenLabs is a decentralized platform built on Avalanche that enables users to participate in governance through on-chain reputation scoring. Our smart contracts have been designed to lower transaction costs.,False,1,No,0xb9bb5e1ecadacc3f12ba8ae1bddd033b8c4e6ce6,24.9,2026-07-20 11:15:52.040900,1694.56,1669.66,0.0009,39,0,31,720
CAMP_0015,ZenLabs,ZenLabs is a decentralized platform built on Avalanche that enables users to participate in governance through on-chain reputation scoring. Our smart contracts have been designed to lower transaction costs.,False,1,No,0xcfcde0ec53f670dc83d0a4978fbc113de5ea96a2,41.64,2026-07-21 14:15:52.040900,1736.2,1694.56,0.0009,39,0,32,720
CAMP_0015,ZenLabs,ZenLabs is a decentralized platform built on Avalanche that enables users to participate in governance through on-chain reputation scoring. Our smart contracts have been designed to lower transaction costs.,False,1,No,0x9579929e83e1c22abccc727eadffd7c4e42c8acb,3.24,2026-07-21 21:15:52.040900,1739.44,1736.2,0.0009,39,0,32,720
CAMP_0015,ZenLabs,ZenLabs is a decentralized platform built on Avalanche that enables users to participate in governance through on-chain reputation scoring. Our smart contracts have been designed to lower transaction costs.,False,1,No,0xa96f447a6cec136580e840cb5feb8bacd7e2b1c2,19.96,2026-07-21 23:15:52.040900,1759.4,1739.44,0.0009,39,0,33,720
CAMP_0015,ZenLabs,ZenLabs is a decentralized platform built on Avalanche that enables users to participate in governance through on-chain reputation scoring. Our smart contracts have been designed to lower transaction costs.,False,1,No,0xd4d67efefbf727ace9ac6cbb03e4a365cf6a0b2d,9.11,2026-07-22 04:15:52.040900,1768.51,1759.4,0.0009,39,0,34,720
CAMP_0016,BlockChain,BlockChain is a decentralized platform built on Ethereum that enables users to trade NFTs securely through smart contract automation. Our smart contracts have been designed to maximum transparency.,False,2,No,0x57f3371edeac7b6441b9b244774abfcf0e9dddff,19.15,2026-05-23 22:15:52.041766,19.15,0.0,0.0006,56,1,1,1440
CAMP_0016,BlockChain,BlockChain is a decentralized platform built on Ethereum that enables users to trade NFTs securely through smart contract automation. Our smart contracts have been designed to maximum transparency.,False,2,No,0x2b35afa17a3ef6fcfe3506254c0678b36e8a3a70,45.5,2026-05-24 11:15:52.041766,64.65,19.15,0.0006,56,1,2,1440
CAMP_0016,BlockChain,BlockChain is a decentralized platform built on Ethereum that enables users to trade NFTs securely through smart contract automation. Our smart contracts have been designed to maximum transparency.,False,2,No,0x2b04dda11edc0e6fcaf8135c8d7a3ffbf19c7af8,20.78,2026-05-25 04:15:52.041766,85.43,64.65,0.0006,56,0,3,1440
CAMP_0016,BlockChain,BlockChain is a decentralized platform built on Ethereum that enables users to trade NFTs securely through smart contract automation. Our smart contracts have been designed to maximum transparency.,False,2,No,0x5c986ea9ba8c567facea9f3487cff3f023e91410,20.82,2026-05-25 09:15:52.041766,106.25,85.43,0.0006,56,0,4,1440
CAMP_0016,BlockChain,BlockChain is a decentralized platform built on Ethereum that enables users to trade NFTs securely through smart contract automation. Our smart contracts have been designed to maximum transparency.,False,2,No,0xec58216ebfdbcffcaafaac021dfe56fb0c52ec1e,61.93,2026-05-25 23:15:52.041766,168.18,106.25,0.0006,56,0,5,1440
CAMP_0016,BlockChain,BlockChain is a decentralized platform built on Ethereum that enables users to trade NFTs securely through smart contract automation. Our smart contracts have been designed to maximum transparency.,False,2,No,0xcee3f533cf584e90d4d8f4ab12d47a5cbeddc7cd,10.81,2026-05-26 11:15:52.041766,178.99,168.18,0.0006,56,0,6,1440
CAMP_0016,BlockChain,BlockChain is a decentralized platform built on Ethereum that enables users to trade NFTs securely through smart contract automation. Our smart contracts have been designed to maximum transparency.,False,2,No,0xbe19f2a0ce8eda4f7ed1cbfee3d3ef8aefed0c2f,22.54,2026-05-27 16:15:52.041766,201.53,178.99,0.0006,56,0,7,1440
CAMP_0016,BlockChain,BlockChain is a decentralized platform built on Ethereum that enables users to trade NFTs securely through smart contract automation. Our smart contracts have been designed to maximum transparency.,False,2,No,0x2fccefe50aaee3cda277ec7f6ebca67f8bfeb947,11.53,2026-05-27 22:15:52.041766,213.06,201.53,0.0006,56,0,8,1440
CAMP_0016,BlockChain,BlockChain is a decentralized platform built on Ethereum that enables users to trade NFTs securely through smart contract automation. Our smart contracts have been designed to maximum transparency.,False,2,No,0xc5cd84fb212db918fbfc0feb5e299ed5b3ed6ed3,11.92,2026-05-28 21:15:52.041766,224.98,213.06,0.0006,56,0,9,1440
CAMP_0016,BlockChain,BlockChain is a decentralized platform built on Ethereum that enables users to trade NFTs securely through smart contract automation. Our smart contracts have been designed to maximum transparency.,False,2,No,0xfcf2dadca941eac81d13c6f2adb4b99cf6ddae44,13.86,2026-05-29 03:15:52.041766,238.84,224.98,0.0006,56,0,10,1440
CAMP_0016,BlockChain,BlockChain is a decentralized platform built on Ethereum that enables users to trade NFTs securely through smart contract automation. Our smart contracts have been designed to maximum transparency.,False,2,No,0xc5cd84fb212db918fbfc0feb5e299ed5b3ed6ed3,26.22,2026-05-29 20:15:52.041766,265.06,238.84,0.0006,56,0,10,1440
CAMP_0016,BlockChain,BlockChain is a decentralized platform built on Ethereum that enables users to trade NFTs securely through smart contract automation. Our smart contracts have been designed to maximum transparency.,False,2,No,0xbebe1da1d6f26fadbd6fb279e61d5ee97e7dfc96,11.31,2026-05-30 14:15:52.041766,276.37,265.06,0.0006,56,1,11,1440
CAMP_0016,BlockChain,BlockChain is a decentralized platform built on Ethereum that enables users to trade NFTs securely through smart contract automation. Our smart contracts have been designed to maximum transparency.,False,2,No,0x2360db4773f651d792ae2193ddcfd6bfebfaa2be,90.64,2026-05-31 19:15:52.041766,367.01,276.37,0.0006,56,0,12,1440
CAMP_0016,BlockChain,BlockChain is a decentralized platform built on Ethereum that enables users to trade NFTs securely through smart contract automation. Our smart contracts have been designed to maximum transparency.,False,2,No,0x1b691c1dcdbacbd9be7a312d7fb3599b38687dbe,6.87,2026-06-01 10:15:52.041766,373.88,367.01,0.0006,56,0,13,1440
CAMP_0016,BlockChain,BlockChain is a decentralized platform built on Ethereum that enables users to trade NFTs securely through smart contract automation. Our smart contracts have been designed to maximum transparency.,False,2,No,0x4aa6ab8becbd3b93eefaa74a1804d7aa1f7fbcc5,16.05,2026-06-02 20:15:52.041766,389.93,373.88,0.0006,56,0,14,1440
CAMP_0016,BlockChain,BlockChain is a decentralized platform built on Ethereum that enables users to trade NFTs securely through smart contract automation. Our smart contracts have been designed to maximum transparency.,False,2,No,0x4aa6ab8becbd3b93eefaa74a1804d7aa1f7fbcc5,11.85,2026-06-03 21:15:52.041766,401.78,389.93,0.0006,56,0,14,1440
CAMP_0016,BlockChain,BlockChain is a decentralized platform built on Ethereum that enables users to trade NFTs securely through smart contract automation. Our smart contracts have been designed to maximum transparency.,False,2,No,0x8f6361cddbfce6bba61dfa2adbffe2cc8faea015,114.02,2026-06-04 18:15:52.041766,515.8,401.78,0.0006,56,0,15,1440
CAMP_0016,BlockChain,BlockChain is a decentralized platform built on Ethereum that enables users to trade NFTs securely through smart contract automation. Our smart contracts have been designed to maximum transparency.,False,2,No,0x7ee8b6ec8b90d4be3fb01ebd92bffbeea3a711bc,25.43,2026-06-06 04:15:52.041766,541.23,515.8,0.0006,56,0,16,1440
CAMP_0016,BlockChain,BlockChain is a decentralized platform built on Ethereum that enables users to trade NFTs securely through smart contract automation. Our smart contracts have been designed to maximum transparency.,False,2,No,0x0ce036bd1e085ced0de58f26db4bae05b78377d5,69.28,2026-06-06 09:15:52.041766,610.51,541.23,0.0006,56,0,17,1440
CAMP_0016,BlockChain,BlockChain is a decentralized platform built on Ethereum that enables users to trade NFTs securely through smart contract automation. Our smart contracts have been designed to maximum transparency.,False,2,No,0xcfcde0ec53f670dc83d0a4978fbc113de5ea96a2,3.38,2026-06-06 13:15:52.041766,613.89,610.51,0.0006,56,0,18,1440
CAMP_0016,BlockChain,BlockChain is a decentralized platform built on Ethereum that enables users to trade NFTs securely through smart contract automation. Our smart contracts have been designed to maximum transparency.,False,2,No,0xbe19f2a0ce8eda4f7ed1cbfee3d3ef8aefed0c2f,27.67,2026-06-08 00:15:52.041766,641.56,613.89,0.0006,56,0,18,1440
CAMP_0016,BlockChain,BlockChain is a decentralized platform built on Ethereum that enables users to trade NFTs securely through smart contract automation. Our smart contracts have been designed to maximum transparency.,False,2,No,0xb5a1ff2edbf8f122c1c9f556bfa6514bc33a8bf4,58.41,2026-06-08 17:15:52.041766,699.97,641.56,0.0006,56,0,19,1440
CAMP_0016,BlockChain,BlockChain is a decentralized platform built on Ethereum that enables users to trade NFTs securely through smart contract automation. Our smart contracts have been designed to maximum transparency.,False,2,No,0x2dc70a3cc80f3446d0d569c1634dbdbbfb7baeb8,22.17,2026-06-09 03:15:52.041766,722.14,699.97,0.0006,56,0,20,1440
CAMP_0016,BlockChain,BlockChain is a decentralized platform built on Ethereum that enables users to trade NFTs securely through smart contract automation. Our smart contracts have been designed to maximum transparency.,False,2,No,0xabbb070edc61de1a1aa2ac5d94ba46fe9b247c54,72.14,2026-06-11 20:15:52.041766,794.28,722.14,0.0006,56,0,21,1440
CAMP_0016,BlockChain,BlockChain is a decentralized platform built on Ethereum that enables users to trade NFTs securely through smart contract automation. Our smart contracts have been designed to maximum transparency.,False,2,No,0xecce250dce41ce683e6a2d29eae9a392a8e089ec,10.8,2026-06-12 12:15:52.041766,805.08,794.28,0.0006,56,0,22,1440
CAMP_0016,BlockChain,BlockChain is a decentralized platform built on Ethereum that enables users to trade NFTs securely through smart contract automation. Our smart contracts have been designed to maximum transparency.,False,2,No,0x550bde397ce95c48a5ccf6fe6cfa1dad6bd7edef,108.99,2026-06-12 19:15:52.041766,914.07,805.08,0.0006,56,0,23,1440
CAMP_0016,BlockChain,BlockChain is a decentralized platform built on Ethereum that enables users to trade NFTs securely through smart contract automation. Our smart contracts have been designed to maximum transparency.,False,2,No,0xb8f3ffaf04c7d5c5ad8a4f8c632c5255983f3b3a,316.93,2026-06-14 06:15:52.041766,1231.0,914.07,0.0006,56,0,24,1440
CAMP_0016,BlockChain,BlockChain is a decentralized platform built on Ethereum that enables users to trade NFTs securely through smart contract automation. Our smart contracts have been designed to maximum transparency.,False,2,No,0x1da1eed28d83c1f4f52aecf4a475e617ab2feb6d,13.0,2026-06-18 15:15:52.041766,1244.0,1231.0,0.0006,56,0,25,1440
CAMP_0016,BlockChain,BlockChain is a decentralized platform built on Ethereum that enables users to trade NFTs securely through smart contract automation. Our smart contracts have been designed to maximum transparency.,False,2,No,0x6523fcf0c7257be5f089a5ab30cf2c8dec5b01d9,11.77,2026-06-19 23:15:52.041766,1255.77,1244.0,0.0006,56,0,26,1440
CAMP_0016,BlockChain,BlockChain is a decentralized platform built on Ethereum that enables users to trade NFTs securely through smart contract automation. Our smart contracts have been designed to maximum transparency.,False,2,No,0x2360db4773f651d792ae2193ddcfd6bfebfaa2be,114.9,2026-06-21 02:15:52.041766,1370.67,1255.77,0.0006,56,0,26,1440
CAMP_0016,BlockChain,BlockChain is a decentralized platform built on Ethereum that enables users to trade NFTs securely through smart contract automation. Our smart contracts have been designed to maximum transparency.,False,2,No,0xbf2e57e8ccf1e3ccd1a5f14e85ab9c92ae29c01d,133.69,2026-06-22 00:15:52.041766,1504.36,1370.67,0.0006,56,0,27,1440
CAMP_0016,BlockChain,BlockChain is a decentralized platform built on Ethereum that enables users to trade NFTs securely through smart contract automation. Our smart contracts have been designed to maximum transparency.,False,2,No,0xc5cb86773b2bd7acb534dae3baaa9ecdddd31966,10.72,2026-06-22 01:15:52.041766,1515.08,1504.36,0.0006,56,0,28,1440
CAMP_0016,BlockChain,BlockChain is a decentralized platform built on Ethereum that enables users to trade NFTs securely through smart contract automation. Our smart contracts have been designed to maximum transparency.,False,2,No,0x60a4e70edce31bf255f6a2306b6a2a1ce379dd2b,12.13,2026-06-22 03:15:52.041766,1527.21,1515.08,0.0006,56,0,29,1440
CAMP_0016,BlockChain,BlockChain is a decentralized platform built on Ethereum that enables users to trade NFTs securely through smart contract automation. Our smart contracts have been designed to maximum transparency.,False,2,No,0x2cbda3dff00d2cbf97ce046b6b70f7fd0377eebe,14.32,2026-06-24 20:15:52.041766,1541.53,1527.21,0.0006,56,0,30,1440
CAMP_0016,BlockChain,BlockChain is a decentralized platform built on Ethereum that enables users to trade NFTs securely through smart contract automation. Our smart contracts have been designed to maximum transparency.,False,2,No,0xf4d5adc2960ae5ac901ddccc326dbcd452bd8d3e,4.0,2026-06-26 11:15:52.041766,1545.53,1541.53,0.0006,56,0,31,1440
CAMP_0016,BlockChain,BlockChain is a decentralized platform built on Ethereum that enables users to trade NFTs securely through smart contract automation. Our smart contracts have been designed to maximum transparency.,False,2,No,0xf1561526d8845eed3a38fecfcb50654ed6e8ea55,6.67,2026-06-26 21:15:52.041766,1552.2,1545.53,0.0006,56,0,32,1440
CAMP_0016,BlockChain,BlockChain is a decentralized platform built on Ethereum that enables users to trade NFTs securely through smart contract automation. Our smart contracts have been designed to maximum transparency.,False,2,No,0xc558d90ebedacf1e2b61a98eab38bcf3eeba8ecc,6.02,2026-06-28 12:15:52.041766,1558.22,1552.2,0.0006,56,0,33,1440
CAMP_0016,BlockChain,BlockChain is a decentralized platform built on Ethereum that enables users to trade NFTs securely through smart contract automation. Our smart contracts have been designed to maximum transparency.,False,2,No,0xfcbfb6cc8f1bad977ce502df4ce3b7eaad86d33b,7.99,2026-06-29 05:15:52.041766,1566.21,1558.22,0.0006,56,1,34,1440
CAMP_0016,BlockChain,BlockChain is a decentralized platform built on Ethereum that enables users to trade NFTs securely through smart contract automation. Our smart contracts have been designed to maximum transparency.,False,2,No,0x2b35afa17a3ef6fcfe3506254c0678b36e8a3a70,19.27,2026-07-01 13:15:52.041766,1585.48,1566.21,0.0006,56,0,34,1440
CAMP_0016,BlockChain,BlockChain is a decentralized platform built on Ethereum that enables users to trade NFTs securely through smart contract automation. Our smart contracts have been designed to maximum transparency.,False,2,No,0xbbe90ab4eabb3dcee2fafb0efd1a1be6c6d74679,26.6,2026-07-02 07:15:52.041766,1612.08,1585.48,0.0006,56,0,35,1440
CAMP_0016,BlockChain,BlockChain is a decentralized platform built on Ethereum that enables users to trade NFTs securely through smart contract automation. Our smart contracts have been designed to maximum transparency.,False,2,No,0x3a76bfab7ce1b1a4cbc2a5a9a0aabfae67d0eb5e,129.1,2026-07-03 02:15:52.041766,1741.18,1612.08,0.0006,56,0,36,1440
CAMP_0016,BlockChain,BlockChain is a decentralized platform built on Ethereum that enables users to trade NFTs securely through smart contract automation. Our smart contracts have been designed to maximum transparency.,False,2,No,0xcca9ef2ab1ecabe3ca28ddb8fea6ff929fa6fcfe,6.06,2026-07-03 07:15:52.041766,1747.24,1741.18,0.0006,56,0,37,1440
CAMP_0016,BlockChain,BlockChain is a decentralized platform built on Ethereum that enables users to trade NFTs securely through smart contract automation. Our smart contracts have been designed to maximum transparency.,False,2,No,0x1dd8f804807c4ed5f728c3c66ad7df7d74ee85f2,65.44,2026-07-05 18:15:52.041766,1812.68,1747.24,0.0006,56,0,38,1440
CAMP_0016,BlockChain,BlockChain is a decentralized platform built on Ethereum that enables users to trade NFTs securely through smart contract automation. Our smart contracts have been designed to maximum transparency.,False,2,No,0xf0afbbcfc3ddc3e0e2063f9beda1347eb63e77af,15.54,2026-07-05 19:15:52.041766,1828.22,1812.68,0.0006,56,0,39,1440
CAMP_0016,BlockChain,BlockChain is a decentralized platform built on Ethereum that enables users to trade NFTs securely through smart contract automation. Our smart contracts have been designed to maximum transparency.,False,2,No,0x154b0e42fec70cebccf8e82633ebfe3ffeb4c36f,18.93,2026-07-05 19:15:52.041766,1847.15,1828.22,0.0006,56,0,40,1440
CAMP_0016,BlockChain,BlockChain is a decentralized platform built on Ethereum that enables users to trade NFTs securely through smart contract automation. Our smart contracts have been designed to maximum transparency.,False,2,No,0x374db1fbaff2e5be1f4cb7cc3dbfe0fecc4fda6a,45.14,2026-07-06 17:15:52.041766,1892.29,1847.15,0.0006,56,0,41,1440
CAMP_0016,BlockChain,BlockChain is a decentralized platform built on Ethereum that enables users to trade NFTs securely through smart contract automation. Our smart contracts have been designed to maximum transparency.,False,2,No,0xd6b4ee7149cdaef2a47cf6bf133ff2d4e8abf29e,5.22,2026-07-06 22:15:52.041766,1897.51,1892.29,0.0006,56,0,42,1440
CAMP_0016,BlockChain,BlockChain is a decentralized platform built on Ethereum that enables users to trade NFTs securely through smart contract automation. Our smart contracts have been designed to maximum transparency.,False,2,No,0xadac5bb6ee8ff6c05dbdcefeacdbf63f43b89c2c,31.78,2026-07-08 11:15:52.041766,1929.29,1897.51,0.0006,56,0,43,1440
CAMP_0016,BlockChain,BlockChain is a decentralized platform built on Ethereum that enables users to trade NFTs securely through smart contract automation. Our smart contracts have been designed to maximum transparency.,False,2,No,0x5c986ea9ba8c567facea9f3487cff3f023e91410,24.53,2026-07-08 16:15:52.041766,1953.82,1929.29,0.0006,56,0,43,1440
CAMP_0016,BlockChain,BlockChain is a decentralized platform built on Ethereum that enables users to trade NFTs securely through smart contract automation. Our smart contracts have been designed to maximum transparency.,False,2,No,0x9d1b3c9f2bef2993cf4a5fdbf2297b8bbe88aece,36.27,2026-07-08 19:15:52.041766,1990.09,1953.82,0.0006,56,0,44,1440
CAMP_0016,BlockChain,BlockChain is a decentralized platform built on Ethereum that enables users to trade NFTs securely through smart contract automation. Our smart contracts have been designed to maximum transparency.,False,2,No,0x154b0e42fec70cebccf8e82633ebfe3ffeb4c36f,28.42,2026-07-13 10:15:52.041766,2018.51,1990.09,0.0006,56,0,44,1440
CAMP_0016,BlockChain,BlockChain is a decentralized platform built on Ethereum that enables users to trade NFTs securely through smart contract automation. Our smart contracts have been designed to maximum transparency.,False,2,No,0x7dcc135665e59c7cf940aeef1321dc08a153ed65,382.36,2026-07-14 03:15:52.041766,2400.87,2018.51,0.0006,56,0,45,1440
CAMP_0016,BlockChain,BlockChain is a decentralized platform built on Ethereum that enables users to trade NFTs securely through smart contract automation. Our smart contracts have been designed to maximum transparency.,False,2,No,0xadcb36b2cd04cc5aef6cbd208d3dc73daf683cfc,9.34,2026-07-14 15:15:52.041766,2410.21,2400.87,0.0006,56,0,46,1440
CAMP_0016,BlockChain,BlockChain is a decentralized platform built on Ethereum that enables users to trade NFTs securely through smart contract automation. Our smart contracts have been designed to maximum transparency.,False,2,No,0xae71b4945c7cca7f12ba2c90f4f2e3e6e58d386f,10.62,2026-07-16 06:15:52.041766,2420.83,2410.21,0.0006,56,0,47,1440
CAMP_0016,BlockChain,BlockChain is a decentralized platform built on Ethereum that enables users to trade NFTs securely through smart contract automation. Our smart contracts have been designed to maximum transparency.,False,2,No,0x8bdf62e6d423ad9cabe45ad19f1c1cbc37b24c2b,9.51,2026-07-17 02:15:52.041766,2430.34,2420.83,0.0006,56,0,48,1440
CAMP_0016,BlockChain,BlockChain is a decentralized platform built on Ethereum that enables users to trade NFTs securely through smart contract automation. Our smart contracts have been designed to maximum transparency.,False,2,No,0xa6db8c5f0ebfae81e76cf6688629eedd6c069cea,10.31,2026-07-18 08:15:52.041766,2440.65,2430.34,0.0006,56,0,49,1440
CAMP_0017,ZenHub,ZenHub is a decentralized platform built on Optimism that enables users to earn yield on deposits through liquidity pooling. Our smart contracts have been designed to faster settlement times.,True,4,Yes,0x12e6fedd7c37ff8de68bbecafbe97734ea431c2a,2.46,2026-06-22 13:15:52.042928,2.46,0.0,0.0009,38,1,1,720
CAMP_0017,ZenHub,ZenHub is a decentralized platform built on Optimism that enables users to earn yield on deposits through liquidity pooling. Our smart contracts have been designed to faster settlement times.,True,4,Yes,0xc2edcfdf5aeee69da731b871f59aed3a3a4eef21,4.44,2026-06-23 06:15:52.042928,6.9,2.46,0.0009,38,0,2,720
CAMP_0017,ZenHub,ZenHub is a decentralized platform built on Optimism that enables users to earn yield on deposits through liquidity pooling. Our smart contracts have been designed to faster settlement times.,True,4,Yes,0x3e461eded9afeeb7938aac6fbecfc254eec2f45e,58.03,2026-06-24 02:15:52.042928,64.93,6.9,0.0009,38,1,3,720
CAMP_0017,ZenHub,ZenHub is a decentralized platform built on Optimism that enables users to earn yield on deposits through liquidity pooling. Our smart contracts have been designed to faster settlement times.,True,4,Yes,0xd4d67efefbf727ace9ac6cbb03e4a365cf6a0b2d,6.42,2026-06-24 09:15:52.042928,71.35,64.93,0.0009,38,0,4,720
CAMP_0017,ZenHub,ZenHub is a decentralized platform built on Optimism that enables users to earn yield on deposits through liquidity pooling. Our smart contracts have been designed to faster settlement times.,True,4,Yes,0xaddb7b9ac6f6b4fbd7f60fdcc8ddaf609a59e462,7.32,2026-06-24 16:15:52.042928,78.67,71.35,0.0009,38,0,5,720
CAMP_0017,ZenHub,ZenHub is a decentralized platform built on Optimism that enables users to earn yield on deposits through liquidity pooling. Our smart contracts have been designed to faster settlement times.,True,4,Yes,0xb3e8ecb8db7daadb331e447f25bfaa43c00c3d0c,19.89,2026-06-25 00:15:52.042928,98.56,78.67,0.0009,38,1,6,720
CAMP_0017,ZenHub,ZenHub is a decentralized platform built on Optimism that enables users to earn yield on deposits through liquidity pooling. Our smart contracts have been designed to faster settlement times.,True,4,Yes,0xada4ce9f2fd53cc2fea2cafb6cf5c8ebdd6b9ebc,46.23,2026-06-26 03:15:52.042928,144.79,98.56,0.0009,38,0,7,720
CAMP_0017,ZenHub,ZenHub is a decentralized platform built on Optimism that enables users to earn yield on deposits through liquidity pooling. Our smart contracts have been designed to faster settlement times.,True,4,Yes,0xefd45c4f664f67eb62e8fcfb66f795a4bef3dc5e,5.62,2026-06-26 13:15:52.042928,150.41,144.79,0.0009,38,0,8,720
CAMP_0017,ZenHub,ZenHub is a decentralized platform built on Optimism that enables users to earn yield on deposits through liquidity pooling. Our smart contracts have been designed to faster settlement times.,True,4,Yes,0xfcbfb6cc8f1bad977ce502df4ce3b7eaad86d33b,1.0,2026-06-27 10:15:52.042928,151.41,150.41,0.0009,38,1,9,720
CAMP_0017,ZenHub,ZenHub is a decentralized platform built on Optimism that enables users to earn yield on deposits through liquidity pooling. Our smart contracts have been designed to faster settlement times.,True,4,Yes,0x0babc95c0ae26e1a6fca0aad8b8adc1d7095ebbb,7.07,2026-06-28 11:15:52.042928,158.48,151.41,0.0009,38,0,10,720
CAMP_0017,ZenHub,ZenHub is a decentralized platform built on Optimism that enables users to earn yield on deposits through liquidity pooling. Our smart contracts have been designed to faster settlement times.,True,4,Yes,0x93edfdb3ace268819c62f6bbfd2adfafef6d6bf7,85.35,2026-06-29 02:15:52.042928,243.83,158.48,0.0009,38,0,11,720
CAMP_0017,ZenHub,ZenHub is a decentralized platform built on Optimism that enables users to earn yield on deposits through liquidity pooling. Our smart contracts have been designed to faster settlement times.,True,4,Yes,0x2a2dcdbeb80b5bb8caaf22a5c6d84fbc20ef673e,30.32,2026-06-29 12:15:52.042928,274.15,243.83,0.0009,38,0,12,720
CAMP_0017,ZenHub,ZenHub is a decentralized platform built on Optimism that enables users to earn yield on deposits through liquidity pooling. Our smart contracts have been designed to faster settlement times.,True,4,Yes,0x3a76bfab7ce1b1a4cbc2a5a9a0aabfae67d0eb5e,98.36,2026-06-30 13:15:52.042928,372.51,274.15,0.0009,38,0,13,720
CAMP_0017,ZenHub,ZenHub is a decentralized platform built on Optimism that enables users to earn yield on deposits through liquidity pooling. Our smart contracts have been designed to faster settlement times.,True,4,Yes,0xfbbdddb0c63de18fdd553fe7b43bbc6fb2ff3ee6,5.16,2026-07-01 10:15:52.042928,377.67,372.51,0.0009,38,0,14,720
CAMP_0017,ZenHub,ZenHub is a decentralized platform built on Optimism that enables users to earn yield on deposits through liquidity pooling. Our smart contracts have been designed to faster settlement times.,True,4,Yes,0xfbbdddb0c63de18fdd553fe7b43bbc6fb2ff3ee6,2.81,2026-07-01 20:15:52.042928,380.48,377.67,0.0009,38,0,14,720
CAMP_0017,ZenHub,ZenHub is a decentralized platform built on Optimism that enables users to earn yield on deposits through liquidity pooling. Our smart contracts have been designed to faster settlement times.,True,4,Yes,0xaddb7b9ac6f6b4fbd7f60fdcc8ddaf609a59e462,34.99,2026-07-03 07:15:52.042928,415.47,380.48,0.0009,38,0,14,720
CAMP_0017,ZenHub,ZenHub is a decentralized platform built on Optimism that enables users to earn yield on deposits through liquidity pooling. Our smart contracts have been designed to faster settlement times.,True,4,Yes,0x7ee8b6ec8b90d4be3fb01ebd92bffbeea3a711bc,26.79,2026-07-03 13:15:52.042928,442.26,415.47,0.0009,38,0,15,720
CAMP_0017,ZenHub,ZenHub is a decentralized platform built on Optimism that enables users to earn yield on deposits through liquidity pooling. Our smart contracts have been designed to faster settlement times.,True,4,Yes,0xba6fe2f8b7ea4bb037aadb7d3fa67cbf6b8efcbf,28.98,2026-07-05 21:15:52.042928,471.24,442.26,0.0009,38,0,16,720
CAMP_0017,ZenHub,ZenHub is a decentralized platform built on Optimism that enables users to earn yield on deposits through liquidity pooling. Our smart contracts have been designed to faster settlement times.,True,4,Yes,0xa96f447a6cec136580e840cb5feb8bacd7e2b1c2,61.53,2026-07-06 03:15:52.042928,532.77,471.24,0.0009,38,0,17,720
CAMP_0017,ZenHub,ZenHub is a decentralized platform built on Optimism that enables users to earn yield on deposits through liquidity pooling. Our smart contracts have been designed to faster settlement times.,True,4,Yes,0x2a2dcdbeb80b5bb8caaf22a5c6d84fbc20ef673e,33.32,2026-07-06 06:15:52.042928,566.09,532.77,0.0009,38,0,17,720
CAMP_0017,ZenHub,ZenHub is a decentralized platform built on Optimism that enables users to earn yield on deposits through liquidity pooling. Our smart contracts have been designed to faster settlement times.,True,4,Yes,0xada4ce9f2fd53cc2fea2cafb6cf5c8ebdd6b9ebc,32.68,2026-07-07 07:15:52.042928,598.77,566.09,0.0009,38,0,17,720
CAMP_0017,ZenHub,ZenHub is a decentralized platform built on Optimism that enables users to earn yield on deposits through liquidity pooling. Our smart contracts have been designed to faster settlement times.,True,4,Yes,0x96eae08d0643570a38fbcb1c00ecccf9207bdce1,47.37,2026-07-08 21:15:52.042928,646.14,598.77,0.0009,38,0,18,720
CAMP_0017,ZenHub,ZenHub is a decentralized platform built on Optimism that enables users to earn yield on deposits through liquidity pooling. Our smart contracts have been designed to faster settlement times.,True,4,Yes,0xd4d67efefbf727ace9ac6cbb03e4a365cf6a0b2d,36.7,2026-07-09 21:15:52.042928,682.84,646.14,0.0009,38,0,18,720
CAMP_0017,ZenHub,ZenHub is a decentralized platform built on Optimism that enables users to earn yield on deposits through liquidity pooling. Our smart contracts have been designed to faster settlement times.,True,4,Yes,0x1faafeab24f6cab9a7f55242ba44affb624530b6,56.2,2026-07-11 17:15:52.042928,739.04,682.84,0.0009,38,0,19,720
CAMP_0017,ZenHub,ZenHub is a decentralized platform built on Optimism that enables users to earn yield on deposits through liquidity pooling. Our smart contracts have been designed to faster settlement times.,True,4,Yes,0x6b7f65cfe2fbefd2d5fcaeac599dd2b6e8e70baa,67.37,2026-07-12 20:15:52.042928,806.41,739.04,0.0009,38,0,20,720
CAMP_0017,ZenHub,ZenHub is a decentralized platform built on Optimism that enables users to earn yield on deposits through liquidity pooling. Our smart contracts have been designed to faster settlement times.,True,4,Yes,0x0cc6ca005fcaed9af526f1accddaf2bcc317d235,126.22,2026-07-13 23:15:52.042928,932.63,806.41,0.0009,38,0,21,720
CAMP_0017,ZenHub,ZenHub is a decentralized platform built on Optimism that enables users to earn yield on deposits through liquidity pooling. Our smart contracts have been designed to faster settlement times.,True,4,Yes,0xbe19f2a0ce8eda4f7ed1cbfee3d3ef8aefed0c2f,9.22,2026-07-14 03:15:52.042928,941.85,932.63,0.0009,38,0,22,720
CAMP_0017,ZenHub,ZenHub is a decentralized platform built on Optimism that enables users to earn yield on deposits through liquidity pooling. Our smart contracts have been designed to faster settlement times.,True,4,Yes,0x1b691c1dcdbacbd9be7a312d7fb3599b38687dbe,35.75,2026-07-14 03:15:52.042928,977.6,941.85,0.0009,38,0,23,720
CAMP_0017,ZenHub,ZenHub is a decentralized platform built on Optimism that enables users to earn yield on deposits through liquidity pooling. Our smart contracts have been designed to faster settlement times.,True,4,Yes,0xf4d5adc2960ae5ac901ddccc326dbcd452bd8d3e,12.88,2026-07-14 19:15:52.042928,990.48,977.6,0.0009,38,0,24,720
CAMP_0017,ZenHub,ZenHub is a decentralized platform built on Optimism that enables users to earn yield on deposits through liquidity pooling. Our smart contracts have been designed to faster settlement times.,True,4,Yes,0xc5cd84fb212db918fbfc0feb5e299ed5b3ed6ed3,7.39,2026-07-14 23:15:52.042928,997.87,990.48,0.0009,38,0,25,720
CAMP_0017,ZenHub,ZenHub is a decentralized platform built on Optimism that enables users to earn yield on deposits through liquidity pooling. Our smart contracts have been designed to faster settlement times.,True,4,Yes,0xf1e9abd93bc974dcc5b9c8fcf2af3affba1d1aaf,8.78,2026-07-16 07:15:52.042928,1006.65,997.87,0.0009,38,0,26,720
CAMP_0017,ZenHub,ZenHub is a decentralized platform built on Optimism that enables users to earn yield on deposits through liquidity pooling. Our smart contracts have been designed to faster settlement times.,True,4,Yes,0x0c0b6f0bebe2234bb5888cf4fceca28c103a9bcc,36.38,2026-07-16 14:15:52.042928,1043.03,1006.65,0.0009,38,0,27,720
CAMP_0017,ZenHub,ZenHub is a decentralized platform built on Optimism that enables users to earn yield on deposits through liquidity pooling. Our smart contracts have been designed to faster settlement times.,True,4,Yes,0xecdde69ca16a32bfbec5caba72f3fcfffb8b0bae,33.18,2026-07-17 20:15:52.042928,1076.21,1043.03,0.0009,38,0,28,720
CAMP_0017,ZenHub,ZenHub is a decentralized platform built on Optimism that enables users to earn yield on deposits through liquidity pooling. Our smart contracts have been designed to faster settlement times.,True,4,Yes,0x93edfdb3ace268819c62f6bbfd2adfafef6d6bf7,32.48,2026-07-18 03:15:52.042928,1108.69,1076.21,0.0009,38,0,28,720
CAMP_0017,ZenHub,ZenHub is a decentralized platform built on Optimism that enables users to earn yield on deposits through liquidity pooling. Our smart contracts have been designed to faster settlement times.,True,4,Yes,0x9b5fabc713e3afa59e4a7ea2386aab8fa3d0e9ef,15.32,2026-07-18 21:15:52.042928,1124.01,1108.69,0.0009,38,0,29,720
CAMP_0017,ZenHub,ZenHub is a decentralized platform built on Optimism that enables users to earn yield on deposits through liquidity pooling. Our smart contracts have been designed to faster settlement times.,True,4,Yes,0x1d5dc15e42ecabb4299aaef287c549965e9cc1fc,20.17,2026-07-19 11:15:52.042928,1144.18,1124.01,0.0009,38,0,30,720
CAMP_0017,ZenHub,ZenHub is a decentralized platform built on Optimism that enables users to earn yield on deposits through liquidity pooling. Our smart contracts have been designed to faster settlement times.,True,4,Yes,0xa6db8c5f0ebfae81e76cf6688629eedd6c069cea,53.59,2026-07-21 03:15:52.042928,1197.77,1144.18,0.0009,38,0,31,720
CAMP_0017,ZenHub,ZenHub is a decentralized platform built on Optimism that enables users to earn yield on deposits through liquidity pooling. Our smart contracts have been designed to faster settlement times.,True,4,Yes,0x5ef0a24e0fbf9218a26d3ba2f3b0e9fd39fc12ac,3.36,2026-07-21 04:15:52.042928,1201.13,1197.77,0.0009,38,0,32,720
CAMP_0018,ProtoFinance,ProtoFinance is a decentralized platform built on Avalanche that enables users to access decentralized finance through on-chain reputation scoring. Our smart contracts have been designed to improved security.,False,11,No,0xd4d67efefbf727ace9ac6cbb03e4a365cf6a0b2d,2.6,2026-07-01 22:15:52.043721,2.6,0.0,0.0018,54,1,1,504
CAMP_0018,ProtoFinance,ProtoFinance is a decentralized platform built on Avalanche that enables users to access decentralized finance through on-chain reputation scoring. Our smart contracts have been designed to improved security.,False,11,No,0x1faafeab24f6cab9a7f55242ba44affb624530b6,105.58,2026-07-02 03:15:52.043721,108.18,2.6,0.0018,54,0,2,504
CAMP_0018,ProtoFinance,ProtoFinance is a decentralized platform built on Avalanche that enables users to access decentralized finance through on-chain reputation scoring. Our smart contracts have been designed to improved security.,False,11,No,0xf4d5adc2960ae5ac901ddccc326dbcd452bd8d3e,78.56,2026-07-02 03:15:52.043721,186.74,108.18,0.0018,54,1,3,504
CAMP_0018,ProtoFinance,ProtoFinance is a decentralized platform built on Avalanche that enables users to access decentralized finance through on-chain reputation scoring. Our smart contracts have been designed to improved security.,False,11,No,0xa3e0e697ba0ae3ba2dfd74e7b72ad84aad3ea83f,11.61,2026-07-02 08:15:52.043721,198.35,186.74,0.0018,54,1,4,504
CAMP_0018,ProtoFinance,ProtoFinance is a decentralized platform built on Avalanche that enables users to access decentralized finance through on-chain reputation scoring. Our smart contracts have been designed to improved security.,False,11,No,0xfbbdddb0c63de18fdd553fe7b43bbc6fb2ff3ee6,17.54,2026-07-02 23:15:52.043721,215.89,198.35,0.0018,54,0,5,504
CAMP_0018,ProtoFinance,ProtoFinance is a decentralized platform built on Avalanche that enables users to access decentralized finance through on-chain reputation scoring. Our smart contracts have been designed to improved security.,False,11,No,0x1da1eed28d83c1f4f52aecf4a475e617ab2feb6d,4.62,2026-07-03 22:15:52.043721,220.51,215.89,0.0018,54,1,6,504
CAMP_0018,ProtoFinance,ProtoFinance is a decentralized platform built on Avalanche that enables users to access decentralized finance through on-chain reputation scoring. Our smart contracts have been designed to improved security.,False,11,No,0xd4a2ccebf58d1e4ad1b1ce98fc5016ef2fb4b5d3,22.35,2026-07-04 12:15:52.043721,242.86,220.51,0.0018,54,0,7,504
CAMP_0018,ProtoFinance,ProtoFinance is a decentralized platform built on Avalanche that enables users to access decentralized finance through on-chain reputation scoring. Our smart contracts have been designed to improved security.,False,11,No,0x2b35afa17a3ef6fcfe3506254c0678b36e8a3a70,81.38,2026-07-06 10:15:52.043721,324.24,242.86,0.0018,54,0,8,504
CAMP_0018,ProtoFinance,ProtoFinance is a decentralized platform built on Avalanche that enables users to access decentralized finance through on-chain reputation scoring. Our smart contracts have been designed to improved security.,False,11,No,0xe1e977d06fdf930b48ac21eedc0f2904b4b5aa3f,10.47,2026-07-08 05:15:52.043721,334.71,324.24,0.0018,54,0,9,504
CAMP_0018,ProtoFinance,ProtoFinance is a decentralized platform built on Avalanche that enables users to access decentralized finance through on-chain reputation scoring. Our smart contracts have been designed to improved security.,False,11,No,0xadac5bb6ee8ff6c05dbdcefeacdbf63f43b89c2c,57.54,2026-07-08 06:15:52.043721,392.25,334.71,0.0018,54,0,10,504
CAMP_0018,ProtoFinance,ProtoFinance is a decentralized platform built on Avalanche that enables users to access decentralized finance through on-chain reputation scoring. Our smart contracts have been designed to improved security.,False,11,No,0x2360db4773f651d792ae2193ddcfd6bfebfaa2be,35.04,2026-07-08 17:15:52.043721,427.29,392.25,0.0018,54,0,11,504
CAMP_0018,ProtoFinance,ProtoFinance is a decentralized platform built on Avalanche that enables users to access decentralized finance through on-chain reputation scoring. Our smart contracts have been designed to improved security.,False,11,No,0x1faafeab24f6cab9a7f55242ba44affb624530b6,40.18,2026-07-09 06:15:52.043721,467.47,427.29,0.0018,54,0,11,504
CAMP_0018,ProtoFinance,ProtoFinance is a decentralized platform built on Avalanche that enables users to access decentralized finance through on-chain reputation scoring. Our smart contracts have been designed to improved security.,False,11,No,0xac38e0d5b1fee0f98ca3fd6ee5d3c2f222445b4f,11.23,2026-07-09 10:15:52.043721,478.7,467.47,0.0018,54,0,12,504
CAMP_0018,ProtoFinance,ProtoFinance is a decentralized platform built on Avalanche that enables users to access decentralized finance through on-chain reputation scoring. Our smart contracts have been designed to improved security.,False,11,No,0xed40361c68ae2b4d895a451ae17bfcccc9bdada1,13.12,2026-07-09 10:15:52.043721,491.82,478.7,0.0018,54,0,13,504
CAMP_0018,ProtoFinance,ProtoFinance is a decentralized platform built on Avalanche that enables users to access decentralized finance through on-chain reputation scoring. Our smart contracts have been designed to improved security.,False,11,No,0x2fbf7842caeed0b52c1a44d73d0c3253e00b5731,2.19,2026-07-09 11:15:52.043721,494.01,491.82,0.0018,54,0,14,504
CAMP_0018,ProtoFinance,ProtoFinance is a decentralized platform built on Avalanche that enables users to access decentralized finance through on-chain reputation scoring. Our smart contracts have been designed to improved security.,False,11,No,0xe33109d65ff9febdee9bedc136ac62ffeba10975,10.18,2026-07-09 14:15:52.043721,504.19,494.01,0.0018,54,0,15,504
CAMP_0018,ProtoFinance,ProtoFinance is a decentralized platform built on Avalanche that enables users to access decentralized finance through on-chain reputation scoring. Our smart contracts have been designed to improved security.,False,11,No,0xc5cb86773b2bd7acb534dae3baaa9ecdddd31966,81.14,2026-07-09 22:15:52.043721,585.33,504.19,0.0018,54,0,16,504
CAMP_0018,ProtoFinance,ProtoFinance is a decentralized platform built on Avalanche that enables users to access decentralized finance through on-chain reputation scoring. Our smart contracts have been designed to improved security.,False,11,No,0x2b04dda11edc0e6fcaf8135c8d7a3ffbf19c7af8,6.59,2026-07-10 04:15:52.043721,591.92,585.33,0.0018,54,0,17,504
CAMP_0018,ProtoFinance,ProtoFinance is a decentralized platform built on Avalanche that enables users to access decentralized finance through on-chain reputation scoring. Our smart contracts have been designed to improved security.,False,11,No,0x965089c83a88595aebf6ab9c46ed5d401b425ff5,7.87,2026-07-10 13:15:52.043721,599.79,591.92,0.0018,54,0,18,504
CAMP_0018,ProtoFinance,ProtoFinance is a decentralized platform built on Avalanche that enables users to access decentralized finance through on-chain reputation scoring. Our smart contracts have been designed to improved security.,False,11,No,0xfcbfb6cc8f1bad977ce502df4ce3b7eaad86d33b,43.3,2026-07-10 16:15:52.043721,643.09,599.79,0.0018,54,1,19,504
CAMP_0018,ProtoFinance,ProtoFinance is a decentralized platform built on Avalanche that enables users to access decentralized finance through on-chain reputation scoring. Our smart contracts have been designed to improved security.,False,11,No,0xa92e7aed33873f976f78a9fdc4ae5f98ffdbf664,32.57,2026-07-10 17:15:52.043721,675.66,643.09,0.0018,54,0,20,504
CAMP_0018,ProtoFinance,ProtoFinance is a decentralized platform built on Avalanche that enables users to access decentralized finance through on-chain reputation scoring. Our smart contracts have been designed to improved security.,False,11,No,0x2aee8ff0def4ce3a5f3d1fed95515208afda8c2a,45.96,2026-07-10 18:15:52.043721,721.62,675.66,0.0018,54,0,21,504
CAMP_0018,ProtoFinance,ProtoFinance is a decentralized platform built on Avalanche that enables users to access decentralized finance through on-chain reputation scoring. Our smart contracts have been designed to improved security.,False,11,No,0xb9bb5e1ecadacc3f12ba8ae1bddd033b8c4e6ce6,4.97,2026-07-10 21:15:52.043721,726.59,721.62,0.0018,54,0,22,504
CAMP_0018,ProtoFinance,ProtoFinance is a decentralized platform built on Avalanche that enables users to access decentralized finance through on-chain reputation scoring. Our smart contracts have been designed to improved security.,False,11,No,0xecdde69ca16a32bfbec5caba72f3fcfffb8b0bae,435.66,2026-07-11 03:15:52.043721,1162.25,726.59,0.0018,54,0,23,504
CAMP_0018,ProtoFinance,ProtoFinance is a decentralized platform built on Avalanche that enables users to access decentralized finance through on-chain reputation scoring. Our smart contracts have been designed to improved security.,False,11,No,0x2b04dda11edc0e6fcaf8135c8d7a3ffbf19c7af8,4.67,2026-07-11 12:15:52.043721,1166.92,1162.25,0.0018,54,0,23,504
CAMP_0018,ProtoFinance,ProtoFinance is a decentralized platform built on Avalanche that enables users to access decentralized finance through on-chain reputation scoring. Our smart contracts have been designed to improved security.,False,11,No,0x9d1b3c9f2bef2993cf4a5fdbf2297b8bbe88aece,24.17,2026-07-11 21:15:52.043721,1191.09,1166.92,0.0018,54,0,24,504
CAMP_0018,ProtoFinance,ProtoFinance is a decentralized platform built on Avalanche that enables users to access decentralized finance through on-chain reputation scoring. Our smart contracts have been designed to improved security.,False,11,No,0x2fccefe50aaee3cda277ec7f6ebca67f8bfeb947,16.6,2026-07-12 16:15:52.043721,1207.69,1191.09,0.0018,54,0,25,504
CAMP_0018,ProtoFinance,ProtoFinance is a decentralized platform built on Avalanche that enables users to access decentralized finance through on-chain reputation scoring. Our smart contracts have been designed to improved security.,False,11,No,0xc5cb86773b2bd7acb534dae3baaa9ecdddd31966,4.84,2026-07-13 00:15:52.043721,1212.53,1207.69,0.0018,54,0,25,504
CAMP_0018,ProtoFinance,ProtoFinance is a decentralized platform built on Avalanche that enables users to access decentralized finance through on-chain reputation scoring. Our smart contracts have been designed to improved security.,False,11,No,0xbebe1da1d6f26fadbd6fb279e61d5ee97e7dfc96,12.88,2026-07-13 07:15:52.043721,1225.41,1212.53,0.0018,54,0,26,504
CAMP_0018,ProtoFinance,ProtoFinance is a decentralized platform built on Avalanche that enables users to access decentralized finance through on-chain reputation scoring. Our smart contracts have been designed to improved security.,False,11,No,0xc0cf6cce30738c5b28eafb3cfcdd6ac11a7b9dd4,20.66,2026-07-14 04:15:52.043721,1246.07,1225.41,0.0018,54,0,27,504
CAMP_0018,ProtoFinance,ProtoFinance is a decentralized platform built on Avalanche that enables users to access decentralized finance through on-chain reputation scoring. Our smart contracts have been designed to improved security.,False,11,No,0xe064aed1904b04eb4cb0bf73f722cdbabf8ccdcc,9.21,2026-07-14 17:15:52.043721,1255.28,1246.07,0.0018,54,0,28,504
CAMP_0018,ProtoFinance,ProtoFinance is a decentralized platform built on Avalanche that enables users to access decentralized finance through on-chain reputation scoring. Our smart contracts have been designed to improved security.,False,11,No,0x2cbda3dff00d2cbf97ce046b6b70f7fd0377eebe,61.85,2026-07-14 22:15:52.043721,1317.13,1255.28,0.0018,54,0,29,504
CAMP_0018,ProtoFinance,ProtoFinance is a decentralized platform built on Avalanche that enables users to access decentralized finance through on-chain reputation scoring. Our smart contracts have been designed to improved security.,False,11,No,0x2dc70a3cc80f3446d0d569c1634dbdbbfb7baeb8,16.54,2026-07-15 00:15:52.043721,1333.67,1317.13,0.0018,54,0,30,504
CAMP_0018,ProtoFinance,ProtoFinance is a decentralized platform built on Avalanche that enables users to access decentralized finance through on-chain reputation scoring. Our smart contracts have been designed to improved security.,False,11,No,0xf0afbbcfc3ddc3e0e2063f9beda1347eb63e77af,4.02,2026-07-15 09:15:52.043721,1337.69,1333.67,0.0018,54,0,31,504
CAMP_0018,ProtoFinance,ProtoFinance is a decentralized platform built on Avalanche that enables users to access decentralized finance through on-chain reputation scoring. Our smart contracts have been designed to improved security.,False,11,No,0x2fbf7842caeed0b52c1a44d73d0c3253e00b5731,3.63,2026-07-15 18:15:52.043721,1341.32,1337.69,0.0018,54,0,31,504
CAMP_0018,ProtoFinance,ProtoFinance is a decentralized platform built on Avalanche that enables users to access decentralized finance through on-chain reputation scoring. Our smart contracts have been designed to improved security.,False,11,No,0xcd16ffbac1fe9e7dbe4f9e12337f7edc5dc26bb3,41.57,2026-07-16 02:15:52.043721,1382.89,1341.32,0.0018,54,0,32,504
CAMP_0018,ProtoFinance,ProtoFinance is a decentralized platform built on Avalanche that enables users to access decentralized finance through on-chain reputation scoring. Our smart contracts have been designed to improved security.,False,11,No,0x7dcc135665e59c7cf940aeef1321dc08a153ed65,3.37,2026-07-16 04:15:52.043721,1386.26,1382.89,0.0018,54,0,33,504
CAMP_0018,ProtoFinance,ProtoFinance is a decentralized platform built on Avalanche that enables users to access decentralized finance through on-chain reputation scoring. Our smart contracts have been designed to improved security.,False,11,No,0x6b7f65cfe2fbefd2d5fcaeac599dd2b6e8e70baa,29.36,2026-07-16 10:15:52.043721,1415.62,1386.26,0.0018,54,0,34,504
CAMP_0018,ProtoFinance,ProtoFinance is a decentralized platform built on Avalanche that enables users to access decentralized finance through on-chain reputation scoring. Our smart contracts have been designed to improved security.,False,11,No,0xc558d90ebedacf1e2b61a98eab38bcf3eeba8ecc,34.25,2026-07-16 15:15:52.043721,1449.87,1415.62,0.0018,54,0,35,504
CAMP_0018,ProtoFinance,ProtoFinance is a decentralized platform built on Avalanche that enables users to access decentralized finance through on-chain reputation scoring. Our smart contracts have been designed to improved security.,False,11,No,0x3bafdb1ba6040ebfb5a47bd728dad8faaebbf1dc,6.08,2026-07-17 00:15:52.043721,1455.95,1449.87,0.0018,54,0,36,504
CAMP_0018,ProtoFinance,ProtoFinance is a decentralized platform built on Avalanche that enables users to access decentralized finance through on-chain reputation scoring. Our smart contracts have been designed to improved security.,False,11,No,0xa96f447a6cec136580e840cb5feb8bacd7e2b1c2,58.49,2026-07-17 20:15:52.043721,1514.44,1455.95,0.0018,54,0,37,504
CAMP_0018,ProtoFinance,ProtoFinance is a decentralized platform built on Avalanche that enables users to access decentralized finance through on-chain reputation scoring. Our smart contracts have been designed to improved security.,False,11,No,0xadcb36b2cd04cc5aef6cbd208d3dc73daf683cfc,2.56,2026-07-18 03:15:52.043721,1517.0,1514.44,0.0018,54,0,38,504
CAMP_0018,ProtoFinance,ProtoFinance is a decentralized platform built on Avalanche that enables users to access decentralized finance through on-chain reputation scoring. Our smart contracts have been designed to improved security.,False,11,No,0x0ce036bd1e085ced0de58f26db4bae05b78377d5,28.67,2026-07-18 06:15:52.043721,1545.67,1517.0,0.0018,54,0,39,504
CAMP_0018,ProtoFinance,ProtoFinance is a decentralized platform built on Avalanche that enables users to access decentralized finance through on-chain reputation scoring. Our smart contracts have been designed to improved security.,False,11,No,0x66cfa3b7cba74fc5b0afb8ecfa0bcdd9baf9e3af,19.12,2026-07-18 08:15:52.043721,1564.79,1545.67,0.0018,54,0,40,504
CAMP_0018,ProtoFinance,ProtoFinance is a decentralized platform built on Avalanche that enables users to access decentralized finance through on-chain reputation scoring. Our smart contracts have been designed to improved security.,False,11,No,0x5ef0a24e0fbf9218a26d3ba2f3b0e9fd39fc12ac,17.41,2026-07-18 14:15:52.043721,1582.2,1564.79,0.0018,54,0,41,504
CAMP_0018,ProtoFinance,ProtoFinance is a decentralized platform built on Avalanche that enables users to access decentralized finance through on-chain reputation scoring. Our smart contracts have been designed to improved security.,False,11,No,0xc59d3eee5fdcbea9cbbb0ebace7f8df1bf1aae30,4.89,2026-07-18 16:15:52.043721,1587.09,1582.2,0.0018,54,0,42,504
CAMP_0018,ProtoFinance,ProtoFinance is a decentralized platform built on Avalanche that enables users to access decentralized finance through on-chain reputation scoring. Our smart contracts have been designed to improved security.,False,11,No,0x9b5fabc713e3afa59e4a7ea2386aab8fa3d0e9ef,6.52,2026-07-20 02:15:52.043721,1593.61,1587.09,0.0018,54,0,43,504
CAMP_0018,ProtoFinance,ProtoFinance is a decentralized platform built on Avalanche that enables users to access decentralized finance through on-chain reputation scoring. Our smart contracts have been designed to improved security.,False,11,No,0xdf42f13ca37ddbed3fc1cafdc6aa57cdd3c0f0aa,140.13,2026-07-20 09:15:52.043721,1733.74,1593.61,0.0018,54,0,44,504
CAMP_0018,ProtoFinance,ProtoFinance is a decentralized platform built on Avalanche that enables users to access decentralized finance through on-chain reputation scoring. Our smart contracts have been designed to improved security.,False,11,No,0xdfbdbed2a3ffb29f9fdc5ee18876adbdb993caee,86.33,2026-07-20 21:15:52.043721,1820.07,1733.74,0.0018,54,0,45,504
CAMP_0018,ProtoFinance,ProtoFinance is a decentralized platform built on Avalanche that enables users to access decentralized finance through on-chain reputation scoring. Our smart contracts have been designed to improved security.,False,11,No,0x8fdbfdece94eb60db530503fb78cba116ce7f6d4,48.94,2026-07-21 04:15:52.043721,1869.01,1820.07,0.0018,54,0,46,504
CAMP_0018,ProtoFinance,ProtoFinance is a decentralized platform built on Avalanche that enables users to access decentralized finance through on-chain reputation scoring. Our smart contracts have been designed to improved security.,False,11,No,0xa3e0e697ba0ae3ba2dfd74e7b72ad84aad3ea83f,62.04,2026-07-21 07:15:52.043721,1931.05,1869.01,0.0018,54,0,46,504
CAMP_0018,ProtoFinance,ProtoFinance is a decentralized platform built on Avalanche that enables users to access decentralized finance through on-chain reputation scoring. Our smart contracts have been designed to improved security.,False,11,No,0x01bbdb9f1bd66b4bb8dce1fac1199d6aa2ff3ebb,55.44,2026-07-21 12:15:52.043721,1986.49,1931.05,0.0018,54,0,47,504
CAMP_0018,ProtoFinance,ProtoFinance is a decentralized platform built on Avalanche that enables users to access decentralized finance through on-chain reputation scoring. Our smart contracts have been designed to improved security.,False,11,No,0xc0cf6cce30738c5b28eafb3cfcdd6ac11a7b9dd4,13.63,2026-07-21 14:15:52.043721,2000.12,1986.49,0.0018,54,0,47,504
CAMP_0018,ProtoFinance,ProtoFinance is a decentralized platform built on Avalanche that enables users to access decentralized finance through on-chain reputation scoring. Our smart contracts have been designed to improved security.,False,11,No,0x7dcc135665e59c7cf940aeef1321dc08a153ed65,21.27,2026-07-22 02:15:52.043721,2021.39,2000.12,0.0018,54,0,47,504
CAMP_0019,AeroLabs,AeroLabs is a decentralized platform built on Arbitrum that enables users to participate in governance through on-chain reputation scoring. Our smart contracts have been designed to lower transaction costs.,False,1,No,0x153fdc0fe619fd3cdbc4e5f79c5824cb932ad0bb,46.43,2026-07-01 12:15:52.045175,46.43,0.0,0.0015,46,1,1,504
CAMP_0019,AeroLabs,AeroLabs is a decentralized platform built on Arbitrum that enables users to participate in governance through on-chain reputation scoring. Our smart contracts have been designed to lower transaction costs.,False,1,No,0xdfbdbed2a3ffb29f9fdc5ee18876adbdb993caee,32.21,2026-07-01 19:15:52.045175,78.64,46.43,0.0015,46,0,2,504
CAMP_0019,AeroLabs,AeroLabs is a decentralized platform built on Arbitrum that enables users to participate in governance through on-chain reputation scoring. Our smart contracts have been designed to lower transaction costs.,False,1,No,0xefd45c4f664f67eb62e8fcfb66f795a4bef3dc5e,58.81,2026-07-03 03:15:52.045175,137.45,78.64,0.0015,46,0,3,504
CAMP_0019,AeroLabs,AeroLabs is a decentralized platform built on Arbitrum that enables users to participate in governance through on-chain reputation scoring. Our smart contracts have been designed to lower transaction costs.,False,1,No,0xbf6d12264fb9384dfefca3691703bfbaf9ca10a6,43.04,2026-07-04 11:15:52.045175,180.49,137.45,0.0015,46,0,4,504
CAMP_0019,AeroLabs,AeroLabs is a decentralized platform built on Arbitrum that enables users to participate in governance through on-chain reputation scoring. Our smart contracts have been designed to lower transaction costs.,False,1,No,0x8fdbfdece94eb60db530503fb78cba116ce7f6d4,70.77,2026-07-04 15:15:52.045175,251.26,180.49,0.0015,46,1,5,504
CAMP_0019,AeroLabs,AeroLabs is a decentralized platform built on Arbitrum that enables users to participate in governance through on-chain reputation scoring. Our smart contracts have been designed to lower transaction costs.,False,1,No,0x1dd8f804807c4ed5f728c3c66ad7df7d74ee85f2,10.57,2026-07-05 04:15:52.045175,261.83,251.26,0.0015,46,1,6,504
CAMP_0019,AeroLabs,AeroLabs is a decentralized platform built on Arbitrum that enables users to participate in governance through on-chain reputation scoring. Our smart contracts have been designed to lower transaction costs.,False,1,No,0xbe19f2a0ce8eda4f7ed1cbfee3d3ef8aefed0c2f,97.6,2026-07-05 06:15:52.045175,359.43,261.83,0.0015,46,0,7,504
CAMP_0019,AeroLabs,AeroLabs is a decentralized platform built on Arbitrum that enables users to participate in governance through on-chain reputation scoring. Our smart contracts have been designed to lower transaction costs.,False,1,No,0x4dd42d7362b00bad8132defd1efb25fbab94f72d,25.46,2026-07-05 17:15:52.045175,384.89,359.43,0.0015,46,1,8,504
CAMP_0019,AeroLabs,AeroLabs is a decentralized platform built on Arbitrum that enables users to participate in governance through on-chain reputation scoring. Our smart contracts have been designed to lower transaction costs.,False,1,No,0xc2edcfdf5aeee69da731b871f59aed3a3a4eef21,242.33,2026-07-05 20:15:52.045175,627.22,384.89,0.0015,46,0,9,504
CAMP_0019,AeroLabs,AeroLabs is a decentralized platform built on Arbitrum that enables users to participate in governance through on-chain reputation scoring. Our smart contracts have been designed to lower transaction costs.,False,1,No,0xf1561526d8845eed3a38fecfcb50654ed6e8ea55,8.78,2026-07-06 06:15:52.045175,636.0,627.22,0.0015,46,0,10,504
CAMP_0019,AeroLabs,AeroLabs is a decentralized platform built on Arbitrum that enables users to participate in governance through on-chain reputation scoring. Our smart contracts have been designed to lower transaction costs.,False,1,No,0x55268d5d37c6aaba60ebf471adeabc9daa88c4c1,161.28,2026-07-06 12:15:52.045175,797.28,636.0,0.0015,46,0,11,504
CAMP_0019,AeroLabs,AeroLabs is a decentralized platform built on Arbitrum that enables users to participate in governance through on-chain reputation scoring. Our smart contracts have been designed to lower transaction costs.,False,1,No,0xadcb36b2cd04cc5aef6cbd208d3dc73daf683cfc,25.47,2026-07-06 13:15:52.045175,822.75,797.28,0.0015,46,0,12,504
CAMP_0019,AeroLabs,AeroLabs is a decentralized platform built on Arbitrum that enables users to participate in governance through on-chain reputation scoring. Our smart contracts have been designed to lower transaction costs.,False,1,No,0x84fdd71da34fda1b6bc9f01b02beaed3ce03eae1,9.19,2026-07-07 09:15:52.045175,831.94,822.75,0.0015,46,0,13,504
CAMP_0019,AeroLabs,AeroLabs is a decentralized platform built on Arbitrum that enables users to participate in governance through on-chain reputation scoring. Our smart contracts have been designed to lower transaction costs.,False,1,No,0xb8f3ffaf04c7d5c5ad8a4f8c632c5255983f3b3a,11.24,2026-07-07 14:15:52.045175,843.18,831.94,0.0015,46,0,14,504
CAMP_0019,AeroLabs,AeroLabs is a decentralized platform built on Arbitrum that enables users to participate in governance through on-chain reputation scoring. Our smart contracts have been designed to lower transaction costs.,False,1,No,0x01bbdb9f1bd66b4bb8dce1fac1199d6aa2ff3ebb,13.68,2026-07-07 20:15:52.045175,856.86,843.18,0.0015,46,0,15,504
CAMP_0019,AeroLabs,AeroLabs is a decentralized platform built on Arbitrum that enables users to participate in governance through on-chain reputation scoring. Our smart contracts have been designed to lower transaction costs.,False,1,No,0xc5cb86773b2bd7acb534dae3baaa9ecdddd31966,33.41,2026-07-08 03:15:52.045175,890.27,856.86,0.0015,46,0,16,504
CAMP_0019,AeroLabs,AeroLabs is a decentralized platform built on Arbitrum that enables users to participate in governance through on-chain reputation scoring. Our smart contracts have been designed to lower transaction costs.,False,1,No,0xd63adbbdeefef5980fc4f4bbdebccd3225ba4e71,37.61,2026-07-08 08:15:52.045175,927.88,890.27,0.0015,46,0,17,504
CAMP_0019,AeroLabs,AeroLabs is a decentralized platform built on Arbitrum that enables users to participate in governance through on-chain reputation scoring. Our smart contracts have been designed to lower transaction costs.,False,1,No,0x0ce036bd1e085ced0de58f26db4bae05b78377d5,10.09,2026-07-08 16:15:52.045175,937.97,927.88,0.0015,46,0,18,504
CAMP_0019,AeroLabs,AeroLabs is a decentralized platform built on Arbitrum that enables users to participate in governance through on-chain reputation scoring. Our smart contracts have been designed to lower transaction costs.,False,1,No,0x4aa6ab8becbd3b93eefaa74a1804d7aa1f7fbcc5,19.51,2026-07-09 12:15:52.045175,957.48,937.97,0.0015,46,0,19,504
CAMP_0019,AeroLabs,AeroLabs is a decentralized platform built on Arbitrum that enables users to participate in governance through on-chain reputation scoring. Our smart contracts have been designed to lower transaction costs.,False,1,No,0xa7d5efea4ad445d32eeedab0adafddafe64c1bab,262.62,2026-07-09 20:15:52.045175,1220.1,957.48,0.0015,46,1,20,504
CAMP_0019,AeroLabs,AeroLabs is a decentralized platform built on Arbitrum that enables users to participate in governance through on-chain reputation scoring. Our smart contracts have been designed to lower transaction costs.,False,1,No,0x1db617babaa9fb60eafc1a31fbd61bc626c023d3,159.66,2026-07-10 17:15:52.045175,1379.76,1220.1,0.0015,46,0,21,504
CAMP_0019,AeroLabs,AeroLabs is a decentralized platform built on Arbitrum that enables users to participate in governance through on-chain reputation scoring. Our smart contracts have been designed to lower transaction costs.,False,1,No,0xe1e977d06fdf930b48ac21eedc0f2904b4b5aa3f,33.91,2026-07-10 19:15:52.045175,1413.67,1379.76,0.0015,46,0,22,504
CAMP_0019,AeroLabs,AeroLabs is a decentralized platform built on Arbitrum that enables users to participate in governance through on-chain reputation scoring. Our smart contracts have been designed to lower transaction costs.,False,1,No,0xbf6d12264fb9384dfefca3691703bfbaf9ca10a6,21.02,2026-07-11 03:15:52.045175,1434.69,1413.67,0.0015,46,0,22,504
CAMP_0019,AeroLabs,AeroLabs is a decentralized platform built on Arbitrum that enables users to participate in governance through on-chain reputation scoring. Our smart contracts have been designed to lower transaction costs.,False,1,No,0x96eae08d0643570a38fbcb1c00ecccf9207bdce1,23.2,2026-07-11 12:15:52.045175,1457.89,1434.69,0.0015,46,0,23,504
CAMP_0019,AeroLabs,AeroLabs is a decentralized platform built on Arbitrum that enables users to participate in governance through on-chain reputation scoring. Our smart contracts have been designed to lower transaction costs.,False,1,No,0xbe19f2a0ce8eda4f7ed1cbfee3d3ef8aefed0c2f,41.94,2026-07-12 08:15:52.045175,1499.83,1457.89,0.0015,46,0,23,504
CAMP_0019,AeroLabs,AeroLabs is a decentralized platform built on Arbitrum that enables users to participate in governance through on-chain reputation scoring. Our smart contracts have been designed to lower transaction costs.,False,1,No,0xfec3a4818f5ba9ffcf36fcba1cbc3f14de52d5dd,5.89,2026-07-13 11:15:52.045175,1505.72,1499.83,0.0015,46,0,24,504
CAMP_0019,AeroLabs,AeroLabs is a decentralized platform built on Arbitrum that enables users to participate in governance through on-chain reputation scoring. Our smart contracts have been designed to lower transaction costs.,False,1,No,0x3e461eded9afeeb7938aac6fbecfc254eec2f45e,14.75,2026-07-14 03:15:52.045175,1520.47,1505.72,0.0015,46,0,25,504
CAMP_0019,AeroLabs,AeroLabs is a decentralized platform built on Arbitrum that enables users to participate in governance through on-chain reputation scoring. Our smart contracts have been designed to lower transaction costs.,False,1,No,0x6d2c0ec7afb59ff3dddcbe67bb98560bc7a0eea0,2.71,2026-07-14 15:15:52.045175,1523.18,1520.47,0.0015,46,0,26,504
CAMP_0019,AeroLabs,AeroLabs is a decentralized platform built on Arbitrum that enables users to participate in governance through on-chain reputation scoring. Our smart contracts have been designed to lower transaction costs.,False,1,No,0x4dd42d7362b00bad8132defd1efb25fbab94f72d,32.43,2026-07-16 03:15:52.045175,1555.61,1523.18,0.0015,46,0,26,504
CAMP_0019,AeroLabs,AeroLabs is a decentralized platform built on Arbitrum that enables users to participate in governance through on-chain reputation scoring. Our smart contracts have been designed to lower transaction costs.,False,1,No,0x2fccefe50aaee3cda277ec7f6ebca67f8bfeb947,43.67,2026-07-16 09:15:52.045175,1599.28,1555.61,0.0015,46,0,27,504
CAMP_0019,AeroLabs,AeroLabs is a decentralized platform built on Arbitrum that enables users to participate in governance through on-chain reputation scoring. Our smart contracts have been designed to lower transaction costs.,False,1,No,0x73c8867fd1a9fb6bf9d3c14adf1fa19e9cfa348c,11.25,2026-07-16 09:15:52.045175,1610.53,1599.28,0.0015,46,0,28,504
CAMP_0019,AeroLabs,AeroLabs is a decentralized platform built on Arbitrum that enables users to participate in governance through on-chain reputation scoring. Our smart contracts have been designed to lower transaction costs.,False,1,No,0xba6fe2f8b7ea4bb037aadb7d3fa67cbf6b8efcbf,132.79,2026-07-16 10:15:52.045175,1743.32,1610.53,0.0015,46,0,29,504
CAMP_0019,AeroLabs,AeroLabs is a decentralized platform built on Arbitrum that enables users to participate in governance through on-chain reputation scoring. Our smart contracts have been designed to lower transaction costs.,False,1,No,0xf7ebeae4032ec4fa3da2cf206ef8f1fd2acd2fb7,4.61,2026-07-17 01:15:52.045175,1747.93,1743.32,0.0015,46,0,30,504
CAMP_0019,AeroLabs,AeroLabs is a decentralized platform built on Arbitrum that enables users to participate in governance through on-chain reputation scoring. Our smart contracts have been designed to lower transaction costs.,False,1,No,0x7a6b756cadce1dbd861c349cda6fbad3d06a3aaa,3.47,2026-07-17 16:15:52.045175,1751.4,1747.93,0.0015,46,0,31,504
CAMP_0019,AeroLabs,AeroLabs is a decentralized platform built on Arbitrum that enables users to participate in governance through on-chain reputation scoring. Our smart contracts have been designed to lower transaction costs.,False,1,No,0xc26b798ad063df0d75aed0b66af2d2f9c59e44ca,26.29,2026-07-18 08:15:52.045175,1777.69,1751.4,0.0015,46,0,32,504
CAMP_0019,AeroLabs,AeroLabs is a decentralized platform built on Arbitrum that enables users to participate in governance through on-chain reputation scoring. Our smart contracts have been designed to lower transaction costs.,False,1,No,0xd4a2ccebf58d1e4ad1b1ce98fc5016ef2fb4b5d3,70.56,2026-07-18 16:15:52.045175,1848.25,1777.69,0.0015,46,1,33,504
CAMP_0019,AeroLabs,AeroLabs is a decentralized platform built on Arbitrum that enables users to participate in governance through on-chain reputation scoring. Our smart contracts have been designed to lower transaction costs.,False,1,No,0xecce250dce41ce683e6a2d29eae9a392a8e089ec,151.52,2026-07-18 18:15:52.045175,1999.77,1848.25,0.0015,46,0,34,504
CAMP_0019,AeroLabs,AeroLabs is a decentralized platform built on Arbitrum that enables users to participate in governance through on-chain reputation scoring. Our smart contracts have been designed to lower transaction costs.,False,1,No,0x1d5dc15e42ecabb4299aaef287c549965e9cc1fc,11.58,2026-07-18 18:15:52.045175,2011.35,1999.77,0.0015,46,0,35,504
CAMP_0019,AeroLabs,AeroLabs is a decentralized platform built on Arbitrum that enables users to participate in governance through on-chain reputation scoring. Our smart contracts have been designed to lower transaction costs.,False,1,No,0xfbbdddb0c63de18fdd553fe7b43bbc6fb2ff3ee6,73.29,2026-07-18 19:15:52.045175,2084.64,2011.35,0.0015,46,0,36,504
CAMP_0019,AeroLabs,AeroLabs is a decentralized platform built on Arbitrum that enables users to participate in governance through on-chain reputation scoring. Our smart contracts have been designed to lower transaction costs.,False,1,No,0xd6b4ee7149cdaef2a47cf6bf133ff2d4e8abf29e,19.18,2026-07-19 02:15:52.045175,2103.82,2084.64,0.0015,46,0,37,504
CAMP_0019,AeroLabs,AeroLabs is a decentralized platform built on Arbitrum that enables users to participate in governance through on-chain reputation scoring. Our smart contracts have been designed to lower transaction costs.,False,1,No,0x3bafdb1ba6040ebfb5a47bd728dad8faaebbf1dc,16.33,2026-07-19 06:15:52.045175,2120.15,2103.82,0.0015,46,0,38,504
CAMP_0019,AeroLabs,AeroLabs is a decentralized platform built on Arbitrum that enables users to participate in governance through on-chain reputation scoring. Our smart contracts have been designed to lower transaction costs.,False,1,No,0xed0b860b3b41a89db46821c181bb22cae4da51b7,58.0,2026-07-20 05:15:52.045175,2178.15,2120.15,0.0015,46,0,39,504
CAMP_0019,AeroLabs,AeroLabs is a decentralized platform built on Arbitrum that enables users to participate in governance through on-chain reputation scoring. Our smart contracts have been designed to lower transaction costs.,False,1,No,0x6d2c0ec7afb59ff3dddcbe67bb98560bc7a0eea0,43.94,2026-07-20 13:15:52.045175,2222.09,2178.15,0.0015,46,0,39,504
CAMP_0019,AeroLabs,AeroLabs is a decentralized platform built on Arbitrum that enables users to participate in governance through on-chain reputation scoring. Our smart contracts have been designed to lower transaction costs.,False,1,No,0x73c8867fd1a9fb6bf9d3c14adf1fa19e9cfa348c,3.03,2026-07-20 15:15:52.045175,2225.12,2222.09,0.0015,46,0,39,504
CAMP_0019,AeroLabs,AeroLabs is a decentralized platform built on Arbitrum that enables users to participate in governance through on-chain reputation scoring. Our smart contracts have been designed to lower transaction costs.,False,1,No,0xfcf2dadca941eac81d13c6f2adb4b99cf6ddae44,118.14,2026-07-21 12:15:52.045175,2343.26,2225.12,0.0015,46,0,40,504
CAMP_0019,AeroLabs,AeroLabs is a decentralized platform built on Arbitrum that enables users to participate in governance through on-chain reputation scoring. Our smart contracts have been designed to lower transaction costs.,False,1,No,0xdfbd0a7ebdb5b2dc4ba6b5047df6e8fbe2f3f529,105.23,2026-07-22 04:15:52.045175,2448.49,2343.26,0.0015,46,0,41,504
CAMP_0020,MetaNetwork,"We are building MetaNetwork, a user-friendly protocol for small businesses that leverages smart contract automation to manage digital assets. The project is live on Ethereum and plans to expand to more networks.",True,3,No,0x0a031ed9baf4eb9ed03aedb7052b27ab4ae64bff,40.66,2026-05-23 12:15:52.046510,40.66,0.0,0.0005,46,1,1,1440
CAMP_0020,MetaNetwork,"We are building MetaNetwork, a user-friendly protocol for small businesses that leverages smart contract automation to manage digital assets. The project is live on Ethereum and plans to expand to more networks.",True,3,No,0x153fdc0fe619fd3cdbc4e5f79c5824cb932ad0bb,23.06,2026-05-24 00:15:52.046510,63.72,40.66,0.0005,46,1,2,1440
CAMP_0020,MetaNetwork,"We are building MetaNetwork, a user-friendly protocol for small businesses that leverages smart contract automation to manage digital assets. The project is live on Ethereum and plans to expand to more networks.",True,3,No,0xaddb7b9ac6f6b4fbd7f60fdcc8ddaf609a59e462,8.24,2026-05-24 14:15:52.046510,71.96,63.72,0.0005,46,1,3,1440
CAMP_0020,MetaNetwork,"We are building MetaNetwork, a user-friendly protocol for small businesses that leverages smart contract automation to manage digital assets. The project is live on Ethereum and plans to expand to more networks.",True,3,No,0x619ba2dd0b539d59e1f1bbfc8adf50b7adaa70cb,4.2,2026-05-26 04:15:52.046510,76.16,71.96,0.0005,46,0,4,1440
CAMP_0020,MetaNetwork,"We are building MetaNetwork, a user-friendly protocol for small businesses that leverages smart contract automation to manage digital assets. The project is live on Ethereum and plans to expand to more networks.",True,3,No,0xefd45c4f664f67eb62e8fcfb66f795a4bef3dc5e,108.36,2026-05-27 14:15:52.046510,184.52,76.16,0.0005,46,0,5,1440
CAMP_0020,MetaNetwork,"We are building MetaNetwork, a user-friendly protocol for small businesses that leverages smart contract automation to manage digital assets. The project is live on Ethereum and plans to expand to more networks.",True,3,No,0x2a2dcdbeb80b5bb8caaf22a5c6d84fbc20ef673e,2.93,2026-05-28 20:15:52.046510,187.45,184.52,0.0005,46,0,6,1440
CAMP_0020,MetaNetwork,"We are building MetaNetwork, a user-friendly protocol for small businesses that leverages smart contract automation to manage digital assets. The project is live on Ethereum and plans to expand to more networks.",True,3,No,0x9d1b3c9f2bef2993cf4a5fdbf2297b8bbe88aece,36.77,2026-05-28 23:15:52.046510,224.22,187.45,0.0005,46,0,7,1440
CAMP_0020,MetaNetwork,"We are building MetaNetwork, a user-friendly protocol for small businesses that leverages smart contract automation to manage digital assets. The project is live on Ethereum and plans to expand to more networks.",True,3,No,0x60a4e70edce31bf255f6a2306b6a2a1ce379dd2b,1.51,2026-06-02 01:15:52.046510,225.73,224.22,0.0005,46,0,8,1440
CAMP_0020,MetaNetwork,"We are building MetaNetwork, a user-friendly protocol for small businesses that leverages smart contract automation to manage digital assets. The project is live on Ethereum and plans to expand to more networks.",True,3,No,0x66cfa3b7cba74fc5b0afb8ecfa0bcdd9baf9e3af,46.93,2026-06-03 07:15:52.046510,272.66,225.73,0.0005,46,0,9,1440
CAMP_0020,MetaNetwork,"We are building MetaNetwork, a user-friendly protocol for small businesses that leverages smart contract automation to manage digital assets. The project is live on Ethereum and plans to expand to more networks.",True,3,No,0xdfc3836a199a155dd426e7db77bcf27e46ff6fac,64.35,2026-06-03 16:15:52.046510,337.01,272.66,0.0005,46,0,10,1440
CAMP_0020,MetaNetwork,"We are building MetaNetwork, a user-friendly protocol for small businesses that leverages smart contract automation to manage digital assets. The project is live on Ethereum and plans to expand to more networks.",True,3,No,0x3a76bfab7ce1b1a4cbc2a5a9a0aabfae67d0eb5e,74.72,2026-06-04 09:15:52.046510,411.73,337.01,0.0005,46,0,11,1440
CAMP_0020,MetaNetwork,"We are building MetaNetwork, a user-friendly protocol for small businesses that leverages smart contract automation to manage digital assets. The project is live on Ethereum and plans to expand to more networks.",True,3,No,0x1faafeab24f6cab9a7f55242ba44affb624530b6,16.55,2026-06-04 15:15:52.046510,428.28,411.73,0.0005,46,0,12,1440
CAMP_0020,MetaNetwork,"We are building MetaNetwork, a user-friendly protocol for small businesses that leverages smart contract automation to manage digital assets. The project is live on Ethereum and plans to expand to more networks.",True,3,No,0xdfbdbed2a3ffb29f9fdc5ee18876adbdb993caee,134.4,2026-06-04 23:15:52.046510,562.68,428.28,0.0005,46,0,13,1440
CAMP_0020,MetaNetwork,"We are building MetaNetwork, a user-friendly protocol for small businesses that leverages smart contract automation to manage digital assets. The project is live on Ethereum and plans to expand to more networks.",True,3,No,0xcfcde0ec53f670dc83d0a4978fbc113de5ea96a2,320.33,2026-06-05 16:15:52.046510,883.01,562.68,0.0005,46,0,14,1440
CAMP_0020,MetaNetwork,"We are building MetaNetwork, a user-friendly protocol for small businesses that leverages smart contract automation to manage digital assets. The project is live on Ethereum and plans to expand to more networks.",True,3,No,0xed0b860b3b41a89db46821c181bb22cae4da51b7,13.65,2026-06-06 08:15:52.046510,896.66,883.01,0.0005,46,0,15,1440
CAMP_0020,MetaNetwork,"We are building MetaNetwork, a user-friendly protocol for small businesses that leverages smart contract automation to manage digital assets. The project is live on Ethereum and plans to expand to more networks.",True,3,No,0x518bd3bfe1a6c7c04c6dadaa4da50957cde0ecf2,11.69,2026-06-08 01:15:52.046510,908.35,896.66,0.0005,46,0,16,1440
CAMP_0020,MetaNetwork,"We are building MetaNetwork, a user-friendly protocol for small businesses that leverages smart contract automation to manage digital assets. The project is live on Ethereum and plans to expand to more networks.",True,3,No,0x7feccc86fad01defa92dd9fd1b683bcb31dd5e3a,24.02,2026-06-08 07:15:52.046510,932.37,908.35,0.0005,46,0,17,1440
CAMP_0020,MetaNetwork,"We are building MetaNetwork, a user-friendly protocol for small businesses that leverages smart contract automation to manage digital assets. The project is live on Ethereum and plans to expand to more networks.",True,3,No,0xae71b4945c7cca7f12ba2c90f4f2e3e6e58d386f,11.32,2026-06-11 14:15:52.046510,943.69,932.37,0.0005,46,0,18,1440
CAMP_0020,MetaNetwork,"We are building MetaNetwork, a user-friendly protocol for small businesses that leverages smart contract automation to manage digital assets. The project is live on Ethereum and plans to expand to more networks.",True,3,No,0x6b3aaac22bc8c0fcf2ca6f97b9fb5bc7fd334417,9.5,2026-06-12 08:15:52.046510,953.19,943.69,0.0005,46,0,19,1440
CAMP_0020,MetaNetwork,"We are building MetaNetwork, a user-friendly protocol for small businesses that leverages smart contract automation to manage digital assets. The project is live on Ethereum and plans to expand to more networks.",True,3,No,0xf7ebeae4032ec4fa3da2cf206ef8f1fd2acd2fb7,10.55,2026-06-13 10:15:52.046510,963.74,953.19,0.0005,46,0,20,1440
CAMP_0020,MetaNetwork,"We are building MetaNetwork, a user-friendly protocol for small businesses that leverages smart contract automation to manage digital assets. The project is live on Ethereum and plans to expand to more networks.",True,3,No,0xae71b4945c7cca7f12ba2c90f4f2e3e6e58d386f,157.42,2026-06-14 08:15:52.046510,1121.16,963.74,0.0005,46,0,20,1440
CAMP_0020,MetaNetwork,"We are building MetaNetwork, a user-friendly protocol for small businesses that leverages smart contract automation to manage digital assets. The project is live on Ethereum and plans to expand to more networks.",True,3,No,0xada4ce9f2fd53cc2fea2cafb6cf5c8ebdd6b9ebc,50.72,2026-06-15 11:15:52.046510,1171.88,1121.16,0.0005,46,0,21,1440
CAMP_0020,MetaNetwork,"We are building MetaNetwork, a user-friendly protocol for small businesses that leverages smart contract automation to manage digital assets. The project is live on Ethereum and plans to expand to more networks.",True,3,No,0x12e6fedd7c37ff8de68bbecafbe97734ea431c2a,11.28,2026-06-17 02:15:52.046510,1183.16,1171.88,0.0005,46,0,22,1440
CAMP_0020,MetaNetwork,"We are building MetaNetwork, a user-friendly protocol for small businesses that leverages smart contract automation to manage digital assets. The project is live on Ethereum and plans to expand to more networks.",True,3,No,0xefdeddfbccdaa55eabd61657b35ff18b949dcfca,1.06,2026-06-18 16:15:52.046510,1184.22,1183.16,0.0005,46,0,23,1440
CAMP_0020,MetaNetwork,"We are building MetaNetwork, a user-friendly protocol for small businesses that leverages smart contract automation to manage digital assets. The project is live on Ethereum and plans to expand to more networks.",True,3,No,0x5c986ea9ba8c567facea9f3487cff3f023e91410,3.15,2026-06-23 18:15:52.046510,1187.37,1184.22,0.0005,46,0,24,1440
CAMP_0020,MetaNetwork,"We are building MetaNetwork, a user-friendly protocol for small businesses that leverages smart contract automation to manage digital assets. The project is live on Ethereum and plans to expand to more networks.",True,3,No,0xbf6d12264fb9384dfefca3691703bfbaf9ca10a6,36.75,2026-06-25 12:15:52.046510,1224.12,1187.37,0.0005,46,0,25,1440
CAMP_0020,MetaNetwork,"We are building MetaNetwork, a user-friendly protocol for small businesses that leverages smart contract automation to manage digital assets. The project is live on Ethereum and plans to expand to more networks.",True,3,No,0x1dd8f804807c4ed5f728c3c66ad7df7d74ee85f2,1.57,2026-06-27 07:15:52.046510,1225.69,1224.12,0.0005,46,0,26,1440
CAMP_0020,MetaNetwork,"We are building MetaNetwork, a user-friendly protocol for small businesses that leverages smart contract automation to manage digital assets. The project is live on Ethereum and plans to expand to more networks.",True,3,No,0xed0b860b3b41a89db46821c181bb22cae4da51b7,28.55,2026-06-27 08:15:52.046510,1254.24,1225.69,0.0005,46,0,26,1440
CAMP_0020,MetaNetwork,"We are building MetaNetwork, a user-friendly protocol for small businesses that leverages smart contract automation to manage digital assets. The project is live on Ethereum and plans to expand to more networks.",True,3,No,0xb9bb5e1ecadacc3f12ba8ae1bddd033b8c4e6ce6,5.59,2026-06-27 14:15:52.046510,1259.83,1254.24,0.0005,46,0,27,1440
CAMP_0020,MetaNetwork,"We are building MetaNetwork, a user-friendly protocol for small businesses that leverages smart contract automation to manage digital assets. The project is live on Ethereum and plans to expand to more networks.",True,3,No,0xbf2e57e8ccf1e3ccd1a5f14e85ab9c92ae29c01d,22.42,2026-06-28 08:15:52.046510,1282.25,1259.83,0.0005,46,0,28,1440
CAMP_0020,MetaNetwork,"We are building MetaNetwork, a user-friendly protocol for small businesses that leverages smart contract automation to manage digital assets. The project is live on Ethereum and plans to expand to more networks.",True,3,No,0x20dbe6ad79eb34c43bccefac612fa72e2dd69d6c,21.69,2026-06-28 13:15:52.046510,1303.94,1282.25,0.0005,46,0,29,1440
CAMP_0020,MetaNetwork,"We are building MetaNetwork, a user-friendly protocol for small businesses that leverages smart contract automation to manage digital assets. The project is live on Ethereum and plans to expand to more networks.",True,3,No,0x0cc6ca005fcaed9af526f1accddaf2bcc317d235,23.21,2026-06-29 13:15:52.046510,1327.15,1303.94,0.0005,46,0,30,1440
CAMP_0020,MetaNetwork,"We are building MetaNetwork, a user-friendly protocol for small businesses that leverages smart contract automation to manage digital assets. The project is live on Ethereum and plans to expand to more networks.",True,3,No,0xec58216ebfdbcffcaafaac021dfe56fb0c52ec1e,12.51,2026-06-30 17:15:52.046510,1339.66,1327.15,0.0005,46,0,31,1440
CAMP_0020,MetaNetwork,"We are building MetaNetwork, a user-friendly protocol for small businesses that leverages smart contract automation to manage digital assets. The project is live on Ethereum and plans to expand to more networks.",True,3,No,0xdf42f13ca37ddbed3fc1cafdc6aa57cdd3c0f0aa,12.03,2026-07-01 14:15:52.046510,1351.69,1339.66,0.0005,46,0,32,1440
CAMP_0020,MetaNetwork,"We are building MetaNetwork, a user-friendly protocol for small businesses that leverages smart contract automation to manage digital assets. The project is live on Ethereum and plans to expand to more networks.",True,3,No,0x965089c83a88595aebf6ab9c46ed5d401b425ff5,8.46,2026-07-04 07:15:52.046510,1360.15,1351.69,0.0005,46,0,33,1440
CAMP_0020,MetaNetwork,"We are building MetaNetwork, a user-friendly protocol for small businesses that leverages smart contract automation to manage digital assets. The project is live on Ethereum and plans to expand to more networks.",True,3,No,0x6b7f65cfe2fbefd2d5fcaeac599dd2b6e8e70baa,35.9,2026-07-05 12:15:52.046510,1396.05,1360.15,0.0005,46,0,34,1440
CAMP_0020,MetaNetwork,"We are building MetaNetwork, a user-friendly protocol for small businesses that leverages smart contract automation to manage digital assets. The project is live on Ethereum and plans to expand to more networks.",True,3,No,0xecce250dce41ce683e6a2d29eae9a392a8e089ec,52.79,2026-07-08 14:15:52.046510,1448.84,1396.05,0.0005,46,0,35,1440
CAMP_0020,MetaNetwork,"We are building MetaNetwork, a user-friendly protocol for small businesses that leverages smart contract automation to manage digital assets. The project is live on Ethereum and plans to expand to more networks.",True,3,No,0xdef31c67e138acd2dda0e3d3244ffa5651cc3796,4.65,2026-07-11 03:15:52.046510,1453.49,1448.84,0.0005,46,0,36,1440
CAMP_0020,MetaNetwork,"We are building MetaNetwork, a user-friendly protocol for small businesses that leverages smart contract automation to manage digital assets. The project is live on Ethereum and plans to expand to more networks.",True,3,No,0x374db1fbaff2e5be1f4cb7cc3dbfe0fecc4fda6a,18.88,2026-07-11 21:15:52.046510,1472.37,1453.49,0.0005,46,0,37,1440
CAMP_0020,MetaNetwork,"We are building MetaNetwork, a user-friendly protocol for small businesses that leverages smart contract automation to manage digital assets. The project is live on Ethereum and plans to expand to more networks.",True,3,No,0x518bd3bfe1a6c7c04c6dadaa4da50957cde0ecf2,25.43,2026-07-14 15:15:52.046510,1497.8,1472.37,0.0005,46,0,37,1440
CAMP_0020,MetaNetwork,"We are building MetaNetwork, a user-friendly protocol for small businesses that leverages smart contract automation to manage digital assets. The project is live on Ethereum and plans to expand to more networks.",True,3,No,0xbebe1da1d6f26fadbd6fb279e61d5ee97e7dfc96,25.04,2026-07-15 19:15:52.046510,1522.84,1497.8,0.0005,46,1,38,1440
CAMP_0020,MetaNetwork,"We are building MetaNetwork, a user-friendly protocol for small businesses that leverages smart contract automation to manage digital assets. The project is live on Ethereum and plans to expand to more networks.",True,3,No,0xed40361c68ae2b4d895a451ae17bfcccc9bdada1,24.54,2026-07-16 14:15:52.046510,1547.38,1522.84,0.0005,46,0,39,1440
CAMP_0020,MetaNetwork,"We are building MetaNetwork, a user-friendly protocol for small businesses that leverages smart contract automation to manage digital assets. The project is live on Ethereum and plans to expand to more networks.",True,3,No,0xadcb36b2cd04cc5aef6cbd208d3dc73daf683cfc,12.4,2026-07-17 12:15:52.046510,1559.78,1547.38,0.0005,46,0,40,1440
CAMP_0020,MetaNetwork,"We are building MetaNetwork, a user-friendly protocol for small businesses that leverages smart contract automation to manage digital assets. The project is live on Ethereum and plans to expand to more networks.",True,3,No,0xa7d5efea4ad445d32eeedab0adafddafe64c1bab,28.07,2026-07-17 17:15:52.046510,1587.85,1559.78,0.0005,46,0,41,1440
CAMP_0020,MetaNetwork,"We are building MetaNetwork, a user-friendly protocol for small businesses that leverages smart contract automation to manage digital assets. The project is live on Ethereum and plans to expand to more networks.",True,3,No,0x518bd3bfe1a6c7c04c6dadaa4da50957cde0ecf2,42.17,2026-07-20 03:15:52.046510,1630.02,1587.85,0.0005,46,0,41,1440
CAMP_0020,MetaNetwork,"We are building MetaNetwork, a user-friendly protocol for small businesses that leverages smart contract automation to manage digital assets. The project is live on Ethereum and plans to expand to more networks.",True,3,No,0x1d5dc15e42ecabb4299aaef287c549965e9cc1fc,23.79,2026-07-21 13:15:52.046510,1653.81,1630.02,0.0005,46,0,42,1440
CAMP_0021,YieldSwap,YieldSwap is a decentralized platform built on Avalanche that enables users to trade NFTs securely through smart contract automation. Our smart contracts have been designed to maximum transparency.,True,5,Yes,0xbe19f2a0ce8eda4f7ed1cbfee3d3ef8aefed0c2f,94.42,2026-06-23 05:15:52.047392,94.42,0.0,0.0007,29,1,1,720
CAMP_0021,YieldSwap,YieldSwap is a decentralized platform built on Avalanche that enables users to trade NFTs securely through smart contract automation. Our smart contracts have been designed to maximum transparency.,True,5,Yes,0x374db1fbaff2e5be1f4cb7cc3dbfe0fecc4fda6a,14.68,2026-06-25 07:15:52.047392,109.1,94.42,0.0007,29,1,2,720
CAMP_0021,YieldSwap,YieldSwap is a decentralized platform built on Avalanche that enables users to trade NFTs securely through smart contract automation. Our smart contracts have been designed to maximum transparency.,True,5,Yes,0x0ce036bd1e085ced0de58f26db4bae05b78377d5,23.21,2026-06-26 03:15:52.047392,132.31,109.1,0.0007,29,1,3,720
CAMP_0021,YieldSwap,YieldSwap is a decentralized platform built on Avalanche that enables users to trade NFTs securely through smart contract automation. Our smart contracts have been designed to maximum transparency.,True,5,Yes,0x7feccc86fad01defa92dd9fd1b683bcb31dd5e3a,5.85,2026-06-26 16:15:52.047392,138.16,132.31,0.0007,29,0,4,720
CAMP_0021,YieldSwap,YieldSwap is a decentralized platform built on Avalanche that enables users to trade NFTs securely through smart contract automation. Our smart contracts have been designed to maximum transparency.,True,5,Yes,0xd6b4ee7149cdaef2a47cf6bf133ff2d4e8abf29e,4.33,2026-06-29 01:15:52.047392,142.49,138.16,0.0007,29,0,5,720
CAMP_0021,YieldSwap,YieldSwap is a decentralized platform built on Avalanche that enables users to trade NFTs securely through smart contract automation. Our smart contracts have been designed to maximum transparency.,True,5,Yes,0xf4d5adc2960ae5ac901ddccc326dbcd452bd8d3e,2.79,2026-06-29 03:15:52.047392,145.28,142.49,0.0007,29,1,6,720
CAMP_0021,YieldSwap,YieldSwap is a decentralized platform built on Avalanche that enables users to trade NFTs securely through smart contract automation. Our smart contracts have been designed to maximum transparency.,True,5,Yes,0x9b5fabc713e3afa59e4a7ea2386aab8fa3d0e9ef,6.94,2026-07-01 14:15:52.047392,152.22,145.28,0.0007,29,1,7,720
CAMP_0021,YieldSwap,YieldSwap is a decentralized platform built on Avalanche that enables users to trade NFTs securely through smart contract automation. Our smart contracts have been designed to maximum transparency.,True,5,Yes,0x1db617babaa9fb60eafc1a31fbd61bc626c023d3,129.42,2026-07-04 01:15:52.047392,281.64,152.22,0.0007,29,1,8,720
CAMP_0021,YieldSwap,YieldSwap is a decentralized platform built on Avalanche that enables users to trade NFTs securely through smart contract automation. Our smart contracts have been designed to maximum transparency.,True,5,Yes,0x12e6fedd7c37ff8de68bbecafbe97734ea431c2a,3.12,2026-07-05 02:15:52.047392,284.76,281.64,0.0007,29,0,9,720
CAMP_0021,YieldSwap,YieldSwap is a decentralized platform built on Avalanche that enables users to trade NFTs securely through smart contract automation. Our smart contracts have been designed to maximum transparency.,True,5,Yes,0x9d1b3c9f2bef2993cf4a5fdbf2297b8bbe88aece,13.95,2026-07-05 22:15:52.047392,298.71,284.76,0.0007,29,0,10,720
CAMP_0021,YieldSwap,YieldSwap is a decentralized platform built on Avalanche that enables users to trade NFTs securely through smart contract automation. Our smart contracts have been designed to maximum transparency.,True,5,Yes,0x154b0e42fec70cebccf8e82633ebfe3ffeb4c36f,4.26,2026-07-07 11:15:52.047392,302.97,298.71,0.0007,29,0,11,720
CAMP_0021,YieldSwap,YieldSwap is a decentralized platform built on Avalanche that enables users to trade NFTs securely through smart contract automation. Our smart contracts have been designed to maximum transparency.,True,5,Yes,0x2fccefe50aaee3cda277ec7f6ebca67f8bfeb947,9.77,2026-07-08 07:15:52.047392,312.74,302.97,0.0007,29,0,12,720
CAMP_0021,YieldSwap,YieldSwap is a decentralized platform built on Avalanche that enables users to trade NFTs securely through smart contract automation. Our smart contracts have been designed to maximum transparency.,True,5,Yes,0xc9378caef5cfea3b3faebe10ceea9c5f0b8dedaa,24.62,2026-07-08 23:15:52.047392,337.36,312.74,0.0007,29,0,13,720
CAMP_0021,YieldSwap,YieldSwap is a decentralized platform built on Avalanche that enables users to trade NFTs securely through smart contract automation. Our smart contracts have been designed to maximum transparency.,True,5,Yes,0xb9bb5e1ecadacc3f12ba8ae1bddd033b8c4e6ce6,8.67,2026-07-11 08:15:52.047392,346.03,337.36,0.0007,29,0,14,720
CAMP_0021,YieldSwap,YieldSwap is a decentralized platform built on Avalanche that enables users to trade NFTs securely through smart contract automation. Our smart contracts have been designed to maximum transparency.,True,5,Yes,0x6b7f65cfe2fbefd2d5fcaeac599dd2b6e8e70baa,74.26,2026-07-12 12:15:52.047392,420.29,346.03,0.0007,29,0,15,720
CAMP_0021,YieldSwap,YieldSwap is a decentralized platform built on Avalanche that enables users to trade NFTs securely through smart contract automation. Our smart contracts have been designed to maximum transparency.,True,5,Yes,0x60a4e70edce31bf255f6a2306b6a2a1ce379dd2b,126.57,2026-07-12 19:15:52.047392,546.86,420.29,0.0007,29,0,16,720
CAMP_0021,YieldSwap,YieldSwap is a decentralized platform built on Avalanche that enables users to trade NFTs securely through smart contract automation. Our smart contracts have been designed to maximum transparency.,True,5,Yes,0xac38e0d5b1fee0f98ca3fd6ee5d3c2f222445b4f,1.35,2026-07-13 00:15:52.047392,548.21,546.86,0.0007,29,0,17,720
CAMP_0021,YieldSwap,YieldSwap is a decentralized platform built on Avalanche that enables users to trade NFTs securely through smart contract automation. Our smart contracts have been designed to maximum transparency.,True,5,Yes,0xf0eef9ec752e8baac47f3cec022946402eeceef2,8.85,2026-07-16 09:15:52.047392,557.06,548.21,0.0007,29,0,18,720
CAMP_0021,YieldSwap,YieldSwap is a decentralized platform built on Avalanche that enables users to trade NFTs securely through smart contract automation. Our smart contracts have been designed to maximum transparency.,True,5,Yes,0xe1e977d06fdf930b48ac21eedc0f2904b4b5aa3f,21.56,2026-07-16 19:15:52.047392,578.62,557.06,0.0007,29,0,19,720
CAMP_0021,YieldSwap,YieldSwap is a decentralized platform built on Avalanche that enables users to trade NFTs securely through smart contract automation. Our smart contracts have been designed to maximum transparency.,True,5,Yes,0x2dc70a3cc80f3446d0d569c1634dbdbbfb7baeb8,77.58,2026-07-16 19:15:52.047392,656.2,578.62,0.0007,29,0,20,720
CAMP_0021,YieldSwap,YieldSwap is a decentralized platform built on Avalanche that enables users to trade NFTs securely through smart contract automation. Our smart contracts have been designed to maximum transparency.,True,5,Yes,0x6d2c0ec7afb59ff3dddcbe67bb98560bc7a0eea0,11.65,2026-07-16 23:15:52.047392,667.85,656.2,0.0007,29,0,21,720
CAMP_0021,YieldSwap,YieldSwap is a decentralized platform built on Avalanche that enables users to trade NFTs securely through smart contract automation. Our smart contracts have been designed to maximum transparency.,True,5,Yes,0xd4d67efefbf727ace9ac6cbb03e4a365cf6a0b2d,19.61,2026-07-17 04:15:52.047392,687.46,667.85,0.0007,29,0,22,720
CAMP_0021,YieldSwap,YieldSwap is a decentralized platform built on Avalanche that enables users to trade NFTs securely through smart contract automation. Our smart contracts have been designed to maximum transparency.,True,5,Yes,0xa92e7aed33873f976f78a9fdc4ae5f98ffdbf664,5.01,2026-07-17 12:15:52.047392,692.47,687.46,0.0007,29,0,23,720
CAMP_0021,YieldSwap,YieldSwap is a decentralized platform built on Avalanche that enables users to trade NFTs securely through smart contract automation. Our smart contracts have been designed to maximum transparency.,True,5,Yes,0xdef31c67e138acd2dda0e3d3244ffa5651cc3796,3.19,2026-07-17 20:15:52.047392,695.66,692.47,0.0007,29,0,24,720
CAMP_0021,YieldSwap,YieldSwap is a decentralized platform built on Avalanche that enables users to trade NFTs securely through smart contract automation. Our smart contracts have been designed to maximum transparency.,True,5,Yes,0xb5a1ff2edbf8f122c1c9f556bfa6514bc33a8bf4,113.8,2026-07-18 00:15:52.047392,809.46,695.66,0.0007,29,0,25,720
CAMP_0021,YieldSwap,YieldSwap is a decentralized platform built on Avalanche that enables users to trade NFTs securely through smart contract automation. Our smart contracts have been designed to maximum transparency.,True,5,Yes,0xf32b5da0b51fc1a7ac852cf5b0c5a83eccea979f,2.25,2026-07-19 06:15:52.047392,811.71,809.46,0.0007,29,0,26,720
CAMP_0021,YieldSwap,YieldSwap is a decentralized platform built on Avalanche that enables users to trade NFTs securely through smart contract automation. Our smart contracts have been designed to maximum transparency.,True,5,Yes,0xf32b5da0b51fc1a7ac852cf5b0c5a83eccea979f,328.44,2026-07-20 19:15:52.047392,1140.15,811.71,0.0007,29,0,26,720
CAMP_0021,YieldSwap,YieldSwap is a decentralized platform built on Avalanche that enables users to trade NFTs securely through smart contract automation. Our smart contracts have been designed to maximum transparency.,True,5,Yes,0xaaffa54cde8febd90a7a3ad22bb7ebb89dcf87bd,47.95,2026-07-21 02:15:52.047392,1188.1,1140.15,0.0007,29,1,27,720
CAMP_0021,YieldSwap,YieldSwap is a decentralized platform built on Avalanche that enables users to trade NFTs securely through smart contract automation. Our smart contracts have been designed to maximum transparency.,True,5,Yes,0xb9ba1abf8bac071fe1e08aafe9f8dd8febe73bba,45.42,2026-07-21 18:15:52.047392,1233.52,1188.1,0.0007,29,0,28,720
CAMP_0022,ProtoChain,ProtoChain is a community-driven initiative that helps content creators trade NFTs securely using blockchain technology. Our liquidity pooling ensures greater financial inclusion for all participants.,False,3,No,0xc0cf6cce30738c5b28eafb3cfcdd6ac11a7b9dd4,40.07,2026-07-08 12:15:52.047876,40.07,0.0,0.0023,46,1,1,336
CAMP_0022,ProtoChain,ProtoChain is a community-driven initiative that helps content creators trade NFTs securely using blockchain technology. Our liquidity pooling ensures greater financial inclusion for all participants.,False,3,No,0x6fbaeca423a54abca3cdcb1e437555ae6f0ef126,23.34,2026-07-09 07:15:52.047876,63.41,40.07,0.0023,46,1,2,336
CAMP_0022,ProtoChain,ProtoChain is a community-driven initiative that helps content creators trade NFTs securely using blockchain technology. Our liquidity pooling ensures greater financial inclusion for all participants.,False,3,No,0xc869054a9c2ada76c3dcc3b5d110b0c8cdcbfab8,12.0,2026-07-09 13:15:52.047876,75.41,63.41,0.0023,46,0,3,336
CAMP_0022,ProtoChain,ProtoChain is a community-driven initiative that helps content creators trade NFTs securely using blockchain technology. Our liquidity pooling ensures greater financial inclusion for all participants.,False,3,No,0xc869054a9c2ada76c3dcc3b5d110b0c8cdcbfab8,23.26,2026-07-09 22:15:52.047876,98.67,75.41,0.0023,46,0,3,336
CAMP_0022,ProtoChain,ProtoChain is a community-driven initiative that helps content creators trade NFTs securely using blockchain technology. Our liquidity pooling ensures greater financial inclusion for all participants.,False,3,No,0x807ace9acd44907e83a2d08c0e2a1847a8ac510b,38.55,2026-07-10 01:15:52.047876,137.22,98.67,0.0023,46,0,4,336
CAMP_0022,ProtoChain,ProtoChain is a community-driven initiative that helps content creators trade NFTs securely using blockchain technology. Our liquidity pooling ensures greater financial inclusion for all participants.,False,3,No,0x0babc95c0ae26e1a6fca0aad8b8adc1d7095ebbb,21.3,2026-07-10 13:15:52.047876,158.52,137.22,0.0023,46,0,5,336
CAMP_0022,ProtoChain,ProtoChain is a community-driven initiative that helps content creators trade NFTs securely using blockchain technology. Our liquidity pooling ensures greater financial inclusion for all participants.,False,3,No,0xd63adbbdeefef5980fc4f4bbdebccd3225ba4e71,21.09,2026-07-10 14:15:52.047876,179.61,158.52,0.0023,46,0,6,336
CAMP_0022,ProtoChain,ProtoChain is a community-driven initiative that helps content creators trade NFTs securely using blockchain technology. Our liquidity pooling ensures greater financial inclusion for all participants.,False,3,No,0xd4a2ccebf58d1e4ad1b1ce98fc5016ef2fb4b5d3,8.65,2026-07-11 09:15:52.047876,188.26,179.61,0.0023,46,1,7,336
CAMP_0022,ProtoChain,ProtoChain is a community-driven initiative that helps content creators trade NFTs securely using blockchain technology. Our liquidity pooling ensures greater financial inclusion for all participants.,False,3,No,0x0babc95c0ae26e1a6fca0aad8b8adc1d7095ebbb,9.07,2026-07-11 12:15:52.047876,197.33,188.26,0.0023,46,0,7,336
CAMP_0022,ProtoChain,ProtoChain is a community-driven initiative that helps content creators trade NFTs securely using blockchain technology. Our liquidity pooling ensures greater financial inclusion for all participants.,False,3,No,0xc26b798ad063df0d75aed0b66af2d2f9c59e44ca,3.73,2026-07-11 15:15:52.047876,201.06,197.33,0.0023,46,0,8,336
CAMP_0022,ProtoChain,ProtoChain is a community-driven initiative that helps content creators trade NFTs securely using blockchain technology. Our liquidity pooling ensures greater financial inclusion for all participants.,False,3,No,0xa96f447a6cec136580e840cb5feb8bacd7e2b1c2,163.94,2026-07-11 22:15:52.047876,365.0,201.06,0.0023,46,0,9,336
CAMP_0022,ProtoChain,ProtoChain is a community-driven initiative that helps content creators trade NFTs securely using blockchain technology. Our liquidity pooling ensures greater financial inclusion for all participants.,False,3,No,0xdef31c67e138acd2dda0e3d3244ffa5651cc3796,4.51,2026-07-12 04:15:52.047876,369.51,365.0,0.0023,46,0,10,336
CAMP_0022,ProtoChain,ProtoChain is a community-driven initiative that helps content creators trade NFTs securely using blockchain technology. Our liquidity pooling ensures greater financial inclusion for all participants.,False,3,No,0xc5cd84fb212db918fbfc0feb5e299ed5b3ed6ed3,8.75,2026-07-12 20:15:52.047876,378.26,369.51,0.0023,46,0,11,336
CAMP_0022,ProtoChain,ProtoChain is a community-driven initiative that helps content creators trade NFTs securely using blockchain technology. Our liquidity pooling ensures greater financial inclusion for all participants.,False,3,No,0xb3e8ecb8db7daadb331e447f25bfaa43c00c3d0c,8.48,2026-07-12 21:15:52.047876,386.74,378.26,0.0023,46,0,12,336
CAMP_0022,ProtoChain,ProtoChain is a community-driven initiative that helps content creators trade NFTs securely using blockchain technology. Our liquidity pooling ensures greater financial inclusion for all participants.,False,3,No,0xadcb36b2cd04cc5aef6cbd208d3dc73daf683cfc,58.79,2026-07-12 22:15:52.047876,445.53,386.74,0.0023,46,0,13,336
CAMP_0022,ProtoChain,ProtoChain is a community-driven initiative that helps content creators trade NFTs securely using blockchain technology. Our liquidity pooling ensures greater financial inclusion for all participants.,False,3,No,0x1da1eed28d83c1f4f52aecf4a475e617ab2feb6d,14.1,2026-07-13 07:15:52.047876,459.63,445.53,0.0023,46,1,14,336
CAMP_0022,ProtoChain,ProtoChain is a community-driven initiative that helps content creators trade NFTs securely using blockchain technology. Our liquidity pooling ensures greater financial inclusion for all participants.,False,3,No,0x55268d5d37c6aaba60ebf471adeabc9daa88c4c1,89.77,2026-07-13 14:15:52.047876,549.4,459.63,0.0023,46,0,15,336
CAMP_0022,ProtoChain,ProtoChain is a community-driven initiative that helps content creators trade NFTs securely using blockchain technology. Our liquidity pooling ensures greater financial inclusion for all participants.,False,3,No,0xc5cb86773b2bd7acb534dae3baaa9ecdddd31966,8.95,2026-07-13 22:15:52.047876,558.35,549.4,0.0023,46,0,16,336
CAMP_0022,ProtoChain,ProtoChain is a community-driven initiative that helps content creators trade NFTs securely using blockchain technology. Our liquidity pooling ensures greater financial inclusion for all participants.,False,3,No,0x93edfdb3ace268819c62f6bbfd2adfafef6d6bf7,28.07,2026-07-14 02:15:52.047876,586.42,558.35,0.0023,46,0,17,336
CAMP_0022,ProtoChain,ProtoChain is a community-driven initiative that helps content creators trade NFTs securely using blockchain technology. Our liquidity pooling ensures greater financial inclusion for all participants.,False,3,No,0x2cbda3dff00d2cbf97ce046b6b70f7fd0377eebe,7.37,2026-07-14 07:15:52.047876,593.79,586.42,0.0023,46,0,18,336
CAMP_0022,ProtoChain,ProtoChain is a community-driven initiative that helps content creators trade NFTs securely using blockchain technology. Our liquidity pooling ensures greater financial inclusion for all participants.,False,3,No,0x48f58cbeb2f1e39cbe3870fcf2e29156feaccfe7,263.53,2026-07-14 10:15:52.047876,857.32,593.79,0.0023,46,0,19,336
CAMP_0022,ProtoChain,ProtoChain is a community-driven initiative that helps content creators trade NFTs securely using blockchain technology. Our liquidity pooling ensures greater financial inclusion for all participants.,False,3,No,0x807ace9acd44907e83a2d08c0e2a1847a8ac510b,4.83,2026-07-14 12:15:52.047876,862.15,857.32,0.0023,46,0,19,336
CAMP_0022,ProtoChain,ProtoChain is a community-driven initiative that helps content creators trade NFTs securely using blockchain technology. Our liquidity pooling ensures greater financial inclusion for all participants.,False,3,No,0xee590ba0eed05b6fe9875aec82bec8ed621fec5f,29.13,2026-07-14 22:15:52.047876,891.28,862.15,0.0023,46,0,20,336
CAMP_0022,ProtoChain,ProtoChain is a community-driven initiative that helps content creators trade NFTs securely using blockchain technology. Our liquidity pooling ensures greater financial inclusion for all participants.,False,3,No,0xb9ba1abf8bac071fe1e08aafe9f8dd8febe73bba,42.97,2026-07-14 23:15:52.047876,934.25,891.28,0.0023,46,0,21,336
CAMP_0022,ProtoChain,ProtoChain is a community-driven initiative that helps content creators trade NFTs securely using blockchain technology. Our liquidity pooling ensures greater financial inclusion for all participants.,False,3,No,0xd6b4ee7149cdaef2a47cf6bf133ff2d4e8abf29e,33.0,2026-07-15 00:15:52.047876,967.25,934.25,0.0023,46,0,22,336
CAMP_0022,ProtoChain,ProtoChain is a community-driven initiative that helps content creators trade NFTs securely using blockchain technology. Our liquidity pooling ensures greater financial inclusion for all participants.,False,3,No,0x154b0e42fec70cebccf8e82633ebfe3ffeb4c36f,16.08,2026-07-15 01:15:52.047876,983.33,967.25,0.0023,46,0,23,336
CAMP_0022,ProtoChain,ProtoChain is a community-driven initiative that helps content creators trade NFTs securely using blockchain technology. Our liquidity pooling ensures greater financial inclusion for all participants.,False,3,No,0x0a031ed9baf4eb9ed03aedb7052b27ab4ae64bff,17.19,2026-07-15 14:15:52.047876,1000.52,983.33,0.0023,46,1,24,336
CAMP_0022,ProtoChain,ProtoChain is a community-driven initiative that helps content creators trade NFTs securely using blockchain technology. Our liquidity pooling ensures greater financial inclusion for all participants.,False,3,No,0x3e461eded9afeeb7938aac6fbecfc254eec2f45e,21.17,2026-07-16 21:15:52.047876,1021.69,1000.52,0.0023,46,0,25,336
CAMP_0022,ProtoChain,ProtoChain is a community-driven initiative that helps content creators trade NFTs securely using blockchain technology. Our liquidity pooling ensures greater financial inclusion for all participants.,False,3,No,0x9579929e83e1c22abccc727eadffd7c4e42c8acb,16.84,2026-07-18 09:15:52.047876,1038.53,1021.69,0.0023,46,0,26,336
CAMP_0022,ProtoChain,ProtoChain is a community-driven initiative that helps content creators trade NFTs securely using blockchain technology. Our liquidity pooling ensures greater financial inclusion for all participants.,False,3,No,0xabbb070edc61de1a1aa2ac5d94ba46fe9b247c54,63.86,2026-07-18 11:15:52.047876,1102.39,1038.53,0.0023,46,0,27,336
CAMP_0022,ProtoChain,ProtoChain is a community-driven initiative that helps content creators trade NFTs securely using blockchain technology. Our liquidity pooling ensures greater financial inclusion for all participants.,False,3,No,0xadcb36b2cd04cc5aef6cbd208d3dc73daf683cfc,285.04,2026-07-19 09:15:52.047876,1387.43,1102.39,0.0023,46,0,27,336
CAMP_0022,ProtoChain,ProtoChain is a community-driven initiative that helps content creators trade NFTs securely using blockchain technology. Our liquidity pooling ensures greater financial inclusion for all participants.,False,3,No,0x58b82cdceceaf96fcb9ad5efb1fa8befbb7dbe1a,10.29,2026-07-19 09:15:52.047876,1397.72,1387.43,0.0023,46,0,28,336
CAMP_0022,ProtoChain,ProtoChain is a community-driven initiative that helps content creators trade NFTs securely using blockchain technology. Our liquidity pooling ensures greater financial inclusion for all participants.,False,3,No,0xf7ebeae4032ec4fa3da2cf206ef8f1fd2acd2fb7,3.88,2026-07-19 17:15:52.047876,1401.6,1397.72,0.0023,46,0,29,336
CAMP_0022,ProtoChain,ProtoChain is a community-driven initiative that helps content creators trade NFTs securely using blockchain technology. Our liquidity pooling ensures greater financial inclusion for all participants.,False,3,No,0x2b35afa17a3ef6fcfe3506254c0678b36e8a3a70,18.07,2026-07-19 21:15:52.047876,1419.67,1401.6,0.0023,46,0,30,336
CAMP_0022,ProtoChain,ProtoChain is a community-driven initiative that helps content creators trade NFTs securely using blockchain technology. Our liquidity pooling ensures greater financial inclusion for all participants.,False,3,No,0xd63adbbdeefef5980fc4f4bbdebccd3225ba4e71,443.92,2026-07-19 23:15:52.047876,1863.59,1419.67,0.0023,46,0,30,336
CAMP_0022,ProtoChain,ProtoChain is a community-driven initiative that helps content creators trade NFTs securely using blockchain technology. Our liquidity pooling ensures greater financial inclusion for all participants.,False,3,No,0xba6fe2f8b7ea4bb037aadb7d3fa67cbf6b8efcbf,7.66,2026-07-20 03:15:52.047876,1871.25,1863.59,0.0023,46,0,31,336
CAMP_0022,ProtoChain,ProtoChain is a community-driven initiative that helps content creators trade NFTs securely using blockchain technology. Our liquidity pooling ensures greater financial inclusion for all participants.,False,3,No,0x9579929e83e1c22abccc727eadffd7c4e42c8acb,143.59,2026-07-20 12:15:52.047876,2014.84,1871.25,0.0023,46,0,31,336
CAMP_0022,ProtoChain,ProtoChain is a community-driven initiative that helps content creators trade NFTs securely using blockchain technology. Our liquidity pooling ensures greater financial inclusion for all participants.,False,3,No,0xc0cf6cce30738c5b28eafb3cfcdd6ac11a7b9dd4,150.39,2026-07-20 13:15:52.047876,2165.23,2014.84,0.0023,46,0,31,336
CAMP_0022,ProtoChain,ProtoChain is a community-driven initiative that helps content creators trade NFTs securely using blockchain technology. Our liquidity pooling ensures greater financial inclusion for all participants.,False,3,No,0xecdde69ca16a32bfbec5caba72f3fcfffb8b0bae,10.34,2026-07-20 14:15:52.047876,2175.57,2165.23,0.0023,46,0,32,336
CAMP_0022,ProtoChain,ProtoChain is a community-driven initiative that helps content creators trade NFTs securely using blockchain technology. Our liquidity pooling ensures greater financial inclusion for all participants.,False,3,No,0xdf42f13ca37ddbed3fc1cafdc6aa57cdd3c0f0aa,39.76,2026-07-20 20:15:52.047876,2215.33,2175.57,0.0023,46,0,33,336
CAMP_0022,ProtoChain,ProtoChain is a community-driven initiative that helps content creators trade NFTs securely using blockchain technology. Our liquidity pooling ensures greater financial inclusion for all participants.,False,3,No,0x5c986ea9ba8c567facea9f3487cff3f023e91410,141.75,2026-07-21 01:15:52.047876,2357.08,2215.33,0.0023,46,0,34,336
CAMP_0022,ProtoChain,ProtoChain is a community-driven initiative that helps content creators trade NFTs securely using blockchain technology. Our liquidity pooling ensures greater financial inclusion for all participants.,False,3,No,0xdfbd0a7ebdb5b2dc4ba6b5047df6e8fbe2f3f529,12.74,2026-07-21 08:15:52.047876,2369.82,2357.08,0.0023,46,0,35,336
CAMP_0022,ProtoChain,ProtoChain is a community-driven initiative that helps content creators trade NFTs securely using blockchain technology. Our liquidity pooling ensures greater financial inclusion for all participants.,False,3,No,0x1da1eed28d83c1f4f52aecf4a475e617ab2feb6d,15.73,2026-07-21 10:15:52.047876,2385.55,2369.82,0.0023,46,0,35,336
CAMP_0022,ProtoChain,ProtoChain is a community-driven initiative that helps content creators trade NFTs securely using blockchain technology. Our liquidity pooling ensures greater financial inclusion for all participants.,False,3,No,0x9579929e83e1c22abccc727eadffd7c4e42c8acb,9.99,2026-07-21 22:15:52.047876,2395.54,2385.55,0.0023,46,0,35,336
CAMP_0022,ProtoChain,ProtoChain is a community-driven initiative that helps content creators trade NFTs securely using blockchain technology. Our liquidity pooling ensures greater financial inclusion for all participants.,False,3,No,0xfcbfb6cc8f1bad977ce502df4ce3b7eaad86d33b,5.94,2026-07-22 08:15:52.047876,2401.48,2395.54,0.0023,46,1,36,336
CAMP_0022,ProtoChain,ProtoChain is a community-driven initiative that helps content creators trade NFTs securely using blockchain technology. Our liquidity pooling ensures greater financial inclusion for all participants.,False,3,No,0xefd45c4f664f67eb62e8fcfb66f795a4bef3dc5e,9.22,2026-07-22 10:15:52.047876,2410.7,2401.48,0.0023,46,0,37,336
CAMP_0023,BlockSwap,"BlockSwap aims to solve liquidity fragmentation in the Web3 ecosystem by providing a innovative solution for independent developers. Built on Optimism, we focus on faster settlement times.",True,1,No,0xdef31c67e138acd2dda0e3d3244ffa5651cc3796,4.62,2026-07-01 15:15:52.048494,4.62,0.0,0.0014,41,1,1,504
CAMP_0023,BlockSwap,"BlockSwap aims to solve liquidity fragmentation in the Web3 ecosystem by providing a innovative solution for independent developers. Built on Optimism, we focus on faster settlement times.",True,1,No,0xdf42f13ca37ddbed3fc1cafdc6aa57cdd3c0f0aa,8.92,2026-07-02 13:15:52.048494,13.54,4.62,0.0014,41,0,2,504
CAMP_0023,BlockSwap,"BlockSwap aims to solve liquidity fragmentation in the Web3 ecosystem by providing a innovative solution for independent developers. Built on Optimism, we focus on faster settlement times.",True,1,No,0xe3efdccc01ecea9ead6fabf6119a4d6facf28c7a,37.61,2026-07-02 22:15:52.048494,51.15,13.54,0.0014,41,1,3,504
CAMP_0023,BlockSwap,"BlockSwap aims to solve liquidity fragmentation in the Web3 ecosystem by providing a innovative solution for independent developers. Built on Optimism, we focus on faster settlement times.",True,1,No,0x8bdf62e6d423ad9cabe45ad19f1c1cbc37b24c2b,3.1,2026-07-03 11:15:52.048494,54.25,51.15,0.0014,41,0,4,504
CAMP_0023,BlockSwap,"BlockSwap aims to solve liquidity fragmentation in the Web3 ecosystem by providing a innovative solution for independent developers. Built on Optimism, we focus on faster settlement times.",True,1,No,0x7a6b756cadce1dbd861c349cda6fbad3d06a3aaa,2.26,2026-07-03 12:15:52.048494,56.51,54.25,0.0014,41,0,5,504
CAMP_0023,BlockSwap,"BlockSwap aims to solve liquidity fragmentation in the Web3 ecosystem by providing a innovative solution for independent developers. Built on Optimism, we focus on faster settlement times.",True,1,No,0xa6db8c5f0ebfae81e76cf6688629eedd6c069cea,1.22,2026-07-03 20:15:52.048494,57.73,56.51,0.0014,41,1,6,504
CAMP_0023,BlockSwap,"BlockSwap aims to solve liquidity fragmentation in the Web3 ecosystem by providing a innovative solution for independent developers. Built on Optimism, we focus on faster settlement times.",True,1,No,0x1d5dc15e42ecabb4299aaef287c549965e9cc1fc,11.03,2026-07-04 05:15:52.048494,68.76,57.73,0.0014,41,0,7,504
CAMP_0023,BlockSwap,"BlockSwap aims to solve liquidity fragmentation in the Web3 ecosystem by providing a innovative solution for independent developers. Built on Optimism, we focus on faster settlement times.",True,1,No,0x20dbe6ad79eb34c43bccefac612fa72e2dd69d6c,8.13,2026-07-05 16:15:52.048494,76.89,68.76,0.0014,41,0,8,504
CAMP_0023,BlockSwap,"BlockSwap aims to solve liquidity fragmentation in the Web3 ecosystem by providing a innovative solution for independent developers. Built on Optimism, we focus on faster settlement times.",True,1,No,0xc59d3eee5fdcbea9cbbb0ebace7f8df1bf1aae30,51.79,2026-07-06 06:15:52.048494,128.68,76.89,0.0014,41,0,9,504
CAMP_0023,BlockSwap,"BlockSwap aims to solve liquidity fragmentation in the Web3 ecosystem by providing a innovative solution for independent developers. Built on Optimism, we focus on faster settlement times.",True,1,No,0xc5cd84fb212db918fbfc0feb5e299ed5b3ed6ed3,9.22,2026-07-06 20:15:52.048494,137.9,128.68,0.0014,41,0,10,504
CAMP_0023,BlockSwap,"BlockSwap aims to solve liquidity fragmentation in the Web3 ecosystem by providing a innovative solution for independent developers. Built on Optimism, we focus on faster settlement times.",True,1,No,0x1dd8f804807c4ed5f728c3c66ad7df7d74ee85f2,27.88,2026-07-06 20:15:52.048494,165.78,137.9,0.0014,41,1,11,504
CAMP_0023,BlockSwap,"BlockSwap aims to solve liquidity fragmentation in the Web3 ecosystem by providing a innovative solution for independent developers. Built on Optimism, we focus on faster settlement times.",True,1,No,0xbf2e57e8ccf1e3ccd1a5f14e85ab9c92ae29c01d,53.3,2026-07-07 15:15:52.048494,219.08,165.78,0.0014,41,0,12,504
CAMP_0023,BlockSwap,"BlockSwap aims to solve liquidity fragmentation in the Web3 ecosystem by providing a innovative solution for independent developers. Built on Optimism, we focus on faster settlement times.",True,1,No,0x1faafeab24f6cab9a7f55242ba44affb624530b6,8.81,2026-07-07 16:15:52.048494,227.89,219.08,0.0014,41,0,13,504
CAMP_0023,BlockSwap,"BlockSwap aims to solve liquidity fragmentation in the Web3 ecosystem by providing a innovative solution for independent developers. Built on Optimism, we focus on faster settlement times.",True,1,No,0xa92e7aed33873f976f78a9fdc4ae5f98ffdbf664,28.72,2026-07-08 02:15:52.048494,256.61,227.89,0.0014,41,0,14,504
CAMP_0023,BlockSwap,"BlockSwap aims to solve liquidity fragmentation in the Web3 ecosystem by providing a innovative solution for independent developers. Built on Optimism, we focus on faster settlement times.",True,1,No,0x4aa6ab8becbd3b93eefaa74a1804d7aa1f7fbcc5,66.84,2026-07-08 14:15:52.048494,323.45,256.61,0.0014,41,0,15,504
CAMP_0023,BlockSwap,"BlockSwap aims to solve liquidity fragmentation in the Web3 ecosystem by providing a innovative solution for independent developers. Built on Optimism, we focus on faster settlement times.",True,1,No,0x2fccefe50aaee3cda277ec7f6ebca67f8bfeb947,4.55,2026-07-09 18:15:52.048494,328.0,323.45,0.0014,41,0,16,504
CAMP_0023,BlockSwap,"BlockSwap aims to solve liquidity fragmentation in the Web3 ecosystem by providing a innovative solution for independent developers. Built on Optimism, we focus on faster settlement times.",True,1,No,0x60a4e70edce31bf255f6a2306b6a2a1ce379dd2b,20.69,2026-07-10 03:15:52.048494,348.69,328.0,0.0014,41,0,17,504
CAMP_0023,BlockSwap,"BlockSwap aims to solve liquidity fragmentation in the Web3 ecosystem by providing a innovative solution for independent developers. Built on Optimism, we focus on faster settlement times.",True,1,No,0x01bbdb9f1bd66b4bb8dce1fac1199d6aa2ff3ebb,8.86,2026-07-10 09:15:52.048494,357.55,348.69,0.0014,41,0,18,504
CAMP_0023,BlockSwap,"BlockSwap aims to solve liquidity fragmentation in the Web3 ecosystem by providing a innovative solution for independent developers. Built on Optimism, we focus on faster settlement times.",True,1,No,0xaddb7b9ac6f6b4fbd7f60fdcc8ddaf609a59e462,4.91,2026-07-11 00:15:52.048494,362.46,357.55,0.0014,41,0,19,504
CAMP_0023,BlockSwap,"BlockSwap aims to solve liquidity fragmentation in the Web3 ecosystem by providing a innovative solution for independent developers. Built on Optimism, we focus on faster settlement times.",True,1,No,0xdef31c67e138acd2dda0e3d3244ffa5651cc3796,3.18,2026-07-12 04:15:52.048494,365.64,362.46,0.0014,41,0,19,504
CAMP_0023,BlockSwap,"BlockSwap aims to solve liquidity fragmentation in the Web3 ecosystem by providing a innovative solution for independent developers. Built on Optimism, we focus on faster settlement times.",True,1,No,0xe1e977d06fdf930b48ac21eedc0f2904b4b5aa3f,4.81,2026-07-12 05:15:52.048494,370.45,365.64,0.0014,41,0,20,504
CAMP_0023,BlockSwap,"BlockSwap aims to solve liquidity fragmentation in the Web3 ecosystem by providing a innovative solution for independent developers. Built on Optimism, we focus on faster settlement times.",True,1,No,0x7feccc86fad01defa92dd9fd1b683bcb31dd5e3a,21.59,2026-07-12 10:15:52.048494,392.04,370.45,0.0014,41,0,21,504
CAMP_0023,BlockSwap,"BlockSwap aims to solve liquidity fragmentation in the Web3 ecosystem by providing a innovative solution for independent developers. Built on Optimism, we focus on faster settlement times.",True,1,No,0xd63adbbdeefef5980fc4f4bbdebccd3225ba4e71,2.91,2026-07-12 10:15:52.048494,394.95,392.04,0.0014,41,0,22,504
CAMP_0023,BlockSwap,"BlockSwap aims to solve liquidity fragmentation in the Web3 ecosystem by providing a innovative solution for independent developers. Built on Optimism, we focus on faster settlement times.",True,1,No,0x2fbf7842caeed0b52c1a44d73d0c3253e00b5731,10.37,2026-07-13 08:15:52.048494,405.32,394.95,0.0014,41,0,23,504
CAMP_0023,BlockSwap,"BlockSwap aims to solve liquidity fragmentation in the Web3 ecosystem by providing a innovative solution for independent developers. Built on Optimism, we focus on faster settlement times.",True,1,No,0x3bafdb1ba6040ebfb5a47bd728dad8faaebbf1dc,53.29,2026-07-13 09:15:52.048494,458.61,405.32,0.0014,41,0,24,504
CAMP_0023,BlockSwap,"BlockSwap aims to solve liquidity fragmentation in the Web3 ecosystem by providing a innovative solution for independent developers. Built on Optimism, we focus on faster settlement times.",True,1,No,0xdf42f13ca37ddbed3fc1cafdc6aa57cdd3c0f0aa,34.43,2026-07-13 13:15:52.048494,493.04,458.61,0.0014,41,0,24,504
CAMP_0023,BlockSwap,"BlockSwap aims to solve liquidity fragmentation in the Web3 ecosystem by providing a innovative solution for independent developers. Built on Optimism, we focus on faster settlement times.",True,1,No,0x1da1eed28d83c1f4f52aecf4a475e617ab2feb6d,10.63,2026-07-13 22:15:52.048494,503.67,493.04,0.0014,41,0,25,504
CAMP_0023,BlockSwap,"BlockSwap aims to solve liquidity fragmentation in the Web3 ecosystem by providing a innovative solution for independent developers. Built on Optimism, we focus on faster settlement times.",True,1,No,0x1dd8f804807c4ed5f728c3c66ad7df7d74ee85f2,152.57,2026-07-13 22:15:52.048494,656.24,503.67,0.0014,41,0,25,504
CAMP_0023,BlockSwap,"BlockSwap aims to solve liquidity fragmentation in the Web3 ecosystem by providing a innovative solution for independent developers. Built on Optimism, we focus on faster settlement times.",True,1,No,0x9cbe4f58e66a1aff145edd83cfdfe0b6ee222c5d,194.74,2026-07-14 14:15:52.048494,850.98,656.24,0.0014,41,0,26,504
CAMP_0023,BlockSwap,"BlockSwap aims to solve liquidity fragmentation in the Web3 ecosystem by providing a innovative solution for independent developers. Built on Optimism, we focus on faster settlement times.",True,1,No,0x9afa1efda7a580a86dadbdbb9c0fb8acbd1686ca,20.73,2026-07-15 00:15:52.048494,871.71,850.98,0.0014,41,0,27,504
CAMP_0023,BlockSwap,"BlockSwap aims to solve liquidity fragmentation in the Web3 ecosystem by providing a innovative solution for independent developers. Built on Optimism, we focus on faster settlement times.",True,1,No,0x1da1eed28d83c1f4f52aecf4a475e617ab2feb6d,1.04,2026-07-15 07:15:52.048494,872.75,871.71,0.0014,41,0,27,504
CAMP_0023,BlockSwap,"BlockSwap aims to solve liquidity fragmentation in the Web3 ecosystem by providing a innovative solution for independent developers. Built on Optimism, we focus on faster settlement times.",True,1,No,0x7ee8b6ec8b90d4be3fb01ebd92bffbeea3a711bc,58.19,2026-07-15 16:15:52.048494,930.94,872.75,0.0014,41,0,28,504
CAMP_0023,BlockSwap,"BlockSwap aims to solve liquidity fragmentation in the Web3 ecosystem by providing a innovative solution for independent developers. Built on Optimism, we focus on faster settlement times.",True,1,No,0x4aa6ab8becbd3b93eefaa74a1804d7aa1f7fbcc5,1.28,2026-07-16 04:15:52.048494,932.22,930.94,0.0014,41,0,28,504
CAMP_0023,BlockSwap,"BlockSwap aims to solve liquidity fragmentation in the Web3 ecosystem by providing a innovative solution for independent developers. Built on Optimism, we focus on faster settlement times.",True,1,No,0x2fbf7842caeed0b52c1a44d73d0c3253e00b5731,118.08,2026-07-17 07:15:52.048494,1050.3,932.22,0.0014,41,0,28,504
CAMP_0023,BlockSwap,"BlockSwap aims to solve liquidity fragmentation in the Web3 ecosystem by providing a innovative solution for independent developers. Built on Optimism, we focus on faster settlement times.",True,1,No,0xa6db8c5f0ebfae81e76cf6688629eedd6c069cea,73.72,2026-07-19 06:15:52.048494,1124.02,1050.3,0.0014,41,0,28,504
CAMP_0023,BlockSwap,"BlockSwap aims to solve liquidity fragmentation in the Web3 ecosystem by providing a innovative solution for independent developers. Built on Optimism, we focus on faster settlement times.",True,1,No,0x84fdd71da34fda1b6bc9f01b02beaed3ce03eae1,168.86,2026-07-19 20:15:52.048494,1292.88,1124.02,0.0014,41,0,29,504
CAMP_0023,BlockSwap,"BlockSwap aims to solve liquidity fragmentation in the Web3 ecosystem by providing a innovative solution for independent developers. Built on Optimism, we focus on faster settlement times.",True,1,No,0xe3efdccc01ecea9ead6fabf6119a4d6facf28c7a,27.45,2026-07-19 22:15:52.048494,1320.33,1292.88,0.0014,41,0,29,504
CAMP_0023,BlockSwap,"BlockSwap aims to solve liquidity fragmentation in the Web3 ecosystem by providing a innovative solution for independent developers. Built on Optimism, we focus on faster settlement times.",True,1,No,0xc71e6d9f70d7f6fe1e7bee3db01b88cdee8acb8e,13.02,2026-07-20 07:15:52.048494,1333.35,1320.33,0.0014,41,0,30,504
CAMP_0023,BlockSwap,"BlockSwap aims to solve liquidity fragmentation in the Web3 ecosystem by providing a innovative solution for independent developers. Built on Optimism, we focus on faster settlement times.",True,1,No,0x5c986ea9ba8c567facea9f3487cff3f023e91410,11.7,2026-07-21 01:15:52.048494,1345.05,1333.35,0.0014,41,0,31,504
CAMP_0023,BlockSwap,"BlockSwap aims to solve liquidity fragmentation in the Web3 ecosystem by providing a innovative solution for independent developers. Built on Optimism, we focus on faster settlement times.",True,1,No,0x0cc6ca005fcaed9af526f1accddaf2bcc317d235,10.43,2026-07-21 07:15:52.048494,1355.48,1345.05,0.0014,41,0,32,504
CAMP_0023,BlockSwap,"BlockSwap aims to solve liquidity fragmentation in the Web3 ecosystem by providing a innovative solution for independent developers. Built on Optimism, we focus on faster settlement times.",True,1,No,0xaddb7b9ac6f6b4fbd7f60fdcc8ddaf609a59e462,65.19,2026-07-22 08:15:52.048494,1420.67,1355.48,0.0014,41,0,32,504
CAMP_0024,VaultNetwork,VaultNetwork is a decentralized platform built on Polygon that enables users to fund public goods through a staking mechanism. Our smart contracts have been designed to greater financial inclusion.,True,1,Yes,0x55268d5d37c6aaba60ebf471adeabc9daa88c4c1,2.75,2026-07-01 22:15:52.049071,2.75,0.0,0.0019,56,1,1,504
CAMP_0024,VaultNetwork,VaultNetwork is a decentralized platform built on Polygon that enables users to fund public goods through a staking mechanism. Our smart contracts have been designed to greater financial inclusion.,True,1,Yes,0x5ef0a24e0fbf9218a26d3ba2f3b0e9fd39fc12ac,90.72,2026-07-02 06:15:52.049071,93.47,2.75,0.0019,56,0,2,504
CAMP_0024,VaultNetwork,VaultNetwork is a decentralized platform built on Polygon that enables users to fund public goods through a staking mechanism. Our smart contracts have been designed to greater financial inclusion.,True,1,Yes,0xadac5bb6ee8ff6c05dbdcefeacdbf63f43b89c2c,79.26,2026-07-02 11:15:52.049071,172.73,93.47,0.0019,56,1,3,504
CAMP_0024,VaultNetwork,VaultNetwork is a decentralized platform built on Polygon that enables users to fund public goods through a staking mechanism. Our smart contracts have been designed to greater financial inclusion.,True,1,Yes,0x0babc95c0ae26e1a6fca0aad8b8adc1d7095ebbb,1.79,2026-07-02 11:15:52.049071,174.52,172.73,0.0019,56,1,4,504
CAMP_0024,VaultNetwork,VaultNetwork is a decentralized platform built on Polygon that enables users to fund public goods through a staking mechanism. Our smart contracts have been designed to greater financial inclusion.,True,1,Yes,0x8bdf62e6d423ad9cabe45ad19f1c1cbc37b24c2b,10.23,2026-07-02 11:15:52.049071,184.75,174.52,0.0019,56,0,5,504
CAMP_0024,VaultNetwork,VaultNetwork is a decentralized platform built on Polygon that enables users to fund public goods through a staking mechanism. Our smart contracts have been designed to greater financial inclusion.,True,1,Yes,0x8fdbfdece94eb60db530503fb78cba116ce7f6d4,9.76,2026-07-02 17:15:52.049071,194.51,184.75,0.0019,56,0,6,504
CAMP_0024,VaultNetwork,VaultNetwork is a decentralized platform built on Polygon that enables users to fund public goods through a staking mechanism. Our smart contracts have been designed to greater financial inclusion.,True,1,Yes,0xdd4afcad7f0ef2fa5d4ecb8b75ba2face89c435e,143.65,2026-07-04 06:15:52.049071,338.16,194.51,0.0019,56,0,7,504
CAMP_0024,VaultNetwork,VaultNetwork is a decentralized platform built on Polygon that enables users to fund public goods through a staking mechanism. Our smart contracts have been designed to greater financial inclusion.,True,1,Yes,0xcd16ffbac1fe9e7dbe4f9e12337f7edc5dc26bb3,17.83,2026-07-04 17:15:52.049071,355.99,338.16,0.0019,56,0,8,504
CAMP_0024,VaultNetwork,VaultNetwork is a decentralized platform built on Polygon that enables users to fund public goods through a staking mechanism. Our smart contracts have been designed to greater financial inclusion.,True,1,Yes,0xa96f447a6cec136580e840cb5feb8bacd7e2b1c2,3.34,2026-07-05 06:15:52.049071,359.33,355.99,0.0019,56,0,9,504
CAMP_0024,VaultNetwork,VaultNetwork is a decentralized platform built on Polygon that enables users to fund public goods through a staking mechanism. Our smart contracts have been designed to greater financial inclusion.,True,1,Yes,0xf32b5da0b51fc1a7ac852cf5b0c5a83eccea979f,57.89,2026-07-05 09:15:52.049071,417.22,359.33,0.0019,56,0,10,504
CAMP_0024,VaultNetwork,VaultNetwork is a decentralized platform built on Polygon that enables users to fund public goods through a staking mechanism. Our smart contracts have been designed to greater financial inclusion.,True,1,Yes,0x3bafdb1ba6040ebfb5a47bd728dad8faaebbf1dc,4.59,2026-07-05 10:15:52.049071,421.81,417.22,0.0019,56,0,11,504
CAMP_0024,VaultNetwork,VaultNetwork is a decentralized platform built on Polygon that enables users to fund public goods through a staking mechanism. Our smart contracts have been designed to greater financial inclusion.,True,1,Yes,0xaf7fa6efc3cd9fad3c68c921ec4e60b9e1b46ded,14.7,2026-07-06 00:15:52.049071,436.51,421.81,0.0019,56,0,12,504
CAMP_0024,VaultNetwork,VaultNetwork is a decentralized platform built on Polygon that enables users to fund public goods through a staking mechanism. Our smart contracts have been designed to greater financial inclusion.,True,1,Yes,0xdd4afcad7f0ef2fa5d4ecb8b75ba2face89c435e,7.97,2026-07-06 07:15:52.049071,444.48,436.51,0.0019,56,0,12,504
CAMP_0024,VaultNetwork,VaultNetwork is a decentralized platform built on Polygon that enables users to fund public goods through a staking mechanism. Our smart contracts have been designed to greater financial inclusion.,True,1,Yes,0x518bd3bfe1a6c7c04c6dadaa4da50957cde0ecf2,10.25,2026-07-06 18:15:52.049071,454.73,444.48,0.0019,56,0,13,504
CAMP_0024,VaultNetwork,VaultNetwork is a decentralized platform built on Polygon that enables users to fund public goods through a staking mechanism. Our smart contracts have been designed to greater financial inclusion.,True,1,Yes,0xcca9ef2ab1ecabe3ca28ddb8fea6ff929fa6fcfe,61.85,2026-07-06 20:15:52.049071,516.58,454.73,0.0019,56,0,14,504
CAMP_0024,VaultNetwork,VaultNetwork is a decentralized platform built on Polygon that enables users to fund public goods through a staking mechanism. Our smart contracts have been designed to greater financial inclusion.,True,1,Yes,0xc5cd84fb212db918fbfc0feb5e299ed5b3ed6ed3,124.66,2026-07-07 07:15:52.049071,641.24,516.58,0.0019,56,0,15,504
CAMP_0024,VaultNetwork,VaultNetwork is a decentralized platform built on Polygon that enables users to fund public goods through a staking mechanism. Our smart contracts have been designed to greater financial inclusion.,True,1,Yes,0xec58216ebfdbcffcaafaac021dfe56fb0c52ec1e,4.35,2026-07-07 07:15:52.049071,645.59,641.24,0.0019,56,0,16,504
CAMP_0024,VaultNetwork,VaultNetwork is a decentralized platform built on Polygon that enables users to fund public goods through a staking mechanism. Our smart contracts have been designed to greater financial inclusion.,True,1,Yes,0xc869054a9c2ada76c3dcc3b5d110b0c8cdcbfab8,42.58,2026-07-07 12:15:52.049071,688.17,645.59,0.0019,56,0,17,504
CAMP_0024,VaultNetwork,VaultNetwork is a decentralized platform built on Polygon that enables users to fund public goods through a staking mechanism. Our smart contracts have been designed to greater financial inclusion.,True,1,Yes,0xe064aed1904b04eb4cb0bf73f722cdbabf8ccdcc,8.34,2026-07-08 06:15:52.049071,696.51,688.17,0.0019,56,0,18,504
CAMP_0024,VaultNetwork,VaultNetwork is a decentralized platform built on Polygon that enables users to fund public goods through a staking mechanism. Our smart contracts have been designed to greater financial inclusion.,True,1,Yes,0x2dc70a3cc80f3446d0d569c1634dbdbbfb7baeb8,8.65,2026-07-08 15:15:52.049071,705.16,696.51,0.0019,56,0,19,504
CAMP_0024,VaultNetwork,VaultNetwork is a decentralized platform built on Polygon that enables users to fund public goods through a staking mechanism. Our smart contracts have been designed to greater financial inclusion.,True,1,Yes,0xf0eef9ec752e8baac47f3cec022946402eeceef2,36.19,2026-07-10 00:15:52.049071,741.35,705.16,0.0019,56,0,20,504
CAMP_0024,VaultNetwork,VaultNetwork is a decentralized platform built on Polygon that enables users to fund public goods through a staking mechanism. Our smart contracts have been designed to greater financial inclusion.,True,1,Yes,0x2a2dcdbeb80b5bb8caaf22a5c6d84fbc20ef673e,5.85,2026-07-11 08:15:52.049071,747.2,741.35,0.0019,56,0,21,504
CAMP_0024,VaultNetwork,VaultNetwork is a decentralized platform built on Polygon that enables users to fund public goods through a staking mechanism. Our smart contracts have been designed to greater financial inclusion.,True,1,Yes,0x6b3aaac22bc8c0fcf2ca6f97b9fb5bc7fd334417,35.33,2026-07-11 23:15:52.049071,782.53,747.2,0.0019,56,0,22,504
CAMP_0024,VaultNetwork,VaultNetwork is a decentralized platform built on Polygon that enables users to fund public goods through a staking mechanism. Our smart contracts have been designed to greater financial inclusion.,True,1,Yes,0x9b5fabc713e3afa59e4a7ea2386aab8fa3d0e9ef,48.24,2026-07-12 02:15:52.049071,830.77,782.53,0.0019,56,1,23,504
CAMP_0024,VaultNetwork,VaultNetwork is a decentralized platform built on Polygon that enables users to fund public goods through a staking mechanism. Our smart contracts have been designed to greater financial inclusion.,True,1,Yes,0xb8f3ffaf04c7d5c5ad8a4f8c632c5255983f3b3a,11.95,2026-07-12 12:15:52.049071,842.72,830.77,0.0019,56,0,24,504
CAMP_0024,VaultNetwork,VaultNetwork is a decentralized platform built on Polygon that enables users to fund public goods through a staking mechanism. Our smart contracts have been designed to greater financial inclusion.,True,1,Yes,0xa92e7aed33873f976f78a9fdc4ae5f98ffdbf664,98.74,2026-07-12 16:15:52.049071,941.46,842.72,0.0019,56,0,25,504
CAMP_0024,VaultNetwork,VaultNetwork is a decentralized platform built on Polygon that enables users to fund public goods through a staking mechanism. Our smart contracts have been designed to greater financial inclusion.,True,1,Yes,0xee590ba0eed05b6fe9875aec82bec8ed621fec5f,4.36,2026-07-12 22:15:52.049071,945.82,941.46,0.0019,56,0,26,504
CAMP_0024,VaultNetwork,VaultNetwork is a decentralized platform built on Polygon that enables users to fund public goods through a staking mechanism. Our smart contracts have been designed to greater financial inclusion.,True,1,Yes,0x0ce036bd1e085ced0de58f26db4bae05b78377d5,100.94,2026-07-13 03:15:52.049071,1046.76,945.82,0.0019,56,0,27,504
CAMP_0024,VaultNetwork,VaultNetwork is a decentralized platform built on Polygon that enables users to fund public goods through a staking mechanism. Our smart contracts have been designed to greater financial inclusion.,True,1,Yes,0x4aa6ab8becbd3b93eefaa74a1804d7aa1f7fbcc5,1.95,2026-07-13 10:15:52.049071,1048.71,1046.76,0.0019,56,0,28,504
CAMP_0024,VaultNetwork,VaultNetwork is a decentralized platform built on Polygon that enables users to fund public goods through a staking mechanism. Our smart contracts have been designed to greater financial inclusion.,True,1,Yes,0xefdeddfbccdaa55eabd61657b35ff18b949dcfca,512.68,2026-07-13 11:15:52.049071,1561.39,1048.71,0.0019,56,0,29,504
CAMP_0024,VaultNetwork,VaultNetwork is a decentralized platform built on Polygon that enables users to fund public goods through a staking mechanism. Our smart contracts have been designed to greater financial inclusion.,True,1,Yes,0x1d5dc15e42ecabb4299aaef287c549965e9cc1fc,12.34,2026-07-14 08:15:52.049071,1573.73,1561.39,0.0019,56,0,30,504
CAMP_0024,VaultNetwork,VaultNetwork is a decentralized platform built on Polygon that enables users to fund public goods through a staking mechanism. Our smart contracts have been designed to greater financial inclusion.,True,1,Yes,0x93edfdb3ace268819c62f6bbfd2adfafef6d6bf7,4.98,2026-07-14 08:15:52.049071,1578.71,1573.73,0.0019,56,0,31,504
CAMP_0024,VaultNetwork,VaultNetwork is a decentralized platform built on Polygon that enables users to fund public goods through a staking mechanism. Our smart contracts have been designed to greater financial inclusion.,True,1,Yes,0x2a2dcdbeb80b5bb8caaf22a5c6d84fbc20ef673e,15.19,2026-07-14 14:15:52.049071,1593.9,1578.71,0.0019,56,0,31,504
CAMP_0024,VaultNetwork,VaultNetwork is a decentralized platform built on Polygon that enables users to fund public goods through a staking mechanism. Our smart contracts have been designed to greater financial inclusion.,True,1,Yes,0x2a2dcdbeb80b5bb8caaf22a5c6d84fbc20ef673e,5.72,2026-07-14 19:15:52.049071,1599.62,1593.9,0.0019,56,0,31,504
CAMP_0024,VaultNetwork,VaultNetwork is a decentralized platform built on Polygon that enables users to fund public goods through a staking mechanism. Our smart contracts have been designed to greater financial inclusion.,True,1,Yes,0xc9378caef5cfea3b3faebe10ceea9c5f0b8dedaa,31.96,2026-07-15 08:15:52.049071,1631.58,1599.62,0.0019,56,0,32,504
CAMP_0024,VaultNetwork,VaultNetwork is a decentralized platform built on Polygon that enables users to fund public goods through a staking mechanism. Our smart contracts have been designed to greater financial inclusion.,True,1,Yes,0x9afa1efda7a580a86dadbdbb9c0fb8acbd1686ca,103.67,2026-07-15 10:15:52.049071,1735.25,1631.58,0.0019,56,0,33,504
CAMP_0024,VaultNetwork,VaultNetwork is a decentralized platform built on Polygon that enables users to fund public goods through a staking mechanism. Our smart contracts have been designed to greater financial inclusion.,True,1,Yes,0x93edfdb3ace268819c62f6bbfd2adfafef6d6bf7,6.1,2026-07-15 21:15:52.049071,1741.35,1735.25,0.0019,56,0,33,504
CAMP_0024,VaultNetwork,VaultNetwork is a decentralized platform built on Polygon that enables users to fund public goods through a staking mechanism. Our smart contracts have been designed to greater financial inclusion.,True,1,Yes,0x0c0b6f0bebe2234bb5888cf4fceca28c103a9bcc,40.26,2026-07-17 07:15:52.049071,1781.61,1741.35,0.0019,56,0,34,504
CAMP_0024,VaultNetwork,VaultNetwork is a decentralized platform built on Polygon that enables users to fund public goods through a staking mechanism. Our smart contracts have been designed to greater financial inclusion.,True,1,Yes,0xabaabb2be0bdbaf1a8fae11d16dc7fb9d2fceaf4,3.19,2026-07-17 13:15:52.049071,1784.8,1781.61,0.0019,56,0,35,504
CAMP_0024,VaultNetwork,VaultNetwork is a decentralized platform built on Polygon that enables users to fund public goods through a staking mechanism. Our smart contracts have been designed to greater financial inclusion.,True,1,Yes,0xc0cf6cce30738c5b28eafb3cfcdd6ac11a7b9dd4,69.38,2026-07-17 16:15:52.049071,1854.18,1784.8,0.0019,56,0,36,504
CAMP_0024,VaultNetwork,VaultNetwork is a decentralized platform built on Polygon that enables users to fund public goods through a staking mechanism. Our smart contracts have been designed to greater financial inclusion.,True,1,Yes,0xa7d5efea4ad445d32eeedab0adafddafe64c1bab,33.1,2026-07-17 16:15:52.049071,1887.28,1854.18,0.0019,56,0,37,504
CAMP_0024,VaultNetwork,VaultNetwork is a decentralized platform built on Polygon that enables users to fund public goods through a staking mechanism. Our smart contracts have been designed to greater financial inclusion.,True,1,Yes,0xf1561526d8845eed3a38fecfcb50654ed6e8ea55,73.07,2026-07-17 18:15:52.049071,1960.35,1887.28,0.0019,56,0,38,504
CAMP_0024,VaultNetwork,VaultNetwork is a decentralized platform built on Polygon that enables users to fund public goods through a staking mechanism. Our smart contracts have been designed to greater financial inclusion.,True,1,Yes,0xb5a1ff2edbf8f122c1c9f556bfa6514bc33a8bf4,17.34,2026-07-18 07:15:52.049071,1977.69,1960.35,0.0019,56,0,39,504
CAMP_0024,VaultNetwork,VaultNetwork is a decentralized platform built on Polygon that enables users to fund public goods through a staking mechanism. Our smart contracts have been designed to greater financial inclusion.,True,1,Yes,0x0a031ed9baf4eb9ed03aedb7052b27ab4ae64bff,11.92,2026-07-18 21:15:52.049071,1989.61,1977.69,0.0019,56,0,40,504
CAMP_0024,VaultNetwork,VaultNetwork is a decentralized platform built on Polygon that enables users to fund public goods through a staking mechanism. Our smart contracts have been designed to greater financial inclusion.,True,1,Yes,0x01bbdb9f1bd66b4bb8dce1fac1199d6aa2ff3ebb,53.48,2026-07-19 03:15:52.049071,2043.09,1989.61,0.0019,56,0,41,504
CAMP_0024,VaultNetwork,VaultNetwork is a decentralized platform built on Polygon that enables users to fund public goods through a staking mechanism. Our smart contracts have been designed to greater financial inclusion.,True,1,Yes,0xcd07a283cab399e596a9b6bac8efa68bfbb35edc,4.18,2026-07-19 14:15:52.049071,2047.27,2043.09,0.0019,56,0,42,504
CAMP_0024,VaultNetwork,VaultNetwork is a decentralized platform built on Polygon that enables users to fund public goods through a staking mechanism. Our smart contracts have been designed to greater financial inclusion.,True,1,Yes,0xc5cd84fb212db918fbfc0feb5e299ed5b3ed6ed3,2.48,2026-07-19 22:15:52.049071,2049.75,2047.27,0.0019,56,0,42,504
CAMP_0024,VaultNetwork,VaultNetwork is a decentralized platform built on Polygon that enables users to fund public goods through a staking mechanism. Our smart contracts have been designed to greater financial inclusion.,True,1,Yes,0xba6fe2f8b7ea4bb037aadb7d3fa67cbf6b8efcbf,19.97,2026-07-20 01:15:52.049071,2069.72,2049.75,0.0019,56,0,43,504
CAMP_0024,VaultNetwork,VaultNetwork is a decentralized platform built on Polygon that enables users to fund public goods through a staking mechanism. Our smart contracts have been designed to greater financial inclusion.,True,1,Yes,0x84fdd71da34fda1b6bc9f01b02beaed3ce03eae1,12.58,2026-07-20 04:15:52.049071,2082.3,2069.72,0.0019,56,0,44,504
CAMP_0024,VaultNetwork,VaultNetwork is a decentralized platform built on Polygon that enables users to fund public goods through a staking mechanism. Our smart contracts have been designed to greater financial inclusion.,True,1,Yes,0x0c0b6f0bebe2234bb5888cf4fceca28c103a9bcc,39.04,2026-07-20 06:15:52.049071,2121.34,2082.3,0.0019,56,0,44,504
CAMP_0024,VaultNetwork,VaultNetwork is a decentralized platform built on Polygon that enables users to fund public goods through a staking mechanism. Our smart contracts have been designed to greater financial inclusion.,True,1,Yes,0xf7ebeae4032ec4fa3da2cf206ef8f1fd2acd2fb7,74.43,2026-07-20 20:15:52.049071,2195.77,2121.34,0.0019,56,0,45,504
CAMP_0024,VaultNetwork,VaultNetwork is a decentralized platform built on Polygon that enables users to fund public goods through a staking mechanism. Our smart contracts have been designed to greater financial inclusion.,True,1,Yes,0x57f3371edeac7b6441b9b244774abfcf0e9dddff,38.08,2026-07-20 20:15:52.049071,2233.85,2195.77,0.0019,56,0,46,504
CAMP_0024,VaultNetwork,VaultNetwork is a decentralized platform built on Polygon that enables users to fund public goods through a staking mechanism. Our smart contracts have been designed to greater financial inclusion.,True,1,Yes,0xbe19f2a0ce8eda4f7ed1cbfee3d3ef8aefed0c2f,67.65,2026-07-21 07:15:52.049071,2301.5,2233.85,0.0019,56,0,47,504
CAMP_0024,VaultNetwork,VaultNetwork is a decentralized platform built on Polygon that enables users to fund public goods through a staking mechanism. Our smart contracts have been designed to greater financial inclusion.,True,1,Yes,0x7dcc135665e59c7cf940aeef1321dc08a153ed65,29.53,2026-07-21 12:15:52.049071,2331.03,2301.5,0.0019,56,0,48,504
CAMP_0024,VaultNetwork,VaultNetwork is a decentralized platform built on Polygon that enables users to fund public goods through a staking mechanism. Our smart contracts have been designed to greater financial inclusion.,True,1,Yes,0x619ba2dd0b539d59e1f1bbfc8adf50b7adaa70cb,36.36,2026-07-21 12:15:52.049071,2367.39,2331.03,0.0019,56,0,49,504
CAMP_0024,VaultNetwork,VaultNetwork is a decentralized platform built on Polygon that enables users to fund public goods through a staking mechanism. Our smart contracts have been designed to greater financial inclusion.,True,1,Yes,0x2aee8ff0def4ce3a5f3d1fed95515208afda8c2a,17.46,2026-07-21 13:15:52.049071,2384.85,2367.39,0.0019,56,0,50,504
CAMP_0025,MetaProtocol,"We are building MetaProtocol, a community-driven protocol for DeFi users that leverages a staking mechanism to fund public goods. The project is live on Optimism and plans to expand to more networks.",True,1,Yes,0xae71b4945c7cca7f12ba2c90f4f2e3e6e58d386f,24.13,2026-05-24 03:15:52.049763,24.13,0.0,0.0005,41,1,1,1440
CAMP_0025,MetaProtocol,"We are building MetaProtocol, a community-driven protocol for DeFi users that leverages a staking mechanism to fund public goods. The project is live on Optimism and plans to expand to more networks.",True,1,Yes,0xac38e0d5b1fee0f98ca3fd6ee5d3c2f222445b4f,24.26,2026-05-24 15:15:52.049763,48.39,24.13,0.0005,41,0,2,1440
CAMP_0025,MetaProtocol,"We are building MetaProtocol, a community-driven protocol for DeFi users that leverages a staking mechanism to fund public goods. The project is live on Optimism and plans to expand to more networks.",True,1,Yes,0xae71b4945c7cca7f12ba2c90f4f2e3e6e58d386f,24.13,2026-05-25 05:15:52.049763,72.52,48.39,0.0005,41,1,2,1440
CAMP_0025,MetaProtocol,"We are building MetaProtocol, a community-driven protocol for DeFi users that leverages a staking mechanism to fund public goods. The project is live on Optimism and plans to expand to more networks.",True,1,Yes,0xba6fe2f8b7ea4bb037aadb7d3fa67cbf6b8efcbf,24.52,2026-05-26 17:15:52.049763,97.04,72.52,0.0005,41,0,3,1440
CAMP_0025,MetaProtocol,"We are building MetaProtocol, a community-driven protocol for DeFi users that leverages a staking mechanism to fund public goods. The project is live on Optimism and plans to expand to more networks.",True,1,Yes,0xae71b4945c7cca7f12ba2c90f4f2e3e6e58d386f,25.14,2026-05-27 01:15:52.049763,122.18,97.04,0.0005,41,1,3,1440
CAMP_0025,MetaProtocol,"We are building MetaProtocol, a community-driven protocol for DeFi users that leverages a staking mechanism to fund public goods. The project is live on Optimism and plans to expand to more networks.",True,1,Yes,0xac38e0d5b1fee0f98ca3fd6ee5d3c2f222445b4f,24.46,2026-05-27 01:15:52.049763,146.64,122.18,0.0005,41,0,3,1440
CAMP_0025,MetaProtocol,"We are building MetaProtocol, a community-driven protocol for DeFi users that leverages a staking mechanism to fund public goods. The project is live on Optimism and plans to expand to more networks.",True,1,Yes,0xadcb36b2cd04cc5aef6cbd208d3dc73daf683cfc,25.05,2026-05-27 15:15:52.049763,171.69,146.64,0.0005,41,0,4,1440
CAMP_0025,MetaProtocol,"We are building MetaProtocol, a community-driven protocol for DeFi users that leverages a staking mechanism to fund public goods. The project is live on Optimism and plans to expand to more networks.",True,1,Yes,0xadcb36b2cd04cc5aef6cbd208d3dc73daf683cfc,25.56,2026-05-28 19:15:52.049763,197.25,171.69,0.0005,41,0,4,1440
CAMP_0025,MetaProtocol,"We are building MetaProtocol, a community-driven protocol for DeFi users that leverages a staking mechanism to fund public goods. The project is live on Optimism and plans to expand to more networks.",True,1,Yes,0x3e461eded9afeeb7938aac6fbecfc254eec2f45e,24.38,2026-05-31 10:15:52.049763,221.63,197.25,0.0005,41,1,5,1440
CAMP_0025,MetaProtocol,"We are building MetaProtocol, a community-driven protocol for DeFi users that leverages a staking mechanism to fund public goods. The project is live on Optimism and plans to expand to more networks.",True,1,Yes,0xba6fe2f8b7ea4bb037aadb7d3fa67cbf6b8efcbf,25.36,2026-05-31 18:15:52.049763,246.99,221.63,0.0005,41,0,5,1440
CAMP_0025,MetaProtocol,"We are building MetaProtocol, a community-driven protocol for DeFi users that leverages a staking mechanism to fund public goods. The project is live on Optimism and plans to expand to more networks.",True,1,Yes,0xadcb36b2cd04cc5aef6cbd208d3dc73daf683cfc,25.98,2026-06-02 02:15:52.049763,272.97,246.99,0.0005,41,0,5,1440
CAMP_0025,MetaProtocol,"We are building MetaProtocol, a community-driven protocol for DeFi users that leverages a staking mechanism to fund public goods. The project is live on Optimism and plans to expand to more networks.",True,1,Yes,0xadcb36b2cd04cc5aef6cbd208d3dc73daf683cfc,25.39,2026-06-02 12:15:52.049763,298.36,272.97,0.0005,41,0,5,1440
CAMP_0025,MetaProtocol,"We are building MetaProtocol, a community-driven protocol for DeFi users that leverages a staking mechanism to fund public goods. The project is live on Optimism and plans to expand to more networks.",True,1,Yes,0xadcb36b2cd04cc5aef6cbd208d3dc73daf683cfc,25.07,2026-06-08 19:15:52.049763,323.43,298.36,0.0005,41,0,5,1440
CAMP_0025,MetaProtocol,"We are building MetaProtocol, a community-driven protocol for DeFi users that leverages a staking mechanism to fund public goods. The project is live on Optimism and plans to expand to more networks.",True,1,Yes,0xba6fe2f8b7ea4bb037aadb7d3fa67cbf6b8efcbf,24.51,2026-06-09 10:15:52.049763,347.94,323.43,0.0005,41,0,5,1440
CAMP_0025,MetaProtocol,"We are building MetaProtocol, a community-driven protocol for DeFi users that leverages a staking mechanism to fund public goods. The project is live on Optimism and plans to expand to more networks.",True,1,Yes,0x3e461eded9afeeb7938aac6fbecfc254eec2f45e,25.12,2026-06-10 03:15:52.049763,373.06,347.94,0.0005,41,1,5,1440
CAMP_0025,MetaProtocol,"We are building MetaProtocol, a community-driven protocol for DeFi users that leverages a staking mechanism to fund public goods. The project is live on Optimism and plans to expand to more networks.",True,1,Yes,0xae71b4945c7cca7f12ba2c90f4f2e3e6e58d386f,24.91,2026-06-11 03:15:52.049763,397.97,373.06,0.0005,41,0,5,1440
CAMP_0025,MetaProtocol,"We are building MetaProtocol, a community-driven protocol for DeFi users that leverages a staking mechanism to fund public goods. The project is live on Optimism and plans to expand to more networks.",True,1,Yes,0xba6fe2f8b7ea4bb037aadb7d3fa67cbf6b8efcbf,25.88,2026-06-11 21:15:52.049763,423.85,397.97,0.0005,41,0,5,1440
CAMP_0025,MetaProtocol,"We are building MetaProtocol, a community-driven protocol for DeFi users that leverages a staking mechanism to fund public goods. The project is live on Optimism and plans to expand to more networks.",True,1,Yes,0xba6fe2f8b7ea4bb037aadb7d3fa67cbf6b8efcbf,25.28,2026-06-16 06:15:52.049763,449.13,423.85,0.0005,41,0,5,1440
CAMP_0025,MetaProtocol,"We are building MetaProtocol, a community-driven protocol for DeFi users that leverages a staking mechanism to fund public goods. The project is live on Optimism and plans to expand to more networks.",True,1,Yes,0xae71b4945c7cca7f12ba2c90f4f2e3e6e58d386f,25.89,2026-06-16 15:15:52.049763,475.02,449.13,0.0005,41,0,5,1440
CAMP_0025,MetaProtocol,"We are building MetaProtocol, a community-driven protocol for DeFi users that leverages a staking mechanism to fund public goods. The project is live on Optimism and plans to expand to more networks.",True,1,Yes,0xba6fe2f8b7ea4bb037aadb7d3fa67cbf6b8efcbf,24.1,2026-06-20 02:15:52.049763,499.12,475.02,0.0005,41,0,5,1440
CAMP_0025,MetaProtocol,"We are building MetaProtocol, a community-driven protocol for DeFi users that leverages a staking mechanism to fund public goods. The project is live on Optimism and plans to expand to more networks.",True,1,Yes,0xae71b4945c7cca7f12ba2c90f4f2e3e6e58d386f,25.88,2026-06-22 05:15:52.049763,525.0,499.12,0.0005,41,0,5,1440
CAMP_0025,MetaProtocol,"We are building MetaProtocol, a community-driven protocol for DeFi users that leverages a staking mechanism to fund public goods. The project is live on Optimism and plans to expand to more networks.",True,1,Yes,0xadcb36b2cd04cc5aef6cbd208d3dc73daf683cfc,24.87,2026-06-22 16:15:52.049763,549.87,525.0,0.0005,41,0,5,1440
CAMP_0025,MetaProtocol,"We are building MetaProtocol, a community-driven protocol for DeFi users that leverages a staking mechanism to fund public goods. The project is live on Optimism and plans to expand to more networks.",True,1,Yes,0xadcb36b2cd04cc5aef6cbd208d3dc73daf683cfc,25.99,2026-06-24 01:15:52.049763,575.86,549.87,0.0005,41,0,5,1440
CAMP_0025,MetaProtocol,"We are building MetaProtocol, a community-driven protocol for DeFi users that leverages a staking mechanism to fund public goods. The project is live on Optimism and plans to expand to more networks.",True,1,Yes,0x3e461eded9afeeb7938aac6fbecfc254eec2f45e,24.55,2026-06-24 18:15:52.049763,600.41,575.86,0.0005,41,1,5,1440
CAMP_0025,MetaProtocol,"We are building MetaProtocol, a community-driven protocol for DeFi users that leverages a staking mechanism to fund public goods. The project is live on Optimism and plans to expand to more networks.",True,1,Yes,0xadcb36b2cd04cc5aef6cbd208d3dc73daf683cfc,25.36,2026-06-25 07:15:52.049763,625.77,600.41,0.0005,41,0,5,1440
CAMP_0025,MetaProtocol,"We are building MetaProtocol, a community-driven protocol for DeFi users that leverages a staking mechanism to fund public goods. The project is live on Optimism and plans to expand to more networks.",True,1,Yes,0xac38e0d5b1fee0f98ca3fd6ee5d3c2f222445b4f,24.93,2026-06-25 20:15:52.049763,650.7,625.77,0.0005,41,0,5,1440
CAMP_0025,MetaProtocol,"We are building MetaProtocol, a community-driven protocol for DeFi users that leverages a staking mechanism to fund public goods. The project is live on Optimism and plans to expand to more networks.",True,1,Yes,0xac38e0d5b1fee0f98ca3fd6ee5d3c2f222445b4f,24.72,2026-06-27 15:15:52.049763,675.42,650.7,0.0005,41,0,5,1440
CAMP_0025,MetaProtocol,"We are building MetaProtocol, a community-driven protocol for DeFi users that leverages a staking mechanism to fund public goods. The project is live on Optimism and plans to expand to more networks.",True,1,Yes,0xae71b4945c7cca7f12ba2c90f4f2e3e6e58d386f,25.52,2026-06-28 02:15:52.049763,700.94,675.42,0.0005,41,0,5,1440
CAMP_0025,MetaProtocol,"We are building MetaProtocol, a community-driven protocol for DeFi users that leverages a staking mechanism to fund public goods. The project is live on Optimism and plans to expand to more networks.",True,1,Yes,0xadcb36b2cd04cc5aef6cbd208d3dc73daf683cfc,25.77,2026-07-01 14:15:52.049763,726.71,700.94,0.0005,41,0,5,1440
CAMP_0025,MetaProtocol,"We are building MetaProtocol, a community-driven protocol for DeFi users that leverages a staking mechanism to fund public goods. The project is live on Optimism and plans to expand to more networks.",True,1,Yes,0xae71b4945c7cca7f12ba2c90f4f2e3e6e58d386f,24.45,2026-07-01 19:15:52.049763,751.16,726.71,0.0005,41,0,5,1440
CAMP_0025,MetaProtocol,"We are building MetaProtocol, a community-driven protocol for DeFi users that leverages a staking mechanism to fund public goods. The project is live on Optimism and plans to expand to more networks.",True,1,Yes,0xac38e0d5b1fee0f98ca3fd6ee5d3c2f222445b4f,24.56,2026-07-02 06:15:52.049763,775.72,751.16,0.0005,41,0,5,1440
CAMP_0025,MetaProtocol,"We are building MetaProtocol, a community-driven protocol for DeFi users that leverages a staking mechanism to fund public goods. The project is live on Optimism and plans to expand to more networks.",True,1,Yes,0xba6fe2f8b7ea4bb037aadb7d3fa67cbf6b8efcbf,24.84,2026-07-05 10:15:52.049763,800.56,775.72,0.0005,41,0,5,1440
CAMP_0025,MetaProtocol,"We are building MetaProtocol, a community-driven protocol for DeFi users that leverages a staking mechanism to fund public goods. The project is live on Optimism and plans to expand to more networks.",True,1,Yes,0xae71b4945c7cca7f12ba2c90f4f2e3e6e58d386f,24.9,2026-07-05 12:15:52.049763,825.46,800.56,0.0005,41,0,5,1440
CAMP_0025,MetaProtocol,"We are building MetaProtocol, a community-driven protocol for DeFi users that leverages a staking mechanism to fund public goods. The project is live on Optimism and plans to expand to more networks.",True,1,Yes,0xae71b4945c7cca7f12ba2c90f4f2e3e6e58d386f,24.01,2026-07-09 03:15:52.049763,849.47,825.46,0.0005,41,0,5,1440
CAMP_0025,MetaProtocol,"We are building MetaProtocol, a community-driven protocol for DeFi users that leverages a staking mechanism to fund public goods. The project is live on Optimism and plans to expand to more networks.",True,1,Yes,0xae71b4945c7cca7f12ba2c90f4f2e3e6e58d386f,24.39,2026-07-10 02:15:52.049763,873.86,849.47,0.0005,41,0,5,1440
CAMP_0025,MetaProtocol,"We are building MetaProtocol, a community-driven protocol for DeFi users that leverages a staking mechanism to fund public goods. The project is live on Optimism and plans to expand to more networks.",True,1,Yes,0xadcb36b2cd04cc5aef6cbd208d3dc73daf683cfc,24.16,2026-07-10 12:15:52.049763,898.02,873.86,0.0005,41,0,5,1440
CAMP_0025,MetaProtocol,"We are building MetaProtocol, a community-driven protocol for DeFi users that leverages a staking mechanism to fund public goods. The project is live on Optimism and plans to expand to more networks.",True,1,Yes,0xba6fe2f8b7ea4bb037aadb7d3fa67cbf6b8efcbf,25.14,2026-07-12 07:15:52.049763,923.16,898.02,0.0005,41,0,5,1440
CAMP_0025,MetaProtocol,"We are building MetaProtocol, a community-driven protocol for DeFi users that leverages a staking mechanism to fund public goods. The project is live on Optimism and plans to expand to more networks.",True,1,Yes,0xac38e0d5b1fee0f98ca3fd6ee5d3c2f222445b4f,24.05,2026-07-13 10:15:52.049763,947.21,923.16,0.0005,41,0,5,1440
CAMP_0025,MetaProtocol,"We are building MetaProtocol, a community-driven protocol for DeFi users that leverages a staking mechanism to fund public goods. The project is live on Optimism and plans to expand to more networks.",True,1,Yes,0xba6fe2f8b7ea4bb037aadb7d3fa67cbf6b8efcbf,25.47,2026-07-16 22:15:52.049763,972.68,947.21,0.0005,41,0,5,1440
CAMP_0025,MetaProtocol,"We are building MetaProtocol, a community-driven protocol for DeFi users that leverages a staking mechanism to fund public goods. The project is live on Optimism and plans to expand to more networks.",True,1,Yes,0xadcb36b2cd04cc5aef6cbd208d3dc73daf683cfc,25.96,2026-07-21 03:15:52.049763,998.64,972.68,0.0005,41,0,5,1440
CAMP_0025,MetaProtocol,"We are building MetaProtocol, a community-driven protocol for DeFi users that leverages a staking mechanism to fund public goods. The project is live on Optimism and plans to expand to more networks.",True,1,Yes,0xac38e0d5b1fee0f98ca3fd6ee5d3c2f222445b4f,24.85,2026-07-22 10:15:52.049763,1023.49,998.64,0.0005,41,0,5,1440
CAMP_0026,ProtoProtocol,ProtoProtocol is a community-driven initiative that helps content creators trade NFTs securely using blockchain technology. Our on-chain reputation scoring ensures greater financial inclusion for all participants.,False,1,No,0xd6b4ee7149cdaef2a47cf6bf133ff2d4e8abf29e,49.15,2026-07-08 18:15:52.050312,49.15,0.0,0.0019,39,1,1,336
CAMP_0026,ProtoProtocol,ProtoProtocol is a community-driven initiative that helps content creators trade NFTs securely using blockchain technology. Our on-chain reputation scoring ensures greater financial inclusion for all participants.,False,1,No,0xfcf2dadca941eac81d13c6f2adb4b99cf6ddae44,40.94,2026-07-09 14:15:52.050312,90.09,49.15,0.0019,39,1,2,336
CAMP_0026,ProtoProtocol,ProtoProtocol is a community-driven initiative that helps content creators trade NFTs securely using blockchain technology. Our on-chain reputation scoring ensures greater financial inclusion for all participants.,False,1,No,0xf1561526d8845eed3a38fecfcb50654ed6e8ea55,7.21,2026-07-10 00:15:52.050312,97.3,90.09,0.0019,39,0,3,336
CAMP_0026,ProtoProtocol,ProtoProtocol is a community-driven initiative that helps content creators trade NFTs securely using blockchain technology. Our on-chain reputation scoring ensures greater financial inclusion for all participants.,False,1,No,0xfcbfb6cc8f1bad977ce502df4ce3b7eaad86d33b,30.91,2026-07-10 11:15:52.050312,128.21,97.3,0.0019,39,0,4,336
CAMP_0026,ProtoProtocol,ProtoProtocol is a community-driven initiative that helps content creators trade NFTs securely using blockchain technology. Our on-chain reputation scoring ensures greater financial inclusion for all participants.,False,1,No,0xd6b4ee7149cdaef2a47cf6bf133ff2d4e8abf29e,39.18,2026-07-10 13:15:52.050312,167.39,128.21,0.0019,39,0,4,336
CAMP_0026,ProtoProtocol,ProtoProtocol is a community-driven initiative that helps content creators trade NFTs securely using blockchain technology. Our on-chain reputation scoring ensures greater financial inclusion for all participants.,False,1,No,0xaddb7b9ac6f6b4fbd7f60fdcc8ddaf609a59e462,15.6,2026-07-11 16:15:52.050312,182.99,167.39,0.0019,39,0,5,336
CAMP_0026,ProtoProtocol,ProtoProtocol is a community-driven initiative that helps content creators trade NFTs securely using blockchain technology. Our on-chain reputation scoring ensures greater financial inclusion for all participants.,False,1,No,0xf0eef9ec752e8baac47f3cec022946402eeceef2,9.84,2026-07-12 19:15:52.050312,192.83,182.99,0.0019,39,0,6,336
CAMP_0026,ProtoProtocol,ProtoProtocol is a community-driven initiative that helps content creators trade NFTs securely using blockchain technology. Our on-chain reputation scoring ensures greater financial inclusion for all participants.,False,1,No,0x2fccefe50aaee3cda277ec7f6ebca67f8bfeb947,4.32,2026-07-13 01:15:52.050312,197.15,192.83,0.0019,39,0,7,336
CAMP_0026,ProtoProtocol,ProtoProtocol is a community-driven initiative that helps content creators trade NFTs securely using blockchain technology. Our on-chain reputation scoring ensures greater financial inclusion for all participants.,False,1,No,0xed40361c68ae2b4d895a451ae17bfcccc9bdada1,2.5,2026-07-13 09:15:52.050312,199.65,197.15,0.0019,39,0,8,336
CAMP_0026,ProtoProtocol,ProtoProtocol is a community-driven initiative that helps content creators trade NFTs securely using blockchain technology. Our on-chain reputation scoring ensures greater financial inclusion for all participants.,False,1,No,0x0c0b6f0bebe2234bb5888cf4fceca28c103a9bcc,1.94,2026-07-14 02:15:52.050312,201.59,199.65,0.0019,39,0,9,336
CAMP_0026,ProtoProtocol,ProtoProtocol is a community-driven initiative that helps content creators trade NFTs securely using blockchain technology. Our on-chain reputation scoring ensures greater financial inclusion for all participants.,False,1,No,0x374db1fbaff2e5be1f4cb7cc3dbfe0fecc4fda6a,40.26,2026-07-14 04:15:52.050312,241.85,201.59,0.0019,39,0,10,336
CAMP_0026,ProtoProtocol,ProtoProtocol is a community-driven initiative that helps content creators trade NFTs securely using blockchain technology. Our on-chain reputation scoring ensures greater financial inclusion for all participants.,False,1,No,0x7ee8b6ec8b90d4be3fb01ebd92bffbeea3a711bc,23.98,2026-07-14 05:15:52.050312,265.83,241.85,0.0019,39,0,11,336
CAMP_0026,ProtoProtocol,ProtoProtocol is a community-driven initiative that helps content creators trade NFTs securely using blockchain technology. Our on-chain reputation scoring ensures greater financial inclusion for all participants.,False,1,No,0x9579929e83e1c22abccc727eadffd7c4e42c8acb,11.24,2026-07-14 06:15:52.050312,277.07,265.83,0.0019,39,0,12,336
CAMP_0026,ProtoProtocol,ProtoProtocol is a community-driven initiative that helps content creators trade NFTs securely using blockchain technology. Our on-chain reputation scoring ensures greater financial inclusion for all participants.,False,1,No,0x66cfa3b7cba74fc5b0afb8ecfa0bcdd9baf9e3af,13.49,2026-07-14 14:15:52.050312,290.56,277.07,0.0019,39,0,13,336
CAMP_0026,ProtoProtocol,ProtoProtocol is a community-driven initiative that helps content creators trade NFTs securely using blockchain technology. Our on-chain reputation scoring ensures greater financial inclusion for all participants.,False,1,No,0x9cbe4f58e66a1aff145edd83cfdfe0b6ee222c5d,25.86,2026-07-14 15:15:52.050312,316.42,290.56,0.0019,39,0,14,336
CAMP_0026,ProtoProtocol,ProtoProtocol is a community-driven initiative that helps content creators trade NFTs securely using blockchain technology. Our on-chain reputation scoring ensures greater financial inclusion for all participants.,False,1,No,0xada4ce9f2fd53cc2fea2cafb6cf5c8ebdd6b9ebc,16.49,2026-07-15 02:15:52.050312,332.91,316.42,0.0019,39,0,15,336
CAMP_0026,ProtoProtocol,ProtoProtocol is a community-driven initiative that helps content creators trade NFTs securely using blockchain technology. Our on-chain reputation scoring ensures greater financial inclusion for all participants.,False,1,No,0xbf2e57e8ccf1e3ccd1a5f14e85ab9c92ae29c01d,4.02,2026-07-15 06:15:52.050312,336.93,332.91,0.0019,39,0,16,336
CAMP_0026,ProtoProtocol,ProtoProtocol is a community-driven initiative that helps content creators trade NFTs securely using blockchain technology. Our on-chain reputation scoring ensures greater financial inclusion for all participants.,False,1,No,0xed40361c68ae2b4d895a451ae17bfcccc9bdada1,60.08,2026-07-15 11:15:52.050312,397.01,336.93,0.0019,39,0,16,336
CAMP_0026,ProtoProtocol,ProtoProtocol is a community-driven initiative that helps content creators trade NFTs securely using blockchain technology. Our on-chain reputation scoring ensures greater financial inclusion for all participants.,False,1,No,0x4aa6ab8becbd3b93eefaa74a1804d7aa1f7fbcc5,28.93,2026-07-15 23:15:52.050312,425.94,397.01,0.0019,39,0,17,336
CAMP_0026,ProtoProtocol,ProtoProtocol is a community-driven initiative that helps content creators trade NFTs securely using blockchain technology. Our on-chain reputation scoring ensures greater financial inclusion for all participants.,False,1,No,0x0c0b6f0bebe2234bb5888cf4fceca28c103a9bcc,27.63,2026-07-16 08:15:52.050312,453.57,425.94,0.0019,39,0,17,336
CAMP_0026,ProtoProtocol,ProtoProtocol is a community-driven initiative that helps content creators trade NFTs securely using blockchain technology. Our on-chain reputation scoring ensures greater financial inclusion for all participants.,False,1,No,0xbf2e57e8ccf1e3ccd1a5f14e85ab9c92ae29c01d,54.88,2026-07-17 05:15:52.050312,508.45,453.57,0.0019,39,0,17,336
CAMP_0026,ProtoProtocol,ProtoProtocol is a community-driven initiative that helps content creators trade NFTs securely using blockchain technology. Our on-chain reputation scoring ensures greater financial inclusion for all participants.,False,1,No,0xd63adbbdeefef5980fc4f4bbdebccd3225ba4e71,7.57,2026-07-17 11:15:52.050312,516.02,508.45,0.0019,39,0,18,336
CAMP_0026,ProtoProtocol,ProtoProtocol is a community-driven initiative that helps content creators trade NFTs securely using blockchain technology. Our on-chain reputation scoring ensures greater financial inclusion for all participants.,False,1,No,0x7feccc86fad01defa92dd9fd1b683bcb31dd5e3a,86.18,2026-07-17 14:15:52.050312,602.2,516.02,0.0019,39,0,19,336
CAMP_0026,ProtoProtocol,ProtoProtocol is a community-driven initiative that helps content creators trade NFTs securely using blockchain technology. Our on-chain reputation scoring ensures greater financial inclusion for all participants.,False,1,No,0x6523fcf0c7257be5f089a5ab30cf2c8dec5b01d9,16.98,2026-07-17 17:15:52.050312,619.18,602.2,0.0019,39,0,20,336
CAMP_0026,ProtoProtocol,ProtoProtocol is a community-driven initiative that helps content creators trade NFTs securely using blockchain technology. Our on-chain reputation scoring ensures greater financial inclusion for all participants.,False,1,No,0xd4d67efefbf727ace9ac6cbb03e4a365cf6a0b2d,58.34,2026-07-17 22:15:52.050312,677.52,619.18,0.0019,39,0,21,336
CAMP_0026,ProtoProtocol,ProtoProtocol is a community-driven initiative that helps content creators trade NFTs securely using blockchain technology. Our on-chain reputation scoring ensures greater financial inclusion for all participants.,False,1,No,0xf0afbbcfc3ddc3e0e2063f9beda1347eb63e77af,48.49,2026-07-18 02:15:52.050312,726.01,677.52,0.0019,39,0,22,336
CAMP_0026,ProtoProtocol,ProtoProtocol is a community-driven initiative that helps content creators trade NFTs securely using blockchain technology. Our on-chain reputation scoring ensures greater financial inclusion for all participants.,False,1,No,0xbebe1da1d6f26fadbd6fb279e61d5ee97e7dfc96,5.77,2026-07-19 01:15:52.050312,731.78,726.01,0.0019,39,0,23,336
CAMP_0026,ProtoProtocol,ProtoProtocol is a community-driven initiative that helps content creators trade NFTs securely using blockchain technology. Our on-chain reputation scoring ensures greater financial inclusion for all participants.,False,1,No,0xdfbdbed2a3ffb29f9fdc5ee18876adbdb993caee,36.73,2026-07-19 02:15:52.050312,768.51,731.78,0.0019,39,0,24,336
CAMP_0026,ProtoProtocol,ProtoProtocol is a community-driven initiative that helps content creators trade NFTs securely using blockchain technology. Our on-chain reputation scoring ensures greater financial inclusion for all participants.,False,1,No,0xb3e8ecb8db7daadb331e447f25bfaa43c00c3d0c,29.71,2026-07-19 04:15:52.050312,798.22,768.51,0.0019,39,0,25,336
CAMP_0026,ProtoProtocol,ProtoProtocol is a community-driven initiative that helps content creators trade NFTs securely using blockchain technology. Our on-chain reputation scoring ensures greater financial inclusion for all participants.,False,1,No,0x7feccc86fad01defa92dd9fd1b683bcb31dd5e3a,20.83,2026-07-19 07:15:52.050312,819.05,798.22,0.0019,39,0,25,336
CAMP_0026,ProtoProtocol,ProtoProtocol is a community-driven initiative that helps content creators trade NFTs securely using blockchain technology. Our on-chain reputation scoring ensures greater financial inclusion for all participants.,False,1,No,0x619ba2dd0b539d59e1f1bbfc8adf50b7adaa70cb,17.93,2026-07-19 07:15:52.050312,836.98,819.05,0.0019,39,0,26,336
CAMP_0026,ProtoProtocol,ProtoProtocol is a community-driven initiative that helps content creators trade NFTs securely using blockchain technology. Our on-chain reputation scoring ensures greater financial inclusion for all participants.,False,1,No,0x9d1b3c9f2bef2993cf4a5fdbf2297b8bbe88aece,18.12,2026-07-19 12:15:52.050312,855.1,836.98,0.0019,39,0,27,336
CAMP_0026,ProtoProtocol,ProtoProtocol is a community-driven initiative that helps content creators trade NFTs securely using blockchain technology. Our on-chain reputation scoring ensures greater financial inclusion for all participants.,False,1,No,0x1dd8f804807c4ed5f728c3c66ad7df7d74ee85f2,53.26,2026-07-19 15:15:52.050312,908.36,855.1,0.0019,39,0,28,336
CAMP_0026,ProtoProtocol,ProtoProtocol is a community-driven initiative that helps content creators trade NFTs securely using blockchain technology. Our on-chain reputation scoring ensures greater financial inclusion for all participants.,False,1,No,0xdfbd0a7ebdb5b2dc4ba6b5047df6e8fbe2f3f529,40.18,2026-07-19 23:15:52.050312,948.54,908.36,0.0019,39,0,29,336
CAMP_0026,ProtoProtocol,ProtoProtocol is a community-driven initiative that helps content creators trade NFTs securely using blockchain technology. Our on-chain reputation scoring ensures greater financial inclusion for all participants.,False,1,No,0xdd4afcad7f0ef2fa5d4ecb8b75ba2face89c435e,20.83,2026-07-20 14:15:52.050312,969.37,948.54,0.0019,39,0,30,336
CAMP_0026,ProtoProtocol,ProtoProtocol is a community-driven initiative that helps content creators trade NFTs securely using blockchain technology. Our on-chain reputation scoring ensures greater financial inclusion for all participants.,False,1,No,0x2b35afa17a3ef6fcfe3506254c0678b36e8a3a70,3.35,2026-07-21 12:15:52.050312,972.72,969.37,0.0019,39,0,31,336
CAMP_0026,ProtoProtocol,ProtoProtocol is a community-driven initiative that helps content creators trade NFTs securely using blockchain technology. Our on-chain reputation scoring ensures greater financial inclusion for all participants.,False,1,No,0xc869054a9c2ada76c3dcc3b5d110b0c8cdcbfab8,36.36,2026-07-21 18:15:52.050312,1009.08,972.72,0.0019,39,0,32,336
CAMP_0026,ProtoProtocol,ProtoProtocol is a community-driven initiative that helps content creators trade NFTs securely using blockchain technology. Our on-chain reputation scoring ensures greater financial inclusion for all participants.,False,1,No,0xc5cb86773b2bd7acb534dae3baaa9ecdddd31966,47.86,2026-07-21 22:15:52.050312,1056.94,1009.08,0.0019,39,0,33,336
CAMP_0026,ProtoProtocol,ProtoProtocol is a community-driven initiative that helps content creators trade NFTs securely using blockchain technology. Our on-chain reputation scoring ensures greater financial inclusion for all participants.,False,1,No,0x94adb31bd7cae4405ac19d4fa5e0aa293fb15cab,317.5,2026-07-22 03:15:52.050312,1374.44,1056.94,0.0019,39,0,34,336
CAMP_0027,VaultHub,VaultHub is a community-driven initiative that helps NFT collectors fund public goods using blockchain technology. Our liquidity pooling ensures greater financial inclusion for all participants.,True,2,No,0xc2edcfdf5aeee69da731b871f59aed3a3a4eef21,73.0,2026-07-08 13:15:52.050880,73.0,0.0,0.0019,39,1,1,336
CAMP_0027,VaultHub,VaultHub is a community-driven initiative that helps NFT collectors fund public goods using blockchain technology. Our liquidity pooling ensures greater financial inclusion for all participants.,True,2,No,0x2aee8ff0def4ce3a5f3d1fed95515208afda8c2a,43.0,2026-07-08 20:15:52.050880,116.0,73.0,0.0019,39,0,2,336
CAMP_0027,VaultHub,VaultHub is a community-driven initiative that helps NFT collectors fund public goods using blockchain technology. Our liquidity pooling ensures greater financial inclusion for all participants.,True,2,No,0xc59d3eee5fdcbea9cbbb0ebace7f8df1bf1aae30,35.53,2026-07-08 22:15:52.050880,151.53,116.0,0.0019,39,1,3,336
CAMP_0027,VaultHub,VaultHub is a community-driven initiative that helps NFT collectors fund public goods using blockchain technology. Our liquidity pooling ensures greater financial inclusion for all participants.,True,2,No,0x20dbe6ad79eb34c43bccefac612fa72e2dd69d6c,26.52,2026-07-08 23:15:52.050880,178.05,151.53,0.0019,39,0,4,336
CAMP_0027,VaultHub,VaultHub is a community-driven initiative that helps NFT collectors fund public goods using blockchain technology. Our liquidity pooling ensures greater financial inclusion for all participants.,True,2,No,0xec58216ebfdbcffcaafaac021dfe56fb0c52ec1e,1.0,2026-07-09 00:15:52.050880,179.05,178.05,0.0019,39,0,5,336
CAMP_0027,VaultHub,VaultHub is a community-driven initiative that helps NFT collectors fund public goods using blockchain technology. Our liquidity pooling ensures greater financial inclusion for all participants.,True,2,No,0xb5a1ff2edbf8f122c1c9f556bfa6514bc33a8bf4,14.22,2026-07-09 05:15:52.050880,193.27,179.05,0.0019,39,0,6,336
CAMP_0027,VaultHub,VaultHub is a community-driven initiative that helps NFT collectors fund public goods using blockchain technology. Our liquidity pooling ensures greater financial inclusion for all participants.,True,2,No,0x1b691c1dcdbacbd9be7a312d7fb3599b38687dbe,6.49,2026-07-09 06:15:52.050880,199.76,193.27,0.0019,39,0,7,336
CAMP_0027,VaultHub,VaultHub is a community-driven initiative that helps NFT collectors fund public goods using blockchain technology. Our liquidity pooling ensures greater financial inclusion for all participants.,True,2,No,0x374db1fbaff2e5be1f4cb7cc3dbfe0fecc4fda6a,85.87,2026-07-09 09:15:52.050880,285.63,199.76,0.0019,39,0,8,336
CAMP_0027,VaultHub,VaultHub is a community-driven initiative that helps NFT collectors fund public goods using blockchain technology. Our liquidity pooling ensures greater financial inclusion for all participants.,True,2,No,0xc0cf6cce30738c5b28eafb3cfcdd6ac11a7b9dd4,42.22,2026-07-09 16:15:52.050880,327.85,285.63,0.0019,39,0,9,336
CAMP_0027,VaultHub,VaultHub is a community-driven initiative that helps NFT collectors fund public goods using blockchain technology. Our liquidity pooling ensures greater financial inclusion for all participants.,True,2,No,0x9d1b3c9f2bef2993cf4a5fdbf2297b8bbe88aece,11.59,2026-07-10 16:15:52.050880,339.44,327.85,0.0019,39,0,10,336
CAMP_0027,VaultHub,VaultHub is a community-driven initiative that helps NFT collectors fund public goods using blockchain technology. Our liquidity pooling ensures greater financial inclusion for all participants.,True,2,No,0x9afa1efda7a580a86dadbdbb9c0fb8acbd1686ca,13.08,2026-07-11 04:15:52.050880,352.52,339.44,0.0019,39,0,11,336
CAMP_0027,VaultHub,VaultHub is a community-driven initiative that helps NFT collectors fund public goods using blockchain technology. Our liquidity pooling ensures greater financial inclusion for all participants.,True,2,No,0xdfc3836a199a155dd426e7db77bcf27e46ff6fac,12.52,2026-07-11 10:15:52.050880,365.04,352.52,0.0019,39,0,12,336
CAMP_0027,VaultHub,VaultHub is a community-driven initiative that helps NFT collectors fund public goods using blockchain technology. Our liquidity pooling ensures greater financial inclusion for all participants.,True,2,No,0xbf6d12264fb9384dfefca3691703bfbaf9ca10a6,12.25,2026-07-11 13:15:52.050880,377.29,365.04,0.0019,39,0,13,336
CAMP_0027,VaultHub,VaultHub is a community-driven initiative that helps NFT collectors fund public goods using blockchain technology. Our liquidity pooling ensures greater financial inclusion for all participants.,True,2,No,0x3d3f96a9d224d5acb0d5ca91d5cdcc13e0cec6e1,3.55,2026-07-12 00:15:52.050880,380.84,377.29,0.0019,39,0,14,336
CAMP_0027,VaultHub,VaultHub is a community-driven initiative that helps NFT collectors fund public goods using blockchain technology. Our liquidity pooling ensures greater financial inclusion for all participants.,True,2,No,0xf1561526d8845eed3a38fecfcb50654ed6e8ea55,2.74,2026-07-12 04:15:52.050880,383.58,380.84,0.0019,39,0,15,336
CAMP_0027,VaultHub,VaultHub is a community-driven initiative that helps NFT collectors fund public goods using blockchain technology. Our liquidity pooling ensures greater financial inclusion for all participants.,True,2,No,0xf1561526d8845eed3a38fecfcb50654ed6e8ea55,20.8,2026-07-12 18:15:52.050880,404.38,383.58,0.0019,39,0,15,336
CAMP_0027,VaultHub,VaultHub is a community-driven initiative that helps NFT collectors fund public goods using blockchain technology. Our liquidity pooling ensures greater financial inclusion for all participants.,True,2,No,0x0c0b6f0bebe2234bb5888cf4fceca28c103a9bcc,72.99,2026-07-12 22:15:52.050880,477.37,404.38,0.0019,39,0,16,336
CAMP_0027,VaultHub,VaultHub is a community-driven initiative that helps NFT collectors fund public goods using blockchain technology. Our liquidity pooling ensures greater financial inclusion for all participants.,True,2,No,0x1dd8f804807c4ed5f728c3c66ad7df7d74ee85f2,10.54,2026-07-13 01:15:52.050880,487.91,477.37,0.0019,39,1,17,336
CAMP_0027,VaultHub,VaultHub is a community-driven initiative that helps NFT collectors fund public goods using blockchain technology. Our liquidity pooling ensures greater financial inclusion for all participants.,True,2,No,0x7feccc86fad01defa92dd9fd1b683bcb31dd5e3a,28.91,2026-07-13 02:15:52.050880,516.82,487.91,0.0019,39,0,18,336
CAMP_0027,VaultHub,VaultHub is a community-driven initiative that helps NFT collectors fund public goods using blockchain technology. Our liquidity pooling ensures greater financial inclusion for all participants.,True,2,No,0x01bbdb9f1bd66b4bb8dce1fac1199d6aa2ff3ebb,48.48,2026-07-13 08:15:52.050880,565.3,516.82,0.0019,39,0,19,336
CAMP_0027,VaultHub,VaultHub is a community-driven initiative that helps NFT collectors fund public goods using blockchain technology. Our liquidity pooling ensures greater financial inclusion for all participants.,True,2,No,0xc558d90ebedacf1e2b61a98eab38bcf3eeba8ecc,6.1,2026-07-13 11:15:52.050880,571.4,565.3,0.0019,39,0,20,336
CAMP_0027,VaultHub,VaultHub is a community-driven initiative that helps NFT collectors fund public goods using blockchain technology. Our liquidity pooling ensures greater financial inclusion for all participants.,True,2,No,0xc2edcfdf5aeee69da731b871f59aed3a3a4eef21,19.61,2026-07-13 18:15:52.050880,591.01,571.4,0.0019,39,0,20,336
CAMP_0027,VaultHub,VaultHub is a community-driven initiative that helps NFT collectors fund public goods using blockchain technology. Our liquidity pooling ensures greater financial inclusion for all participants.,True,2,No,0x0c0b6f0bebe2234bb5888cf4fceca28c103a9bcc,9.03,2026-07-13 19:15:52.050880,600.04,591.01,0.0019,39,0,20,336
CAMP_0027,VaultHub,VaultHub is a community-driven initiative that helps NFT collectors fund public goods using blockchain technology. Our liquidity pooling ensures greater financial inclusion for all participants.,True,2,No,0x2b35afa17a3ef6fcfe3506254c0678b36e8a3a70,138.01,2026-07-14 02:15:52.050880,738.05,600.04,0.0019,39,0,21,336
CAMP_0027,VaultHub,VaultHub is a community-driven initiative that helps NFT collectors fund public goods using blockchain technology. Our liquidity pooling ensures greater financial inclusion for all participants.,True,2,No,0x96eae08d0643570a38fbcb1c00ecccf9207bdce1,130.97,2026-07-14 10:15:52.050880,869.02,738.05,0.0019,39,0,22,336
CAMP_0027,VaultHub,VaultHub is a community-driven initiative that helps NFT collectors fund public goods using blockchain technology. Our liquidity pooling ensures greater financial inclusion for all participants.,True,2,No,0xba6fe2f8b7ea4bb037aadb7d3fa67cbf6b8efcbf,6.11,2026-07-16 04:15:52.050880,875.13,869.02,0.0019,39,0,23,336
CAMP_0027,VaultHub,VaultHub is a community-driven initiative that helps NFT collectors fund public goods using blockchain technology. Our liquidity pooling ensures greater financial inclusion for all participants.,True,2,No,0x12e6fedd7c37ff8de68bbecafbe97734ea431c2a,31.91,2026-07-16 09:15:52.050880,907.04,875.13,0.0019,39,0,24,336
CAMP_0027,VaultHub,VaultHub is a community-driven initiative that helps NFT collectors fund public goods using blockchain technology. Our liquidity pooling ensures greater financial inclusion for all participants.,True,2,No,0xcd16ffbac1fe9e7dbe4f9e12337f7edc5dc26bb3,72.32,2026-07-17 03:15:52.050880,979.36,907.04,0.0019,39,0,25,336
CAMP_0027,VaultHub,VaultHub is a community-driven initiative that helps NFT collectors fund public goods using blockchain technology. Our liquidity pooling ensures greater financial inclusion for all participants.,True,2,No,0xabaabb2be0bdbaf1a8fae11d16dc7fb9d2fceaf4,55.59,2026-07-17 13:15:52.050880,1034.95,979.36,0.0019,39,0,26,336
CAMP_0027,VaultHub,VaultHub is a community-driven initiative that helps NFT collectors fund public goods using blockchain technology. Our liquidity pooling ensures greater financial inclusion for all participants.,True,2,No,0xbbe90ab4eabb3dcee2fafb0efd1a1be6c6d74679,22.15,2026-07-17 18:15:52.050880,1057.1,1034.95,0.0019,39,0,27,336
CAMP_0027,VaultHub,VaultHub is a community-driven initiative that helps NFT collectors fund public goods using blockchain technology. Our liquidity pooling ensures greater financial inclusion for all participants.,True,2,No,0x3bafdb1ba6040ebfb5a47bd728dad8faaebbf1dc,96.34,2026-07-17 23:15:52.050880,1153.44,1057.1,0.0019,39,0,28,336
CAMP_0027,VaultHub,VaultHub is a community-driven initiative that helps NFT collectors fund public goods using blockchain technology. Our liquidity pooling ensures greater financial inclusion for all participants.,True,2,No,0x96eae08d0643570a38fbcb1c00ecccf9207bdce1,6.78,2026-07-18 01:15:52.050880,1160.22,1153.44,0.0019,39,0,28,336
CAMP_0027,VaultHub,VaultHub is a community-driven initiative that helps NFT collectors fund public goods using blockchain technology. Our liquidity pooling ensures greater financial inclusion for all participants.,True,2,No,0xabaabb2be0bdbaf1a8fae11d16dc7fb9d2fceaf4,13.96,2026-07-18 04:15:52.050880,1174.18,1160.22,0.0019,39,0,28,336
CAMP_0027,VaultHub,VaultHub is a community-driven initiative that helps NFT collectors fund public goods using blockchain technology. Our liquidity pooling ensures greater financial inclusion for all participants.,True,2,No,0xcd16ffbac1fe9e7dbe4f9e12337f7edc5dc26bb3,7.01,2026-07-19 07:15:52.050880,1181.19,1174.18,0.0019,39,0,28,336
CAMP_0027,VaultHub,VaultHub is a community-driven initiative that helps NFT collectors fund public goods using blockchain technology. Our liquidity pooling ensures greater financial inclusion for all participants.,True,2,No,0x1faafeab24f6cab9a7f55242ba44affb624530b6,51.37,2026-07-20 03:15:52.050880,1232.56,1181.19,0.0019,39,0,29,336
CAMP_0027,VaultHub,VaultHub is a community-driven initiative that helps NFT collectors fund public goods using blockchain technology. Our liquidity pooling ensures greater financial inclusion for all participants.,True,2,No,0x93edfdb3ace268819c62f6bbfd2adfafef6d6bf7,9.98,2026-07-20 17:15:52.050880,1242.54,1232.56,0.0019,39,0,30,336
CAMP_0027,VaultHub,VaultHub is a community-driven initiative that helps NFT collectors fund public goods using blockchain technology. Our liquidity pooling ensures greater financial inclusion for all participants.,True,2,No,0x66cfa3b7cba74fc5b0afb8ecfa0bcdd9baf9e3af,16.35,2026-07-21 00:15:52.050880,1258.89,1242.54,0.0019,39,0,31,336
CAMP_0027,VaultHub,VaultHub is a community-driven initiative that helps NFT collectors fund public goods using blockchain technology. Our liquidity pooling ensures greater financial inclusion for all participants.,True,2,No,0xb3e8ecb8db7daadb331e447f25bfaa43c00c3d0c,42.15,2026-07-21 12:15:52.050880,1301.04,1258.89,0.0019,39,0,32,336
CAMP_0027,VaultHub,VaultHub is a community-driven initiative that helps NFT collectors fund public goods using blockchain technology. Our liquidity pooling ensures greater financial inclusion for all participants.,True,2,No,0xf1e9abd93bc974dcc5b9c8fcf2af3affba1d1aaf,46.43,2026-07-21 18:15:52.050880,1347.47,1301.04,0.0019,39,0,33,336
CAMP_0028,MetaFinance,"We are building MetaFinance, a user-friendly protocol for NFT collectors that leverages liquidity pooling to access decentralized finance. The project is live on Optimism and plans to expand to more networks.",False,3,No,0xcfcde0ec53f670dc83d0a4978fbc113de5ea96a2,47.54,2026-07-10 09:15:52.051554,47.54,0.0,0.0008,17,1,1,336
CAMP_0028,MetaFinance,"We are building MetaFinance, a user-friendly protocol for NFT collectors that leverages liquidity pooling to access decentralized finance. The project is live on Optimism and plans to expand to more networks.",False,3,No,0xdfc3836a199a155dd426e7db77bcf27e46ff6fac,150.0,2026-07-10 09:15:52.051554,197.54,47.54,0.0008,17,1,2,336
CAMP_0028,MetaFinance,"We are building MetaFinance, a user-friendly protocol for NFT collectors that leverages liquidity pooling to access decentralized finance. The project is live on Optimism and plans to expand to more networks.",False,3,No,0xdfc3836a199a155dd426e7db77bcf27e46ff6fac,150.77,2026-07-10 23:15:52.051554,348.31,197.54,0.0008,17,1,2,336
CAMP_0028,MetaFinance,"We are building MetaFinance, a user-friendly protocol for NFT collectors that leverages liquidity pooling to access decentralized finance. The project is live on Optimism and plans to expand to more networks.",False,3,No,0xcca9ef2ab1ecabe3ca28ddb8fea6ff929fa6fcfe,48.51,2026-07-11 13:15:52.051554,396.82,348.31,0.0008,17,0,3,336
CAMP_0028,MetaFinance,"We are building MetaFinance, a user-friendly protocol for NFT collectors that leverages liquidity pooling to access decentralized finance. The project is live on Optimism and plans to expand to more networks.",False,3,No,0x2b35afa17a3ef6fcfe3506254c0678b36e8a3a70,9.97,2026-07-11 16:15:52.051554,406.79,396.82,0.0008,17,0,4,336
CAMP_0028,MetaFinance,"We are building MetaFinance, a user-friendly protocol for NFT collectors that leverages liquidity pooling to access decentralized finance. The project is live on Optimism and plans to expand to more networks.",False,3,No,0x3bafdb1ba6040ebfb5a47bd728dad8faaebbf1dc,4.22,2026-07-12 04:15:52.051554,411.01,406.79,0.0008,17,0,5,336
CAMP_0028,MetaFinance,"We are building MetaFinance, a user-friendly protocol for NFT collectors that leverages liquidity pooling to access decentralized finance. The project is live on Optimism and plans to expand to more networks.",False,3,No,0x9cbe4f58e66a1aff145edd83cfdfe0b6ee222c5d,3.74,2026-07-13 08:15:52.051554,414.75,411.01,0.0008,17,0,6,336
CAMP_0028,MetaFinance,"We are building MetaFinance, a user-friendly protocol for NFT collectors that leverages liquidity pooling to access decentralized finance. The project is live on Optimism and plans to expand to more networks.",False,3,No,0x57f3371edeac7b6441b9b244774abfcf0e9dddff,1.0,2026-07-13 14:15:52.051554,415.75,414.75,0.0008,17,0,7,336
CAMP_0028,MetaFinance,"We are building MetaFinance, a user-friendly protocol for NFT collectors that leverages liquidity pooling to access decentralized finance. The project is live on Optimism and plans to expand to more networks.",False,3,No,0xcfcde0ec53f670dc83d0a4978fbc113de5ea96a2,46.18,2026-07-14 03:15:52.051554,461.93,415.75,0.0008,17,1,7,336
CAMP_0028,MetaFinance,"We are building MetaFinance, a user-friendly protocol for NFT collectors that leverages liquidity pooling to access decentralized finance. The project is live on Optimism and plans to expand to more networks.",False,3,No,0xee590ba0eed05b6fe9875aec82bec8ed621fec5f,17.75,2026-07-14 14:15:52.051554,479.68,461.93,0.0008,17,0,8,336
CAMP_0028,MetaFinance,"We are building MetaFinance, a user-friendly protocol for NFT collectors that leverages liquidity pooling to access decentralized finance. The project is live on Optimism and plans to expand to more networks.",False,3,No,0x0ce036bd1e085ced0de58f26db4bae05b78377d5,59.8,2026-07-15 03:15:52.051554,539.48,479.68,0.0008,17,0,9,336
CAMP_0028,MetaFinance,"We are building MetaFinance, a user-friendly protocol for NFT collectors that leverages liquidity pooling to access decentralized finance. The project is live on Optimism and plans to expand to more networks.",False,3,No,0x4006ebbc576ef2b9ad0420df1a854d1b6ba7de76,111.46,2026-07-16 16:15:52.051554,650.94,539.48,0.0008,17,0,10,336
CAMP_0028,MetaFinance,"We are building MetaFinance, a user-friendly protocol for NFT collectors that leverages liquidity pooling to access decentralized finance. The project is live on Optimism and plans to expand to more networks.",False,3,No,0xf4d5adc2960ae5ac901ddccc326dbcd452bd8d3e,22.64,2026-07-16 16:15:52.051554,673.58,650.94,0.0008,17,0,11,336
CAMP_0028,MetaFinance,"We are building MetaFinance, a user-friendly protocol for NFT collectors that leverages liquidity pooling to access decentralized finance. The project is live on Optimism and plans to expand to more networks.",False,3,No,0xfbbdddb0c63de18fdd553fe7b43bbc6fb2ff3ee6,23.93,2026-07-18 10:15:52.051554,697.51,673.58,0.0008,17,0,12,336
CAMP_0028,MetaFinance,"We are building MetaFinance, a user-friendly protocol for NFT collectors that leverages liquidity pooling to access decentralized finance. The project is live on Optimism and plans to expand to more networks.",False,3,No,0xb9bb5e1ecadacc3f12ba8ae1bddd033b8c4e6ce6,11.51,2026-07-19 06:15:52.051554,709.02,697.51,0.0008,17,0,13,336
CAMP_0028,MetaFinance,"We are building MetaFinance, a user-friendly protocol for NFT collectors that leverages liquidity pooling to access decentralized finance. The project is live on Optimism and plans to expand to more networks.",False,3,No,0xbbe90ab4eabb3dcee2fafb0efd1a1be6c6d74679,13.26,2026-07-20 23:15:52.051554,722.28,709.02,0.0008,17,1,14,336
CAMP_0028,MetaFinance,"We are building MetaFinance, a user-friendly protocol for NFT collectors that leverages liquidity pooling to access decentralized finance. The project is live on Optimism and plans to expand to more networks.",False,3,No,0xbebe1da1d6f26fadbd6fb279e61d5ee97e7dfc96,48.14,2026-07-21 23:15:52.051554,770.42,722.28,0.0008,17,0,15,336
CAMP_0029,FluxFinance,FluxFinance is a decentralized platform built on Fantom that enables users to trade NFTs securely through a staking mechanism. Our smart contracts have been designed to maximum transparency.,False,1,No,0xb5a1ff2edbf8f122c1c9f556bfa6514bc33a8bf4,16.29,2026-05-30 05:15:52.051933,16.29,0.0,0.0004,33,1,1,1440
CAMP_0029,FluxFinance,FluxFinance is a decentralized platform built on Fantom that enables users to trade NFTs securely through a staking mechanism. Our smart contracts have been designed to maximum transparency.,False,1,No,0xb9ba1abf8bac071fe1e08aafe9f8dd8febe73bba,80.78,2026-05-31 14:15:52.051933,97.07,16.29,0.0004,33,1,2,1440
CAMP_0029,FluxFinance,FluxFinance is a decentralized platform built on Fantom that enables users to trade NFTs securely through a staking mechanism. Our smart contracts have been designed to maximum transparency.,False,1,No,0xdfc3836a199a155dd426e7db77bcf27e46ff6fac,12.78,2026-05-31 17:15:52.051933,109.85,97.07,0.0004,33,0,3,1440
CAMP_0029,FluxFinance,FluxFinance is a decentralized platform built on Fantom that enables users to trade NFTs securely through a staking mechanism. Our smart contracts have been designed to maximum transparency.,False,1,No,0xa7d5efea4ad445d32eeedab0adafddafe64c1bab,38.51,2026-05-31 23:15:52.051933,148.36,109.85,0.0004,33,0,4,1440
CAMP_0029,FluxFinance,FluxFinance is a decentralized platform built on Fantom that enables users to trade NFTs securely through a staking mechanism. Our smart contracts have been designed to maximum transparency.,False,1,No,0x7dcc135665e59c7cf940aeef1321dc08a153ed65,90.49,2026-06-02 20:15:52.051933,238.85,148.36,0.0004,33,0,5,1440
CAMP_0029,FluxFinance,FluxFinance is a decentralized platform built on Fantom that enables users to trade NFTs securely through a staking mechanism. Our smart contracts have been designed to maximum transparency.,False,1,No,0x2aee8ff0def4ce3a5f3d1fed95515208afda8c2a,32.79,2026-06-03 16:15:52.051933,271.64,238.85,0.0004,33,0,6,1440
CAMP_0029,FluxFinance,FluxFinance is a decentralized platform built on Fantom that enables users to trade NFTs securely through a staking mechanism. Our smart contracts have been designed to maximum transparency.,False,1,No,0xe3efdccc01ecea9ead6fabf6119a4d6facf28c7a,19.97,2026-06-09 16:15:52.051933,291.61,271.64,0.0004,33,0,7,1440
CAMP_0029,FluxFinance,FluxFinance is a decentralized platform built on Fantom that enables users to trade NFTs securely through a staking mechanism. Our smart contracts have been designed to maximum transparency.,False,1,No,0xbf6d12264fb9384dfefca3691703bfbaf9ca10a6,34.3,2026-06-16 16:15:52.051933,325.91,291.61,0.0004,33,0,8,1440
CAMP_0029,FluxFinance,FluxFinance is a decentralized platform built on Fantom that enables users to trade NFTs securely through a staking mechanism. Our smart contracts have been designed to maximum transparency.,False,1,No,0x84fdd71da34fda1b6bc9f01b02beaed3ce03eae1,8.64,2026-06-17 06:15:52.051933,334.55,325.91,0.0004,33,1,9,1440
CAMP_0029,FluxFinance,FluxFinance is a decentralized platform built on Fantom that enables users to trade NFTs securely through a staking mechanism. Our smart contracts have been designed to maximum transparency.,False,1,No,0xbf2e57e8ccf1e3ccd1a5f14e85ab9c92ae29c01d,10.29,2026-06-18 04:15:52.051933,344.84,334.55,0.0004,33,0,10,1440
CAMP_0029,FluxFinance,FluxFinance is a decentralized platform built on Fantom that enables users to trade NFTs securely through a staking mechanism. Our smart contracts have been designed to maximum transparency.,False,1,No,0xfec3a4818f5ba9ffcf36fcba1cbc3f14de52d5dd,5.6,2026-06-18 18:15:52.051933,350.44,344.84,0.0004,33,0,11,1440
CAMP_0029,FluxFinance,FluxFinance is a decentralized platform built on Fantom that enables users to trade NFTs securely through a staking mechanism. Our smart contracts have been designed to maximum transparency.,False,1,No,0x12e6fedd7c37ff8de68bbecafbe97734ea431c2a,29.03,2026-06-19 01:15:52.051933,379.47,350.44,0.0004,33,0,12,1440
CAMP_0029,FluxFinance,FluxFinance is a decentralized platform built on Fantom that enables users to trade NFTs securely through a staking mechanism. Our smart contracts have been designed to maximum transparency.,False,1,No,0xc5cb86773b2bd7acb534dae3baaa9ecdddd31966,17.16,2026-06-20 10:15:52.051933,396.63,379.47,0.0004,33,0,13,1440
CAMP_0029,FluxFinance,FluxFinance is a decentralized platform built on Fantom that enables users to trade NFTs securely through a staking mechanism. Our smart contracts have been designed to maximum transparency.,False,1,No,0xaaffa54cde8febd90a7a3ad22bb7ebb89dcf87bd,7.48,2026-06-21 04:15:52.051933,404.11,396.63,0.0004,33,1,14,1440
CAMP_0029,FluxFinance,FluxFinance is a decentralized platform built on Fantom that enables users to trade NFTs securely through a staking mechanism. Our smart contracts have been designed to maximum transparency.,False,1,No,0xcee3f533cf584e90d4d8f4ab12d47a5cbeddc7cd,16.49,2026-06-22 15:15:52.051933,420.6,404.11,0.0004,33,0,15,1440
CAMP_0029,FluxFinance,FluxFinance is a decentralized platform built on Fantom that enables users to trade NFTs securely through a staking mechanism. Our smart contracts have been designed to maximum transparency.,False,1,No,0xbe19f2a0ce8eda4f7ed1cbfee3d3ef8aefed0c2f,35.3,2026-06-27 11:15:52.051933,455.9,420.6,0.0004,33,0,16,1440
CAMP_0029,FluxFinance,FluxFinance is a decentralized platform built on Fantom that enables users to trade NFTs securely through a staking mechanism. Our smart contracts have been designed to maximum transparency.,False,1,No,0x1db617babaa9fb60eafc1a31fbd61bc626c023d3,199.87,2026-06-28 21:15:52.051933,655.77,455.9,0.0004,33,1,17,1440
CAMP_0029,FluxFinance,FluxFinance is a decentralized platform built on Fantom that enables users to trade NFTs securely through a staking mechanism. Our smart contracts have been designed to maximum transparency.,False,1,No,0x60a4e70edce31bf255f6a2306b6a2a1ce379dd2b,67.66,2026-06-28 22:15:52.051933,723.43,655.77,0.0004,33,0,18,1440
CAMP_0029,FluxFinance,FluxFinance is a decentralized platform built on Fantom that enables users to trade NFTs securely through a staking mechanism. Our smart contracts have been designed to maximum transparency.,False,1,No,0x0a031ed9baf4eb9ed03aedb7052b27ab4ae64bff,1.3,2026-06-30 01:15:52.051933,724.73,723.43,0.0004,33,0,19,1440
CAMP_0029,FluxFinance,FluxFinance is a decentralized platform built on Fantom that enables users to trade NFTs securely through a staking mechanism. Our smart contracts have been designed to maximum transparency.,False,1,No,0xdfc3836a199a155dd426e7db77bcf27e46ff6fac,26.77,2026-06-30 04:15:52.051933,751.5,724.73,0.0004,33,0,19,1440
CAMP_0029,FluxFinance,FluxFinance is a decentralized platform built on Fantom that enables users to trade NFTs securely through a staking mechanism. Our smart contracts have been designed to maximum transparency.,False,1,No,0x7a6b756cadce1dbd861c349cda6fbad3d06a3aaa,111.63,2026-07-01 00:15:52.051933,863.13,751.5,0.0004,33,0,20,1440
CAMP_0029,FluxFinance,FluxFinance is a decentralized platform built on Fantom that enables users to trade NFTs securely through a staking mechanism. Our smart contracts have been designed to maximum transparency.,False,1,No,0x66cfa3b7cba74fc5b0afb8ecfa0bcdd9baf9e3af,4.03,2026-07-01 18:15:52.051933,867.16,863.13,0.0004,33,0,21,1440
CAMP_0029,FluxFinance,FluxFinance is a decentralized platform built on Fantom that enables users to trade NFTs securely through a staking mechanism. Our smart contracts have been designed to maximum transparency.,False,1,No,0x807ace9acd44907e83a2d08c0e2a1847a8ac510b,38.93,2026-07-08 00:15:52.051933,906.09,867.16,0.0004,33,0,22,1440
CAMP_0029,FluxFinance,FluxFinance is a decentralized platform built on Fantom that enables users to trade NFTs securely through a staking mechanism. Our smart contracts have been designed to maximum transparency.,False,1,No,0x01bbdb9f1bd66b4bb8dce1fac1199d6aa2ff3ebb,15.12,2026-07-11 06:15:52.051933,921.21,906.09,0.0004,33,0,23,1440
CAMP_0029,FluxFinance,FluxFinance is a decentralized platform built on Fantom that enables users to trade NFTs securely through a staking mechanism. Our smart contracts have been designed to maximum transparency.,False,1,No,0xc9378caef5cfea3b3faebe10ceea9c5f0b8dedaa,79.87,2026-07-12 16:15:52.051933,1001.08,921.21,0.0004,33,0,24,1440
CAMP_0029,FluxFinance,FluxFinance is a decentralized platform built on Fantom that enables users to trade NFTs securely through a staking mechanism. Our smart contracts have been designed to maximum transparency.,False,1,No,0xbf2e57e8ccf1e3ccd1a5f14e85ab9c92ae29c01d,32.63,2026-07-13 13:15:52.051933,1033.71,1001.08,0.0004,33,0,24,1440
CAMP_0029,FluxFinance,FluxFinance is a decentralized platform built on Fantom that enables users to trade NFTs securely through a staking mechanism. Our smart contracts have been designed to maximum transparency.,False,1,No,0xb5a1ff2edbf8f122c1c9f556bfa6514bc33a8bf4,6.95,2026-07-14 06:15:52.051933,1040.66,1033.71,0.0004,33,0,24,1440
CAMP_0029,FluxFinance,FluxFinance is a decentralized platform built on Fantom that enables users to trade NFTs securely through a staking mechanism. Our smart contracts have been designed to maximum transparency.,False,1,No,0x7ee8b6ec8b90d4be3fb01ebd92bffbeea3a711bc,15.78,2026-07-14 06:15:52.051933,1056.44,1040.66,0.0004,33,0,25,1440
CAMP_0029,FluxFinance,FluxFinance is a decentralized platform built on Fantom that enables users to trade NFTs securely through a staking mechanism. Our smart contracts have been designed to maximum transparency.,False,1,No,0xae71b4945c7cca7f12ba2c90f4f2e3e6e58d386f,16.94,2026-07-14 14:15:52.051933,1073.38,1056.44,0.0004,33,0,26,1440
CAMP_0029,FluxFinance,FluxFinance is a decentralized platform built on Fantom that enables users to trade NFTs securely through a staking mechanism. Our smart contracts have been designed to maximum transparency.,False,1,No,0x6523fcf0c7257be5f089a5ab30cf2c8dec5b01d9,17.33,2026-07-19 08:15:52.051933,1090.71,1073.38,0.0004,33,0,27,1440
CAMP_0029,FluxFinance,FluxFinance is a decentralized platform built on Fantom that enables users to trade NFTs securely through a staking mechanism. Our smart contracts have been designed to maximum transparency.,False,1,No,0x6b3aaac22bc8c0fcf2ca6f97b9fb5bc7fd334417,76.95,2026-07-21 17:15:52.051933,1167.66,1090.71,0.0004,33,0,28,1440
CAMP_0029,FluxFinance,FluxFinance is a decentralized platform built on Fantom that enables users to trade NFTs securely through a staking mechanism. Our smart contracts have been designed to maximum transparency.,False,1,No,0xce26dfad999ede6b24ad5c55f7fabdf8ca340a05,7.31,2026-07-21 18:15:52.051933,1174.97,1167.66,0.0004,33,0,29,1440
CAMP_0029,FluxFinance,FluxFinance is a decentralized platform built on Fantom that enables users to trade NFTs securely through a staking mechanism. Our smart contracts have been designed to maximum transparency.,False,1,No,0x8bdf62e6d423ad9cabe45ad19f1c1cbc37b24c2b,66.93,2026-07-22 02:15:52.051933,1241.9,1174.97,0.0004,33,0,30,1440
CAMP_0030,ZenProtocol,"ZenProtocol aims to solve high transaction fees in the Web3 ecosystem by providing a innovative solution for content creators. Built on Optimism, we focus on maximum transparency.",False,4,No,0x2cc6a6d39e49701b5f80eceb36cf3f9015ccfb26,13.44,2026-07-08 18:15:52.052405,13.44,0.0,0.003,60,1,1,336
CAMP_0030,ZenProtocol,"ZenProtocol aims to solve high transaction fees in the Web3 ecosystem by providing a innovative solution for content creators. Built on Optimism, we focus on maximum transparency.",False,4,No,0xe33109d65ff9febdee9bedc136ac62ffeba10975,12.37,2026-07-09 06:15:52.052405,25.81,13.44,0.003,60,1,2,336
CAMP_0030,ZenProtocol,"ZenProtocol aims to solve high transaction fees in the Web3 ecosystem by providing a innovative solution for content creators. Built on Optimism, we focus on maximum transparency.",False,4,No,0x2b04dda11edc0e6fcaf8135c8d7a3ffbf19c7af8,6.38,2026-07-09 12:15:52.052405,32.19,25.81,0.003,60,0,3,336
CAMP_0030,ZenProtocol,"ZenProtocol aims to solve high transaction fees in the Web3 ecosystem by providing a innovative solution for content creators. Built on Optimism, we focus on maximum transparency.",False,4,No,0xd63adbbdeefef5980fc4f4bbdebccd3225ba4e71,33.39,2026-07-09 18:15:52.052405,65.58,32.19,0.003,60,0,4,336
CAMP_0030,ZenProtocol,"ZenProtocol aims to solve high transaction fees in the Web3 ecosystem by providing a innovative solution for content creators. Built on Optimism, we focus on maximum transparency.",False,4,No,0x3e461eded9afeeb7938aac6fbecfc254eec2f45e,238.66,2026-07-10 04:15:52.052405,304.24,65.58,0.003,60,1,5,336
CAMP_0030,ZenProtocol,"ZenProtocol aims to solve high transaction fees in the Web3 ecosystem by providing a innovative solution for content creators. Built on Optimism, we focus on maximum transparency.",False,4,No,0x5c986ea9ba8c567facea9f3487cff3f023e91410,5.58,2026-07-10 04:15:52.052405,309.82,304.24,0.003,60,1,6,336
CAMP_0030,ZenProtocol,"ZenProtocol aims to solve high transaction fees in the Web3 ecosystem by providing a innovative solution for content creators. Built on Optimism, we focus on maximum transparency.",False,4,No,0xc71e6d9f70d7f6fe1e7bee3db01b88cdee8acb8e,20.68,2026-07-10 06:15:52.052405,330.5,309.82,0.003,60,0,7,336
CAMP_0030,ZenProtocol,"ZenProtocol aims to solve high transaction fees in the Web3 ecosystem by providing a innovative solution for content creators. Built on Optimism, we focus on maximum transparency.",False,4,No,0x4dd42d7362b00bad8132defd1efb25fbab94f72d,109.36,2026-07-10 09:15:52.052405,439.86,330.5,0.003,60,1,8,336
CAMP_0030,ZenProtocol,"ZenProtocol aims to solve high transaction fees in the Web3 ecosystem by providing a innovative solution for content creators. Built on Optimism, we focus on maximum transparency.",False,4,No,0xc0cf6cce30738c5b28eafb3cfcdd6ac11a7b9dd4,18.25,2026-07-10 11:15:52.052405,458.11,439.86,0.003,60,0,9,336
CAMP_0030,ZenProtocol,"ZenProtocol aims to solve high transaction fees in the Web3 ecosystem by providing a innovative solution for content creators. Built on Optimism, we focus on maximum transparency.",False,4,No,0xaddb7b9ac6f6b4fbd7f60fdcc8ddaf609a59e462,34.57,2026-07-10 17:15:52.052405,492.68,458.11,0.003,60,0,10,336
CAMP_0030,ZenProtocol,"ZenProtocol aims to solve high transaction fees in the Web3 ecosystem by providing a innovative solution for content creators. Built on Optimism, we focus on maximum transparency.",False,4,No,0xcfcde0ec53f670dc83d0a4978fbc113de5ea96a2,5.61,2026-07-10 20:15:52.052405,498.29,492.68,0.003,60,0,11,336
CAMP_0030,ZenProtocol,"ZenProtocol aims to solve high transaction fees in the Web3 ecosystem by providing a innovative solution for content creators. Built on Optimism, we focus on maximum transparency.",False,4,No,0xd4d67efefbf727ace9ac6cbb03e4a365cf6a0b2d,33.58,2026-07-10 21:15:52.052405,531.87,498.29,0.003,60,0,12,336
CAMP_0030,ZenProtocol,"ZenProtocol aims to solve high transaction fees in the Web3 ecosystem by providing a innovative solution for content creators. Built on Optimism, we focus on maximum transparency.",False,4,No,0x66cfa3b7cba74fc5b0afb8ecfa0bcdd9baf9e3af,16.05,2026-07-11 04:15:52.052405,547.92,531.87,0.003,60,0,13,336
CAMP_0030,ZenProtocol,"ZenProtocol aims to solve high transaction fees in the Web3 ecosystem by providing a innovative solution for content creators. Built on Optimism, we focus on maximum transparency.",False,4,No,0x2360db4773f651d792ae2193ddcfd6bfebfaa2be,65.55,2026-07-11 06:15:52.052405,613.47,547.92,0.003,60,0,14,336
CAMP_0030,ZenProtocol,"ZenProtocol aims to solve high transaction fees in the Web3 ecosystem by providing a innovative solution for content creators. Built on Optimism, we focus on maximum transparency.",False,4,No,0x7dcc135665e59c7cf940aeef1321dc08a153ed65,83.5,2026-07-11 10:15:52.052405,696.97,613.47,0.003,60,0,15,336
CAMP_0030,ZenProtocol,"ZenProtocol aims to solve high transaction fees in the Web3 ecosystem by providing a innovative solution for content creators. Built on Optimism, we focus on maximum transparency.",False,4,No,0xd63adbbdeefef5980fc4f4bbdebccd3225ba4e71,449.2,2026-07-11 12:15:52.052405,1146.17,696.97,0.003,60,0,15,336
CAMP_0030,ZenProtocol,"ZenProtocol aims to solve high transaction fees in the Web3 ecosystem by providing a innovative solution for content creators. Built on Optimism, we focus on maximum transparency.",False,4,No,0xcd16ffbac1fe9e7dbe4f9e12337f7edc5dc26bb3,40.27,2026-07-11 17:15:52.052405,1186.44,1146.17,0.003,60,0,16,336
CAMP_0030,ZenProtocol,"ZenProtocol aims to solve high transaction fees in the Web3 ecosystem by providing a innovative solution for content creators. Built on Optimism, we focus on maximum transparency.",False,4,No,0xc0cf6cce30738c5b28eafb3cfcdd6ac11a7b9dd4,29.69,2026-07-11 23:15:52.052405,1216.13,1186.44,0.003,60,0,16,336
CAMP_0030,ZenProtocol,"ZenProtocol aims to solve high transaction fees in the Web3 ecosystem by providing a innovative solution for content creators. Built on Optimism, we focus on maximum transparency.",False,4,No,0xba6fe2f8b7ea4bb037aadb7d3fa67cbf6b8efcbf,25.36,2026-07-12 03:15:52.052405,1241.49,1216.13,0.003,60,0,17,336
CAMP_0030,ZenProtocol,"ZenProtocol aims to solve high transaction fees in the Web3 ecosystem by providing a innovative solution for content creators. Built on Optimism, we focus on maximum transparency.",False,4,No,0xdd4afcad7f0ef2fa5d4ecb8b75ba2face89c435e,13.15,2026-07-12 06:15:52.052405,1254.64,1241.49,0.003,60,0,18,336
CAMP_0030,ZenProtocol,"ZenProtocol aims to solve high transaction fees in the Web3 ecosystem by providing a innovative solution for content creators. Built on Optimism, we focus on maximum transparency.",False,4,No,0x0cc6ca005fcaed9af526f1accddaf2bcc317d235,30.15,2026-07-12 11:15:52.052405,1284.79,1254.64,0.003,60,0,19,336
CAMP_0030,ZenProtocol,"ZenProtocol aims to solve high transaction fees in the Web3 ecosystem by providing a innovative solution for content creators. Built on Optimism, we focus on maximum transparency.",False,4,No,0xa3e0e697ba0ae3ba2dfd74e7b72ad84aad3ea83f,14.09,2026-07-12 13:15:52.052405,1298.88,1284.79,0.003,60,0,20,336
CAMP_0030,ZenProtocol,"ZenProtocol aims to solve high transaction fees in the Web3 ecosystem by providing a innovative solution for content creators. Built on Optimism, we focus on maximum transparency.",False,4,No,0x3d3f96a9d224d5acb0d5ca91d5cdcc13e0cec6e1,24.59,2026-07-12 18:15:52.052405,1323.47,1298.88,0.003,60,0,21,336
CAMP_0030,ZenProtocol,"ZenProtocol aims to solve high transaction fees in the Web3 ecosystem by providing a innovative solution for content creators. Built on Optimism, we focus on maximum transparency.",False,4,No,0xd4a2ccebf58d1e4ad1b1ce98fc5016ef2fb4b5d3,97.62,2026-07-13 06:15:52.052405,1421.09,1323.47,0.003,60,0,22,336
CAMP_0030,ZenProtocol,"ZenProtocol aims to solve high transaction fees in the Web3 ecosystem by providing a innovative solution for content creators. Built on Optimism, we focus on maximum transparency.",False,4,No,0xf1561526d8845eed3a38fecfcb50654ed6e8ea55,6.0,2026-07-14 04:15:52.052405,1427.09,1421.09,0.003,60,0,23,336
CAMP_0030,ZenProtocol,"ZenProtocol aims to solve high transaction fees in the Web3 ecosystem by providing a innovative solution for content creators. Built on Optimism, we focus on maximum transparency.",False,4,No,0xb3e8ecb8db7daadb331e447f25bfaa43c00c3d0c,78.87,2026-07-14 09:15:52.052405,1505.96,1427.09,0.003,60,0,24,336
CAMP_0030,ZenProtocol,"ZenProtocol aims to solve high transaction fees in the Web3 ecosystem by providing a innovative solution for content creators. Built on Optimism, we focus on maximum transparency.",False,4,No,0x73c8867fd1a9fb6bf9d3c14adf1fa19e9cfa348c,97.57,2026-07-14 20:15:52.052405,1603.53,1505.96,0.003,60,0,25,336
CAMP_0030,ZenProtocol,"ZenProtocol aims to solve high transaction fees in the Web3 ecosystem by providing a innovative solution for content creators. Built on Optimism, we focus on maximum transparency.",False,4,No,0xdf42f13ca37ddbed3fc1cafdc6aa57cdd3c0f0aa,17.43,2026-07-15 06:15:52.052405,1620.96,1603.53,0.003,60,0,26,336
CAMP_0030,ZenProtocol,"ZenProtocol aims to solve high transaction fees in the Web3 ecosystem by providing a innovative solution for content creators. Built on Optimism, we focus on maximum transparency.",False,4,No,0xaaffa54cde8febd90a7a3ad22bb7ebb89dcf87bd,1.57,2026-07-15 09:15:52.052405,1622.53,1620.96,0.003,60,1,27,336
CAMP_0030,ZenProtocol,"ZenProtocol aims to solve high transaction fees in the Web3 ecosystem by providing a innovative solution for content creators. Built on Optimism, we focus on maximum transparency.",False,4,No,0x2cc6a6d39e49701b5f80eceb36cf3f9015ccfb26,9.69,2026-07-15 10:15:52.052405,1632.22,1622.53,0.003,60,0,27,336
CAMP_0030,ZenProtocol,"ZenProtocol aims to solve high transaction fees in the Web3 ecosystem by providing a innovative solution for content creators. Built on Optimism, we focus on maximum transparency.",False,4,No,0x6d2c0ec7afb59ff3dddcbe67bb98560bc7a0eea0,95.24,2026-07-15 20:15:52.052405,1727.46,1632.22,0.003,60,0,28,336
CAMP_0030,ZenProtocol,"ZenProtocol aims to solve high transaction fees in the Web3 ecosystem by providing a innovative solution for content creators. Built on Optimism, we focus on maximum transparency.",False,4,No,0x1b691c1dcdbacbd9be7a312d7fb3599b38687dbe,19.54,2026-07-16 10:15:52.052405,1747.0,1727.46,0.003,60,0,29,336
CAMP_0030,ZenProtocol,"ZenProtocol aims to solve high transaction fees in the Web3 ecosystem by providing a innovative solution for content creators. Built on Optimism, we focus on maximum transparency.",False,4,No,0x619ba2dd0b539d59e1f1bbfc8adf50b7adaa70cb,6.05,2026-07-16 15:15:52.052405,1753.05,1747.0,0.003,60,0,30,336
CAMP_0030,ZenProtocol,"ZenProtocol aims to solve high transaction fees in the Web3 ecosystem by providing a innovative solution for content creators. Built on Optimism, we focus on maximum transparency.",False,4,No,0xd6b4ee7149cdaef2a47cf6bf133ff2d4e8abf29e,10.96,2026-07-17 04:15:52.052405,1764.01,1753.05,0.003,60,0,31,336
CAMP_0030,ZenProtocol,"ZenProtocol aims to solve high transaction fees in the Web3 ecosystem by providing a innovative solution for content creators. Built on Optimism, we focus on maximum transparency.",False,4,No,0x7a6b756cadce1dbd861c349cda6fbad3d06a3aaa,55.08,2026-07-17 07:15:52.052405,1819.09,1764.01,0.003,60,0,32,336
CAMP_0030,ZenProtocol,"ZenProtocol aims to solve high transaction fees in the Web3 ecosystem by providing a innovative solution for content creators. Built on Optimism, we focus on maximum transparency.",False,4,No,0x6523fcf0c7257be5f089a5ab30cf2c8dec5b01d9,38.71,2026-07-17 08:15:52.052405,1857.8,1819.09,0.003,60,0,33,336
CAMP_0030,ZenProtocol,"ZenProtocol aims to solve high transaction fees in the Web3 ecosystem by providing a innovative solution for content creators. Built on Optimism, we focus on maximum transparency.",False,4,No,0x9d1b3c9f2bef2993cf4a5fdbf2297b8bbe88aece,15.08,2026-07-17 08:15:52.052405,1872.88,1857.8,0.003,60,0,34,336
CAMP_0030,ZenProtocol,"ZenProtocol aims to solve high transaction fees in the Web3 ecosystem by providing a innovative solution for content creators. Built on Optimism, we focus on maximum transparency.",False,4,No,0xdd4afcad7f0ef2fa5d4ecb8b75ba2face89c435e,12.93,2026-07-17 21:15:52.052405,1885.81,1872.88,0.003,60,0,34,336
CAMP_0030,ZenProtocol,"ZenProtocol aims to solve high transaction fees in the Web3 ecosystem by providing a innovative solution for content creators. Built on Optimism, we focus on maximum transparency.",False,4,No,0x807ace9acd44907e83a2d08c0e2a1847a8ac510b,12.55,2026-07-18 02:15:52.052405,1898.36,1885.81,0.003,60,0,35,336
CAMP_0030,ZenProtocol,"ZenProtocol aims to solve high transaction fees in the Web3 ecosystem by providing a innovative solution for content creators. Built on Optimism, we focus on maximum transparency.",False,4,No,0xaddb7b9ac6f6b4fbd7f60fdcc8ddaf609a59e462,6.64,2026-07-18 08:15:52.052405,1905.0,1898.36,0.003,60,0,35,336
CAMP_0030,ZenProtocol,"ZenProtocol aims to solve high transaction fees in the Web3 ecosystem by providing a innovative solution for content creators. Built on Optimism, we focus on maximum transparency.",False,4,No,0x5ef0a24e0fbf9218a26d3ba2f3b0e9fd39fc12ac,139.55,2026-07-18 13:15:52.052405,2044.55,1905.0,0.003,60,0,36,336
CAMP_0030,ZenProtocol,"ZenProtocol aims to solve high transaction fees in the Web3 ecosystem by providing a innovative solution for content creators. Built on Optimism, we focus on maximum transparency.",False,4,No,0xa3e0e697ba0ae3ba2dfd74e7b72ad84aad3ea83f,13.64,2026-07-18 18:15:52.052405,2058.19,2044.55,0.003,60,0,36,336
CAMP_0030,ZenProtocol,"ZenProtocol aims to solve high transaction fees in the Web3 ecosystem by providing a innovative solution for content creators. Built on Optimism, we focus on maximum transparency.",False,4,No,0x6b7f65cfe2fbefd2d5fcaeac599dd2b6e8e70baa,86.54,2026-07-19 00:15:52.052405,2144.73,2058.19,0.003,60,0,37,336
CAMP_0030,ZenProtocol,"ZenProtocol aims to solve high transaction fees in the Web3 ecosystem by providing a innovative solution for content creators. Built on Optimism, we focus on maximum transparency.",False,4,No,0x8f6361cddbfce6bba61dfa2adbffe2cc8faea015,124.66,2026-07-19 05:15:52.052405,2269.39,2144.73,0.003,60,0,38,336
CAMP_0030,ZenProtocol,"ZenProtocol aims to solve high transaction fees in the Web3 ecosystem by providing a innovative solution for content creators. Built on Optimism, we focus on maximum transparency.",False,4,No,0xbbe90ab4eabb3dcee2fafb0efd1a1be6c6d74679,66.55,2026-07-19 08:15:52.052405,2335.94,2269.39,0.003,60,0,39,336
CAMP_0030,ZenProtocol,"ZenProtocol aims to solve high transaction fees in the Web3 ecosystem by providing a innovative solution for content creators. Built on Optimism, we focus on maximum transparency.",False,4,No,0x1d5dc15e42ecabb4299aaef287c549965e9cc1fc,11.97,2026-07-19 09:15:52.052405,2347.91,2335.94,0.003,60,0,40,336
CAMP_0030,ZenProtocol,"ZenProtocol aims to solve high transaction fees in the Web3 ecosystem by providing a innovative solution for content creators. Built on Optimism, we focus on maximum transparency.",False,4,No,0x66cfa3b7cba74fc5b0afb8ecfa0bcdd9baf9e3af,32.61,2026-07-19 13:15:52.052405,2380.52,2347.91,0.003,60,0,40,336
CAMP_0030,ZenProtocol,"ZenProtocol aims to solve high transaction fees in the Web3 ecosystem by providing a innovative solution for content creators. Built on Optimism, we focus on maximum transparency.",False,4,No,0xe9f710f8268c1fc7cd5f8688bea48ec3fe210fa9,19.51,2026-07-19 14:15:52.052405,2400.03,2380.52,0.003,60,0,41,336
CAMP_0030,ZenProtocol,"ZenProtocol aims to solve high transaction fees in the Web3 ecosystem by providing a innovative solution for content creators. Built on Optimism, we focus on maximum transparency.",False,4,No,0xbe19f2a0ce8eda4f7ed1cbfee3d3ef8aefed0c2f,6.79,2026-07-19 14:15:52.052405,2406.82,2400.03,0.003,60,0,42,336
CAMP_0030,ZenProtocol,"ZenProtocol aims to solve high transaction fees in the Web3 ecosystem by providing a innovative solution for content creators. Built on Optimism, we focus on maximum transparency.",False,4,No,0x3a76bfab7ce1b1a4cbc2a5a9a0aabfae67d0eb5e,29.64,2026-07-19 16:15:52.052405,2436.46,2406.82,0.003,60,0,43,336
CAMP_0030,ZenProtocol,"ZenProtocol aims to solve high transaction fees in the Web3 ecosystem by providing a innovative solution for content creators. Built on Optimism, we focus on maximum transparency.",False,4,No,0x2aee8ff0def4ce3a5f3d1fed95515208afda8c2a,4.88,2026-07-19 23:15:52.052405,2441.34,2436.46,0.003,60,0,44,336
CAMP_0030,ZenProtocol,"ZenProtocol aims to solve high transaction fees in the Web3 ecosystem by providing a innovative solution for content creators. Built on Optimism, we focus on maximum transparency.",False,4,No,0xb3e8ecb8db7daadb331e447f25bfaa43c00c3d0c,83.53,2026-07-20 01:15:52.052405,2524.87,2441.34,0.003,60,0,44,336
CAMP_0030,ZenProtocol,"ZenProtocol aims to solve high transaction fees in the Web3 ecosystem by providing a innovative solution for content creators. Built on Optimism, we focus on maximum transparency.",False,4,No,0x0c0b6f0bebe2234bb5888cf4fceca28c103a9bcc,11.5,2026-07-20 05:15:52.052405,2536.37,2524.87,0.003,60,0,45,336
CAMP_0030,ZenProtocol,"ZenProtocol aims to solve high transaction fees in the Web3 ecosystem by providing a innovative solution for content creators. Built on Optimism, we focus on maximum transparency.",False,4,No,0xcd07a283cab399e596a9b6bac8efa68bfbb35edc,25.57,2026-07-20 06:15:52.052405,2561.94,2536.37,0.003,60,0,46,336
CAMP_0030,ZenProtocol,"ZenProtocol aims to solve high transaction fees in the Web3 ecosystem by providing a innovative solution for content creators. Built on Optimism, we focus on maximum transparency.",False,4,No,0xae71b4945c7cca7f12ba2c90f4f2e3e6e58d386f,28.22,2026-07-20 16:15:52.052405,2590.16,2561.94,0.003,60,0,47,336
CAMP_0030,ZenProtocol,"ZenProtocol aims to solve high transaction fees in the Web3 ecosystem by providing a innovative solution for content creators. Built on Optimism, we focus on maximum transparency.",False,4,No,0xa96f447a6cec136580e840cb5feb8bacd7e2b1c2,14.72,2026-07-20 19:15:52.052405,2604.88,2590.16,0.003,60,0,48,336
CAMP_0030,ZenProtocol,"ZenProtocol aims to solve high transaction fees in the Web3 ecosystem by providing a innovative solution for content creators. Built on Optimism, we focus on maximum transparency.",False,4,No,0xa92e7aed33873f976f78a9fdc4ae5f98ffdbf664,40.61,2026-07-21 05:15:52.052405,2645.49,2604.88,0.003,60,0,49,336
CAMP_0030,ZenProtocol,"ZenProtocol aims to solve high transaction fees in the Web3 ecosystem by providing a innovative solution for content creators. Built on Optimism, we focus on maximum transparency.",False,4,No,0xec58216ebfdbcffcaafaac021dfe56fb0c52ec1e,11.36,2026-07-21 14:15:52.052405,2656.85,2645.49,0.003,60,0,50,336
CAMP_0030,ZenProtocol,"ZenProtocol aims to solve high transaction fees in the Web3 ecosystem by providing a innovative solution for content creators. Built on Optimism, we focus on maximum transparency.",False,4,No,0xefd45c4f664f67eb62e8fcfb66f795a4bef3dc5e,57.14,2026-07-21 17:15:52.052405,2713.99,2656.85,0.003,60,0,51,336
CAMP_0030,ZenProtocol,"ZenProtocol aims to solve high transaction fees in the Web3 ecosystem by providing a innovative solution for content creators. Built on Optimism, we focus on maximum transparency.",False,4,No,0xd6b4ee7149cdaef2a47cf6bf133ff2d4e8abf29e,3.99,2026-07-22 10:15:52.052405,2717.98,2713.99,0.003,60,0,51,336
